score1,auto1,score2,auto2
10,0,11,4
54,0,53,0
18,0,112,37
43,0,18,2
76,0,18,0
40,2,39,0
96,20,50,0
22,0,36,2
14,4,21,0
42,0,40,2
28,2,31,0
27,0,43,0
42,2,41,20
69,0,51,20
41,5,152,27
69,1,31,0
66,20,2,0
29,5,42,2
14,0,77,2
58,0,61,3
21,0,27,2
35,20,64,2
75,20,52,2
80,20,89,22
52,0,31,10
66,20,85,23
90,10,41,2
82,0,80,2
75,2,35,0
72,22,43,2
35,2,56,20
45,2,64,40
27,2,71,20
43,10,48,20
106,24,21,2
33,10,45,4
42,0,62,20
107,5,68,2
83,25,73,20
58,10,45,2
103,20,69,20
31,4,102,24
94,40,143,48
41,10,103,40
80,20,45,23
45,20,143,25
64,20,134,20
67,43,55,40
193,36,92,20
93,23,116,30
92,20,123,48
134,20,67,24
54,4,77,21
103,23,18,0
87,20,145,36
55,0,159,50
48,22,94,20
142,28,113,20
22,0,58,20
86,4,149,35
84,0,12,0
131,40,194,56
133,44,98,20
92,20,71,24
90,20,118,40
124,45,92,40
114,45,92,20
235,56,32,23
84,23,77,20
145,40,102,40
135,40,73,20
145,41,123,40
173,59,118,25
131,44,94,20
55,20,88,40
96,44,101,40
166,64,73,40
134,24,61,20
97,30,152,20
94,3,135,30
88,20,124,40
106,24,140,23
91,40,54,22
75,30,165,21
97,20,84,44
89,20,131,50
126,44,128,40
128,40,200,60
76,20,111,0
110,40,86,23
80,40,187,55
76,26,85,23
84,20,42,20
131,44,106,40
39,20,71,20
113,25,8,0
136,45,62,20
71,40,28,2
0,0,14,0
22,10,44,20
19,0,54,10
88,22,4,0
105,25,25,10
7,0,14,0
15,0,38,0
30,20,80,22
72,5,59,20
60,20,150,35
26,0,25,2
27,0,26,0
101,40,32,20
42,0,54,20
33,20,24,0
46,24,137,35
11,0,152,45
36,20,0,0
68,0,96,0
26,20,20,0
35,2,39,0
53,24,76,21
20,0,154,30
34,3,16,0
27,0,25,0
44,23,101,40
48,0,95,35
160,55,68,22
3,0,20,20
22,0,15,2
66,11,13,0
61,22,56,11
92,31,44,20
44,22,58,20
15,2,15,0
38,22,19,0
32,20,67,1
9,2,57,1
60,20,27,20
32,1,40,20
10,0,137,20
62,20,34,2
39,3,13,0
65,0,121,25
27,0,130,20
63,0,72,15
123,25,36,0
87,2,4,0
106,20,54,2
56,2,110,45
142,30,16,2
63,0,112,40
38,0,119,0
40,0,76,0
61,0,24,0
67,0,97,4
67,0,45,0
74,0,43,2
43,0,55,2
66,10,85,10
64,2,69,20
94,0,37,4
61,0,32,0
105,2,101,0
108,20,57,0
49,0,77,0
128,30,50,0
39,20,140,25
31,10,151,50
45,2,88,0
215,40,59,20
157,40,59,21
186,24,26,0
36,20,82,20
136,40,3,0
100,20,82,2
90,23,78,0
106,25,37,0
45,4,44,0
2,0,92,10
115,20,32,0
86,23,46,40
132,30,32,0
124,20,103,4
107,20,40,20
48,10,187,40
107,20,97,34
94,40,92,5
138,20,47,22
68,20,127,45
27,0,88,20
62,24,122,40
92,0,48,0
165,25,59,0
173,43,63,0
199,59,100,33
54,30,97,21
101,23,106,20
110,0,82,22
162,24,27,2
86,40,201,40
119,20,122,44
42,0,125,30
23,2,85,22
27,2,73,10
202,25,72,23
72,20,28,2
108,24,3,0
124,31,39,2
87,11,107,0
114,20,158,45
105,32,45,20
88,20,81,20
44,1,49,20
76,0,161,27
104,27,93,25
123,40,11,1
105,24,78,2
102,20,114,23
32,2,95,22
48,10,198,40
118,22,69,1
135,4,66,23
106,33,80,20
50,0,94,20
33,0,106,12
97,22,96,0
61,20,176,45
90,40,93,3
26,10,92,22
76,22,87,20
107,7,121,30
45,10,51,20
67,24,133,29
130,40,91,22
45,2,108,20
107,20,106,30
129,20,121,25
42,0,120,24
65,20,49,22
121,22,84,20
83,20,10,0
58,41,101,20
70,21,150,49
130,45,63,2
166,29,117,20
158,30,74,2
174,40,118,43
56,0,125,20
132,40,36,20
62,20,59,0
59,20,30,2
73,20,85,44
34,20,63,20
44,20,100,20
108,20,32,20
57,0,91,40
49,0,18,0
72,20,35,0
59,22,144,40
101,20,61,0
59,25,113,40
29,0,24,0
70,20,89,21
107,40,37,0
82,24,49,20
23,0,39,0
50,20,55,25
97,20,52,24
129,45,32,0
55,20,155,44
47,25,71,40
12,0,124,40
116,0,37,20
60,20,92,20
119,40,63,20
86,20,91,41
39,20,156,41
16,0,4,1
4,2,82,41
33,0,21,5
33,20,15,0
15,0,9,0
78,21,29,10
37,0,6,0
71,21,41,20
12,2,13,0
88,21,12,0
53,20,52,0
27,12,28,5
25,0,73,21
8,0,12,2
78,25,36,31
21,0,81,21
16,1,20,0
38,5,36,22
9,0,15,0
45,0,46,10
52,0,78,20
15,6,34,10
1,0,94,25
4,0,55,20
45,30,24,0
30,4,113,30
88,20,4,0
29,10,25,0
14,0,72,35
59,20,8,0
0,0,106,21
11,0,53,40
13,0,15,0
30,0,63,21
5,0,105,20
35,20,96,21
45,21,22,20
41,30,54,0
26,2,11,0
79,41,89,21
37,0,14,0
36,0,82,5
58,40,44,20
29,10,80,20
105,20,38,20
23,0,89,45
23,0,35,20
88,21,53,22
71,40,54,30
59,20,22,0
62,5,63,21
26,20,32,22
35,20,21,0
36,0,87,40
100,46,45,10
131,41,46,30
49,20,7,0
4,2,112,27
41,0,96,40
60,25,58,20
35,2,70,20
133,30,44,20
68,0,42,20
34,20,54,0
45,20,49,0
19,0,108,30
65,20,51,20
35,2,106,40
35,5,95,25
99,40,8,0
65,20,30,10
51,0,27,0
2,0,79,5
87,25,49,0
55,20,52,22
89,25,15,0
55,20,84,35
58,20,37,2
47,20,27,0
42,0,58,0
13,2,79,20
19,0,30,0
41,10,72,20
28,0,72,0
81,35,46,0
60,20,191,40
49,20,45,0
69,2,131,25
69,0,90,25
43,3,45,0
89,2,94,40
69,20,173,48
142,20,34,2
115,20,59,20
72,23,100,23
136,40,105,24
80,25,124,40
48,20,103,20
62,22,60,30
59,20,130,45
133,40,50,20
71,40,47,2
124,22,61,20
111,40,51,0
105,20,79,20
167,48,13,0
96,20,35,0
133,44,67,20
12,3,192,20
95,23,94,20
0,0,121,0
129,15,16,0
112,40,72,20
50,40,121,40
50,0,43,0
86,3,34,2
147,26,86,23
33,20,123,30
81,20,104,2
74,23,50,0
82,20,52,25
67,0,51,0
69,20,106,23
129,45,68,0
56,3,97,40
57,27,159,40
91,28,95,20
131,20,108,40
139,45,171,43
121,20,58,20
129,20,75,25
72,20,86,40
52,20,156,40
77,20,24,2
118,15,9,0
6,0,71,0
68,20,21,0
49,20,78,20
46,0,12,2
53,24,20,0
37,0,73,23
6,0,65,0
53,0,115,20
64,0,64,12
125,40,16,2
26,20,24,2
93,20,51,20
35,22,128,40
36,2,10,0
126,20,61,20
39,0,33,0
47,0,112,20
19,2,12,2
50,2,61,0
45,0,113,44
20,2,63,2
72,22,90,22
131,40,29,2
25,2,115,24
96,40,75,23
39,12,40,0
36,2,0,0
69,40,25,2
68,2,46,0
27,2,64,20
37,2,40,10
50,20,26,0
52,2,115,12
24,20,74,40
58,12,55,2
106,23,56,20
43,0,30,0
86,27,94,23
92,23,89,30
29,12,27,1
81,40,51,0
25,10,41,5
26,12,62,2
87,22,43,20
19,0,45,4
8,3,56,20
28,22,66,20
81,22,82,25
34,0,96,22
32,20,127,40
92,35,94,20
28,10,16,0
75,40,89,20
89,20,76,20
58,20,59,2
3,0,83,25
112,20,104,20
58,22,107,0
79,20,86,27
53,0,52,40
23,0,128,40
24,2,61,7
111,25,62,20
107,40,52,20
108,0,30,22
87,20,107,20
117,40,37,0
112,23,77,10
68,2,28,0
61,40,101,20
79,23,88,20
31,22,97,25
61,0,22,22
69,20,159,38
32,0,64,0
0,0,0,0
70,20,11,2
2,0,33,12
28,4,8,0
53,10,7,2
5,0,5,2
28,0,2,0
9,0,22,0
4,2,14,2
12,10,20,2
14,0,36,10
74,0,53,0
105,24,18,0
50,10,57,5
150,48,68,20
0,0,110,0
48,2,141,43
86,20,132,30
38,0,101,23
32,2,111,0
54,20,121,20
13,0,119,23
44,10,39,0
124,20,89,20
67,3,73,25
83,20,162,25
85,20,57,10
78,23,32,20
116,24,132,23
87,10,48,0
110,20,44,20
86,40,65,25
52,0,109,43
16,0,126,20
87,5,83,20
102,23,58,20
39,0,124,45
119,47,164,40
103,15,61,0
92,26,82,3
148,40,90,20
47,20,38,22
69,23,157,43
112,25,109,20
170,38,68,25
44,20,82,20
67,20,112,26
129,23,58,20
134,33,97,25
102,40,79,40
109,45,140,20
92,20,138,43
70,5,32,0
94,20,189,50
115,20,51,20
156,55,76,3
117,23,91,40
82,20,68,5
113,20,95,25
155,45,177,70
170,25,58,25
95,45,142,45
77,23,119,25
115,25,99,20
139,26,87,20
101,40,112,60
220,45,65,20
98,40,85,40
120,45,92,40
150,45,89,25
32,0,150,10
35,0,146,43
111,40,144,44
64,20,153,20
154,50,144,20
109,0,91,40
145,34,101,40
119,25,100,40
76,40,136,45
92,20,207,56
83,5,57,20
54,0,104,20
198,32,124,45
154,44,110,23
84,20,212,48
94,34,145,40
127,20,149,20
160,20,184,50
111,25,165,47
73,40,103,30
120,43,161,50
145,40,101,29
113,23,134,45
182,45,75,20
120,30,168,45
92,20,106,20
106,43,143,40
120,40,175,44
169,55,180,40
107,10,58,0
229,75,54,20
130,30,132,43
131,29,124,43
141,50,159,30
99,40,155,29
104,23,173,60
157,25,100,23
164,45,86,40
112,20,167,48
0,0,21,2
21,0,18,3
19,0,21,3
22,3,27,0
35,3,17,0
44,3,0,0
0,0,74,5
64,8,10,0
20,3,41,2
21,12,24,5
61,5,33,3
58,5,35,3
110,20,20,2
77,0,77,20
60,20,105,30
67,0,78,30
135,50,42,0
81,0,27,0
98,10,109,20
61,5,82,20
77,20,36,0
28,0,98,45
61,22,56,10
110,20,92,0
64,41,139,24
107,20,91,20
95,20,78,20
69,21,2,0
73,0,124,45
0,0,21,0
122,22,146,40
97,40,91,0
72,10,112,40
108,25,57,0
35,25,153,40
77,20,123,40
132,30,42,2
87,20,95,0
10,0,54,0
25,0,119,20
112,20,0,0
15,0,65,0
55,0,50,20
66,20,107,0
42,0,38,0
83,40,80,0
10,0,10,0
33,0,48,12
11,0,20,2
7,0,90,2
52,10,39,0
43,0,36,0
107,0,17,0
61,10,17,0
43,2,10,0
6,0,48,10
114,2,19,0
34,0,36,0
71,10,20,0
39,2,50,23
35,0,52,20
149,30,63,0
36,20,68,26
65,0,65,20
58,2,83,22
41,0,31,3
56,20,46,0
103,40,37,22
66,20,71,0
9,2,53,20
108,40,25,2
80,20,59,20
7,4,102,20
55,0,65,20
90,0,0,0
15,2,154,40
176,40,61,22
103,22,77,23
30,2,34,0
116,20,6,3
37,2,63,5
88,20,125,24
74,20,193,57
124,43,38,10
82,20,150,20
98,23,116,48
76,0,62,20
43,0,72,20
116,49,83,3
145,31,112,40
29,0,8,1
108,20,125,32
44,23,56,3
56,24,45,0
92,0,110,23
52,20,128,29
104,23,59,0
154,25,38,0
28,20,13,0
46,10,38,10
173,50,3,0
10,0,149,50
161,40,70,0
130,16,23,0
29,0,204,50
88,27,66,30
136,36,41,10
174,43,28,0
77,29,131,24
33,0,15,0
62,20,121,16
117,44,176,50
66,22,95,25
117,18,74,20
25,2,113,35
88,0,40,20
105,25,57,0
51,20,24,0
104,0,48,0
32,0,56,20
27,2,11,0
173,35,37,20
49,20,77,24
18,2,109,40
63,20,79,20
35,0,52,20
171,54,53,20
26,0,13,0
53,30,74,0
63,0,22,0
29,20,15,0
53,24,46,0
27,0,20,0
30,0,77,0
56,20,52,23
70,20,23,10
55,30,75,10
48,20,67,20
127,34,58,0
76,20,51,0
83,20,51,20
74,10,69,40
86,40,81,24
86,20,172,58
89,40,36,0
63,25,160,40
106,20,174,50
108,5,28,3
145,10,42,0
78,25,76,28
139,24,113,50
117,35,197,45
114,39,75,20
52,0,89,10
107,20,54,9
77,25,156,45
203,59,88,40
101,37,103,10
76,20,148,20
48,0,100,40
88,26,134,45
233,70,109,51
239,65,98,44
75,20,34,2
104,30,45,0
121,20,128,25
110,40,55,30
119,50,107,33
57,20,144,30
137,22,107,53
8,0,194,50
63,20,77,40
143,45,115,45
133,49,212,45
32,0,36,2
64,30,119,48
124,15,98,59
103,30,179,40
150,55,80,20
253,100,93,40
79,20,77,25
42,0,103,40
30,0,105,25
75,40,93,24
7,0,77,0
31,0,159,50
62,5,123,25
61,20,119,17
85,10,38,0
83,20,93,20
67,40,66,15
55,20,43,0
60,20,138,50
78,0,67,40
98,45,88,45
152,43,61,20
67,0,78,0
22,0,140,45
167,55,131,47
116,5,108,40
92,30,224,70
54,0,111,40
88,2,37,0
78,15,87,25
107,20,63,10
149,40,117,25
10,0,51,3
38,0,64,0
61,20,22,0
93,0,46,4
97,0,22,0
103,20,77,2
43,2,35,0
83,10,76,20
0,0,41,0
109,0,63,0
77,0,69,40
118,22,43,22
33,0,74,20
78,20,56,0
27,0,83,0
55,20,37,4
52,0,52,22
51,0,81,20
23,0,74,20
168,13,42,4
74,40,53,0
47,20,119,20
56,10,144,30
102,22,22,0
62,0,56,0
110,0,44,0
65,20,56,0
19,2,53,0
19,2,117,20
75,20,73,0
46,0,33,20
116,40,41,20
44,21,63,40
55,20,78,30
60,0,72,24
153,22,35,2
59,20,27,20
136,40,69,2
133,35,24,10
65,20,74,0
92,0,45,20
34,0,24,0
133,16,73,20
47,10,20,20
70,24,40,0
133,30,95,40
62,0,46,21
42,0,37,2
61,40,65,5
127,40,45,0
41,30,50,0
11,0,120,40
19,0,45,0
62,7,89,20
129,40,124,40
57,21,13,0
78,24,54,20
30,20,158,20
27,0,81,23
41,0,20,0
46,20,52,22
52,24,7,0
29,0,24,20
83,2,27,0
19,0,26,0
34,0,16,0
91,16,45,4
72,20,43,20
20,0,15,0
54,40,91,8
16,0,21,0
29,0,30,0
21,0,64,20
51,20,88,18
42,0,55,2
65,20,29,2
25,0,51,22
91,40,52,0
86,20,64,20
32,20,45,0
22,0,84,0
157,64,86,0
6,0,89,10
28,0,97,20
91,20,57,0
86,20,34,22
96,10,85,25
135,0,95,45
34,10,104,40
85,20,56,10
95,20,47,0
150,40,50,20
50,0,95,0
82,2,57,20
25,0,59,0
30,0,102,0
31,2,70,20
116,24,52,0
0,0,66,0
28,0,71,10
7,0,180,40
76,10,67,0
76,29,52,5
29,2,150,20
57,0,20,0
95,20,19,2
26,0,10,0
124,31,49,10
117,30,26,2
68,0,23,2
178,40,54,20
41,0,37,1
115,4,24,0
125,20,42,2
56,2,113,20
112,20,16,0
12,0,98,20
80,40,124,29
66,25,0,0
53,0,143,20
100,7,59,25
60,0,57,4
67,12,66,20
176,0,14,2
101,6,100,24
111,17,22,0
86,4,140,49
50,20,84,25
31,2,63,20
73,20,52,2
62,0,19,0
51,2,82,19
14,2,87,14
47,20,73,7
177,22,24,0
191,44,29,0
104,25,60,20
110,20,65,0
49,2,91,22
28,0,80,22
84,7,34,20
142,55,210,40
28,2,102,0
26,0,61,5
29,0,120,10
45,5,112,60
73,2,93,20
70,0,77,24
86,0,93,40
155,28,44,0
75,0,23,0
61,2,47,0
101,0,111,20
110,20,63,0
125,0,125,20
108,35,104,20
139,20,49,0
121,0,117,0
119,20,84,5
106,5,28,0
156,31,51,0
70,0,70,0
95,20,176,55
56,0,74,0
107,20,85,20
83,0,107,25
108,20,124,0
96,20,101,20
60,0,52,10
192,45,7,0
101,20,186,50
104,5,86,30
117,20,94,25
50,0,24,0
35,0,32,20
2,0,94,20
36,0,0,0
60,3,44,0
82,23,48,0
17,0,32,2
10,0,49,20
48,23,125,23
44,0,54,0
89,23,54,2
114,43,75,10
59,0,24,2
25,2,84,0
44,22,80,20
52,2,64,20
105,28,105,40
51,10,67,3
82,40,178,48
139,30,236,57
315,76,172,58
129,23,101,10
223,64,260,95
170,35,251,70
161,40,165,55
171,62,168,59
154,25,203,44
31,20,213,50
164,24,186,75
224,65,105,25
272,90,146,48
263,54,74,20
254,70,101,20
129,10,119,30
168,43,291,100
133,63,245,84
162,45,166,47
190,55,199,75
255,69,163,35
175,27,205,45
189,32,269,100
216,66,159,48
235,23,201,44
81,20,177,50
199,75,138,43
255,74,100,45
230,80,236,79
212,64,95,25
114,20,175,45
144,40,168,20
156,38,266,95
309,99,54,4
244,82,236,90
197,75,178,40
203,70,91,28
168,75,258,63
162,40,156,0
210,55,170,40
231,50,101,20
156,30,76,20
293,77,152,25
275,81,177,62
125,24,255,86
240,65,170,40
172,51,218,45
207,79,174,45
143,50,230,27
239,55,162,40
191,44,180,40
169,24,136,5
191,40,222,62
166,56,242,69
119,50,196,30
97,45,255,85
178,44,131,23
210,55,142,20
150,48,197,30
92,5,170,43
138,27,162,30
201,60,221,52
131,45,175,45
150,44,78,48
154,29,279,62
198,50,197,59
254,75,208,50
239,85,172,45
247,56,160,24
199,62,192,71
207,60,194,64
85,15,177,30
186,44,134,51
181,50,156,45
112,20,231,80
136,34,108,4
199,54,107,20
255,60,157,40
185,45,241,89
227,68,166,45
261,68,195,40
82,40,178,48
139,30,236,57
315,76,172,58
129,23,101,10
223,64,260,95
170,35,251,70
161,40,165,55
171,62,168,59
154,25,203,44
31,20,213,50
164,24,186,75
224,65,105,25
272,90,146,48
263,54,74,20
254,70,101,20
129,10,119,30
168,43,291,100
133,63,245,84
162,45,166,47
190,55,199,75
255,69,163,35
175,27,205,45
189,32,269,100
216,66,159,48
235,23,201,44
81,20,177,50
199,75,138,43
255,74,100,45
230,80,236,79
212,64,95,25
114,20,175,45
144,40,168,20
156,38,266,95
309,99,54,4
244,82,236,90
197,75,178,40
203,70,91,28
168,75,258,63
162,40,156,0
210,55,170,40
231,50,101,20
156,30,76,20
293,77,152,25
275,81,177,62
125,24,255,86
240,65,170,40
172,51,218,45
207,79,174,45
143,50,230,27
239,55,162,40
191,44,180,40
169,24,136,5
191,40,222,62
166,56,242,69
119,50,196,30
97,45,255,85
178,44,131,23
210,55,142,20
150,48,197,30
92,5,170,43
138,27,162,30
201,60,221,52
131,45,175,45
150,44,78,48
154,29,279,62
198,50,197,59
254,75,208,50
239,85,172,45
247,56,160,24
199,62,192,71
207,60,194,64
85,15,177,30
186,44,134,51
181,50,156,45
112,20,231,80
136,34,108,4
199,54,107,20
255,60,157,40
185,45,241,89
227,68,166,45
261,68,195,40
116,35,238,65
78,24,155,60
149,28,251,54
196,74,227,70
129,29,128,17
203,47,199,59
185,47,247,80
144,56,269,65
94,20,143,52
110,28,138,5
256,69,232,69
83,24,116,30
134,49,155,47
136,44,198,54
154,35,181,75
242,48,177,47
103,30,156,25
186,63,257,79
241,75,239,89
149,20,132,19
145,62,226,68
135,24,163,40
258,88,218,64
153,35,132,50
248,79,114,35
173,50,172,22
109,44,212,50
252,84,186,52
117,29,217,27
146,43,209,43
172,49,176,69
211,45,181,60
175,65,210,55
147,35,266,71
253,90,183,47
256,74,158,24
258,73,135,47
201,80,178,40
227,65,142,50
219,55,42,0
178,48,131,26
241,71,147,24
163,45,214,65
90,20,105,45
212,43,142,20
208,65,245,75
167,65,169,24
117,50,194,47
174,37,228,74
253,85,254,76
168,40,239,52
63,20,174,0
213,60,129,48
238,71,142,33
74,15,294,47
142,15,125,40
133,35,134,32
126,38,172,25
226,70,203,74
198,55,86,0
108,24,262,85
258,59,64,21
212,65,250,84
161,27,272,68
148,25,207,76
171,44,176,40
128,24,192,6
192,35,116,29
231,69,135,20
100,12,148,33
105,12,255,60
202,52,143,20
170,46,237,60
106,44,229,65
245,75,143,40
48,24,151,53
214,44,275,78
170,49,112,20
150,34,164,50
312,79,147,35
200,55,148,9
190,50,220,64
258,82,189,63
232,65,163,61
220,70,100,0
199,57,228,75
140,52,242,51
262,95,141,40
83,5,110,4
213,44,197,59
189,48,132,38
232,50,91,40
134,5,160,56
110,44,252,70
155,35,138,25
143,37,174,23
192,60,200,48
208,58,164,50
116,62,283,57
254,88,138,40
201,58,126,20
101,20,201,60
193,50,89,20
200,40,197,48
266,65,94,20
101,9,120,10
202,64,275,70
250,80,121,25
180,45,131,56
219,50,135,20
268,65,133,20
143,20,206,35
81,20,133,20
164,46,164,52
153,60,192,20
165,25,158,23
195,74,155,44
205,75,243,76
201,50,263,74
210,40,276,91
134,40,170,60
112,26,180,38
69,40,203,45
238,56,194,28
105,33,108,24
146,20,229,70
126,20,201,37
176,0,205,50
198,55,221,65
215,44,241,86
152,53,164,45
191,65,177,55
112,20,153,45
213,64,216,70
144,20,221,70
229,48,155,50
179,62,158,40
124,20,220,5
191,25,196,45
210,74,260,75
118,44,251,80
208,45,137,45
261,90,92,5
264,90,119,32
98,27,198,50
202,50,241,44
204,85,164,44
139,32,243,95
135,25,244,70
197,58,180,55
217,44,209,70
233,84,158,25
185,53,213,64
316,100,160,25
125,24,191,28
145,20,196,70
141,64,279,50
216,65,111,24
206,57,224,45
233,64,207,50
136,48,204,53
294,90,265,70
216,64,199,37
174,28,216,60
284,95,65,30
105,20,280,85
178,65,211,57
147,31,209,65
134,20,142,24
147,35,188,47
121,48,222,37
127,15,151,20
223,74,257,86
215,50,220,34
246,70,181,44
251,61,145,4
194,65,229,76
237,73,159,50
252,80,130,26
130,44,162,45
189,49,172,10
208,9,210,49
184,48,285,90
126,4,149,44
131,45,240,80
115,40,215,75
143,47,151,52
234,100,256,90
189,45,159,57
196,60,209,75
205,45,138,52
166,69,238,69
172,65,156,40
246,69,50,40
213,50,207,70
131,25,130,40
197,70,152,60
167,58,168,36
166,63,185,67
136,20,236,80
237,65,136,20
178,36,123,40
203,66,114,25
142,49,173,45
223,44,83,45
203,44,207,53
260,65,252,95
216,60,97,45
201,48,125,32
155,49,165,55
197,53,236,74
142,58,222,75
118,40,182,65
175,65,192,40
181,24,121,58
138,44,149,25
179,47,70,45
202,60,119,44
196,65,258,52
163,44,257,75
192,55,227,89
269,85,109,52
185,55,142,34
95,20,160,54
138,20,126,27
79,24,176,52
186,60,198,50
260,100,119,59
293,85,190,65
309,100,187,32
135,25,200,64
239,80,122,25
221,59,161,50
60,10,256,62
143,55,176,40
127,52,137,40
177,65,184,64
203,70,149,20
135,40,219,77
269,99,240,85
77,20,226,65
231,69,117,40
224,75,155,65
278,90,160,28
163,52,141,31
245,65,38,0
144,30,154,25
114,45,245,94
150,34,162,59
237,70,218,77
192,35,113,40
194,65,121,20
263,75,212,73
233,80,198,60
132,20,220,65
200,68,190,50
205,50,95,24
285,95,187,49
267,95,202,70
227,76,110,52
189,56,207,49
197,39,149,52
226,74,160,56
137,30,399,48
170,56,162,30
226,55,109,24
248,85,252,90
202,70,172,44
123,0,134,25
199,74,162,45
172,36,306,90
158,45,77,20
283,95,179,60
147,54,229,75
203,70,137,36
161,65,308,84
206,75,244,48
212,53,174,59
191,67,143,48
157,20,150,19
132,30,202,60
150,45,229,65
278,85,162,64
262,70,206,76
167,40,195,55
241,72,149,35
130,48,236,74
237,69,170,23
247,80,214,65
123,36,248,90
174,69,202,50
210,70,233,74
96,40,228,85
169,49,229,90
234,62,173,71
132,39,247,66
223,60,209,50
157,25,121,24
216,67,239,86
143,35,201,50
184,65,158,62
227,70,218,60
157,44,181,39
241,50,135,47
166,22,219,78
216,60,146,25
201,82,215,52
216,72,239,69
255,79,178,65
74,28,164,20
257,90,139,40
135,20,219,60
77,24,264,72
172,55,251,70
126,33,135,55
160,30,264,25
203,71,276,70
85,20,280,90
136,40,135,26
164,10,139,28
230,48,174,50
92,0,188,25
226,64,215,63
100,12,153,30
183,52,88,20
181,4,212,55
220,49,136,58
184,25,273,81
85,20,173,46
188,45,265,85
171,49,235,48
93,40,240,72
84,4,155,36
137,25,276,65
132,3,266,36
145,61,235,69
166,56,230,45
196,9,272,82
111,23,215,55
280,66,210,80
65,9,254,45
267,64,185,56
63,20,215,50
102,3,219,45
186,45,149,60
169,32,166,20
169,41,196,34
237,24,205,45
174,50,192,54
209,50,203,36
273,68,105,25
190,35,172,30
95,30,260,54
129,47,217,65
186,40,141,52
173,44,217,60
120,0,180,46
271,62,213,62
156,70,274,85
195,41,68,10
209,68,221,76
177,40,122,25
141,36,169,31
142,44,217,44
240,74,167,29
270,60,178,45
188,57,267,100
248,32,88,24
230,60,214,56
179,40,120,15
160,33,177,44
155,40,198,25
110,0,244,84
128,20,120,30
82,43,193,29
228,50,189,50
85,0,251,38
246,44,226,35
229,78,121,43
215,65,238,72
184,65,252,69
160,50,261,53
202,40,234,72
232,56,114,25
214,50,154,60
203,56,109,25
153,45,213,59
282,62,140,36
201,36,158,4
273,80,219,70
271,70,178,45
239,35,145,25
171,40,179,24
184,40,159,52
122,29,296,99
123,45,366,45
155,20,229,74
96,40,232,61
146,24,100,45
233,65,193,56
102,40,338,86
211,79,262,65
147,55,340,72
289,55,149,40
252,75,115,30
104,25,110,0
174,44,239,76
210,69,230,72
278,85,139,40
227,47,76,40
196,50,202,49
216,44,103,0
121,26,90,43
231,45,179,60
193,40,139,33
172,36,229,48
244,50,202,72
169,20,205,62
240,70,170,5
221,70,186,70
186,45,233,62
136,30,151,40
130,40,175,10
118,46,173,32
252,68,176,59
193,64,242,70
131,26,182,44
250,74,134,20
234,69,176,65
137,40,34,20
266,94,182,45
87,5,129,45
130,0,237,65
179,28,264,80
136,20,204,58
190,44,72,0
180,52,277,90
199,44,143,49
241,94,236,45
193,60,147,32
223,75,123,50
298,78,170,44
177,52,232,64
257,65,82,25
118,25,197,58
189,45,218,45
57,20,233,28
89,20,40,20
35,22,52,20
35,10,64,40
44,22,30,20
81,22,55,20
98,40,72,22
54,20,72,20
51,22,74,20
20,0,20,2
33,20,30,0
18,2,11,2
30,10,31,2
16,0,19,0
21,0,36,2
34,0,0,0
11,0,14,0
37,2,2,0
36,0,13,0
37,2,26,20
38,0,26,0
47,2,60,10
13,2,22,2
37,3,39,0
5,0,32,0
45,20,24,0
9,0,51,30
32,2,58,0
30,0,35,0
12,0,0,0
5,0,18,2
69,30,25,2
38,3,40,0
51,2,10,0
28,2,28,2
33,2,4,2
22,2,13,3
47,20,56,20
72,12,34,0
2,0,4,1
43,10,0,0
36,20,17,2
17,0,23,2
1,0,37,2
34,0,32,0
0,0,36,2
10,0,30,2
6,0,22,0
23,0,8,0
81,20,43,2
27,0,10,2
30,2,28,2
16,0,40,20
40,0,53,0
35,0,4,0
34,0,7,2
20,0,18,0
17,2,50,0
31,2,47,20
50,2,25,0
6,0,8,3
35,0,52,40
15,0,17,0
28,0,91,20
42,0,14,0
28,0,79,20
33,0,8,0
39,22,10,2
29,0,37,2
224,70,74,23
106,10,56,9
190,12,99,45
100,39,74,24
19,0,63,25
178,49,100,22
113,49,150,30
47,20,46,20
107,20,153,36
81,20,0,0
75,0,256,70
155,40,171,45
147,40,103,25
189,54,79,0
170,50,124,24
90,45,135,24
106,25,148,32
35,0,162,25
114,20,71,3
175,29,103,45
53,20,108,10
105,20,88,0
105,40,136,29
164,38,2,0
185,50,135,50
107,24,67,29
107,24,210,52
143,25,49,5
58,0,130,29
120,40,75,29
139,29,45,20
68,24,169,55
106,3,137,5
115,20,127,40
115,20,156,45
44,0,27,0
61,20,148,20
103,20,185,35
103,0,59,0
51,20,110,0
107,20,223,50
44,3,149,28
60,8,108,39
61,0,20,10
42,20,142,20
208,53,143,43
132,20,133,29
112,5,59,0
30,20,45,20
42,20,260,73
141,20,51,15
92,9,139,5
178,40,61,2
87,5,42,0
74,26,90,23
95,20,96,20
181,35,115,20
98,0,73,22
91,20,137,34
30,4,145,0
186,20,53,25
58,0,131,20
61,0,24,2
60,24,82,20
78,25,143,25
144,35,188,50
127,8,53,0
77,0,95,20
149,20,72,20
137,30,228,20
81,25,138,38
135,45,58,27
13,0,174,32
56,0,40,0
284,56,54,0
73,20,32,0
58,0,40,2
23,0,52,0
81,0,20,0
126,12,97,36
106,20,32,3
33,0,41,5
100,0,89,20
37,0,38,0
55,0,90,20
138,40,111,20
13,0,50,0
36,0,63,0
77,0,35,0
82,0,135,30
97,3,58,0
73,23,18,0
26,0,94,20
96,20,146,34
122,33,111,20
48,10,71,30
48,20,70,20
44,3,82,35
57,10,187,50
70,0,43,20
188,62,99,20
70,0,87,40
47,0,60,2
40,10,184,40
54,0,56,3
144,0,33,0
16,0,151,20
58,0,218,30
242,48,0,0
41,0,77,0
74,0,132,40
96,2,40,0
157,40,177,25
87,0,51,0
21,0,87,25
68,20,184,56
51,3,53,0
88,20,208,45
223,45,65,25
47,0,52,0
30,3,78,28
177,25,56,25
59,2,99,25
71,0,51,0
219,35,32,10
130,22,97,0
40,0,61,0
160,25,82,20
183,57,60,0
44,2,71,30
162,20,53,2
22,0,0,0
120,20,38,0
112,40,53,2
21,0,81,3
62,0,13,2
177,50,50,2
45,0,111,30
106,20,151,28
191,45,49,22
92,20,26,0
28,0,44,0
39,0,168,20
116,40,40,20
102,20,30,0
141,25,69,20
30,0,153,10
81,20,89,15
23,5,104,0
28,0,49,0
138,44,113,0
62,0,110,0
112,20,59,5
187,25,62,20
54,0,73,20
166,24,75,0
87,10,84,20
2,0,52,0
55,0,167,44
41,0,20,0
78,0,155,24
196,45,17,10
71,0,69,25
38,0,128,2
65,0,31,3
125,20,79,0
67,20,147,30
111,25,11,0
71,20,62,20
60,20,136,22
154,20,129,40
196,20,80,20
75,2,13,0
37,0,133,24
97,20,63,0
144,20,29,0
101,30,87,20
146,20,66,20
97,0,90,0
67,40,157,25
103,24,32,20
68,2,90,20
42,3,59,0
93,20,101,10
0,0,57,0
39,0,25,0
69,24,13,0
56,2,66,0
93,25,3,0
11,0,16,0
82,0,56,0
66,0,50,0
1,0,15,0
74,0,12,0
17,0,70,2
75,40,54,20
78,20,107,10
9,0,111,40
11,2,57,20
56,10,67,2
20,2,77,45
49,20,33,20
40,0,44,0
85,20,85,3
27,0,53,7
88,10,10,0
13,2,42,0
40,0,99,20
39,3,56,0
107,25,32,0
31,3,10,3
48,0,79,22
86,25,72,20
34,3,13,0
111,22,94,25
31,0,9,0
39,0,46,0
23,0,127,20
104,30,85,20
72,2,55,20
160,40,27,0
53,0,25,0
46,5,80,0
173,20,138,25
207,4,40,0
68,20,35,0
112,50,96,2
96,25,60,0
108,20,38,10
48,4,114,25
87,20,141,25
30,0,205,20
20,2,21,0
51,0,169,40
132,20,110,25
69,20,111,20
55,30,62,10
13,0,114,20
32,0,88,0
40,0,16,0
34,3,53,20
37,0,80,0
70,0,23,0
74,0,86,0
73,0,54,2
36,20,49,2
53,0,61,0
26,0,12,0
189,50,12,0
180,50,96,4
21,0,52,0
113,20,88,24
38,20,22,0
96,25,28,20
68,0,100,20
56,4,172,53
127,20,73,35
48,20,32,0
22,0,85,0
60,0,102,8
122,2,72,20
105,20,47,20
26,0,156,40
43,0,37,0
154,50,126,24
81,0,83,20
43,0,164,25
29,0,192,35
181,53,48,0
32,2,84,0
139,40,68,20
79,0,41,20
92,20,153,25
164,50,120,32
72,0,95,22
42,0,124,20
145,25,59,4
98,20,145,20
92,20,55,20
182,25,63,10
53,0,74,0
74,0,166,0
92,20,224,65
144,30,52,20
76,0,126,20
51,20,96,25
109,7,57,0
100,0,96,23
80,0,138,20
83,20,171,63
90,0,94,0
141,20,6,0
108,10,164,40
30,0,73,0
38,0,260,30
71,3,46,0
114,20,120,23
53,0,101,15
89,20,102,10
101,0,85,2
115,40,112,25
75,23,22,20
45,20,10,10
53,10,13,10
23,10,41,0
67,10,79,40
25,0,37,20
34,30,32,10
83,40,114,23
35,20,50,20
44,10,75,20
11,0,37,20
27,0,45,20
122,43,60,40
13,0,56,20
44,20,36,20
11,0,104,40
44,40,59,40
54,20,62,0
34,20,33,0
96,40,121,43
75,40,51,20
69,20,111,30
90,0,46,20
84,20,92,40
133,20,125,20
143,40,80,30
77,20,124,35
145,43,96,30
41,0,32,30
86,20,98,40
98,40,164,35
48,40,96,30
25,0,98,20
67,0,146,43
70,10,133,40
113,40,119,30
72,33,139,40
45,30,102,40
122,45,123,40
83,40,121,34
85,20,94,40
66,20,62,0
88,40,89,30
79,23,164,44
93,40,89,40
104,40,90,30
57,0,18,10
110,0,108,40
49,0,30,2
63,21,60,0
70,0,79,0
60,20,117,0
21,20,40,0
95,20,57,0
8,0,27,2
100,40,77,20
55,0,37,0
54,0,58,0
51,0,100,0
101,20,25,0
56,1,29,0
81,0,106,40
84,0,48,0
95,40,131,20
22,0,63,40
120,10,74,10
69,0,42,0
59,20,113,40
113,20,84,0
27,0,35,12
105,40,40,34
46,38,64,20
97,20,63,10
23,20,24,20
110,40,60,0
37,20,30,10
45,20,54,20
92,15,142,26
35,0,67,0
51,10,91,40
39,0,69,0
117,44,82,0
78,20,98,44
85,1,6,0
176,40,68,23
145,45,43,0
61,0,0,0
67,0,83,0
118,44,82,20
114,20,35,0
128,44,69,15
79,24,65,1
67,0,118,35
48,0,160,29
110,20,14,1
53,0,67,0
85,4,75,20
97,24,104,0
126,40,100,24
154,40,194,60
110,6,73,20
79,20,51,1
93,20,57,20
43,20,110,20
55,20,32,2
79,0,105,30
186,30,52,20
162,20,32,0
58,0,31,2
206,28,88,44
41,0,39,0
53,0,98,27
111,0,84,21
178,40,59,20
34,20,97,20
86,40,120,15
173,31,41,20
32,0,142,20
34,0,101,0
62,20,167,40
50,22,194,45
34,3,74,0
56,5,302,60
66,0,66,20
11,0,69,0
65,0,18,1
87,0,65,20
92,15,26,5
30,0,48,21
26,0,64,2
73,0,45,0
120,0,31,0
61,0,65,1
125,0,20,0
58,0,48,0
90,20,50,0
91,0,34,0
28,0,55,0
49,20,83,0
61,12,75,0
133,21,43,0
81,40,50,0
28,0,39,0
55,2,52,0
20,0,73,23
52,0,41,20
29,20,80,20
121,45,48,0
78,20,68,5
83,20,43,0
8,0,95,0
133,21,142,29
4,2,117,30
64,40,142,20
125,30,50,20
86,40,7,1
80,20,84,42
60,3,155,55
56,21,149,40
131,20,61,20
35,1,152,20
18,2,72,24
52,20,2,0
73,0,24,0
35,0,31,0
25,0,8,0
65,10,12,0
37,0,2,0
21,0,11,1
7,0,65,0
28,0,46,0
40,0,19,0
25,0,185,24
61,20,41,0
48,0,91,20
52,20,8,2
12,0,24,0
89,0,34,0
99,20,42,20
18,0,55,10
67,40,16,0
53,0,22,10
19,0,123,27
61,0,20,0
98,10,44,0
98,20,37,20
22,0,23,0
54,20,46,0
15,0,15,0
37,0,30,0
94,10,36,20
29,0,31,0
25,0,65,20
128,27,17,0
12,0,60,0
104,40,39,2
30,0,28,0
186,20,128,40
116,0,60,0
114,44,160,40
40,2,129,20
124,0,59,25
91,20,135,40
74,0,92,45
22,0,186,20
84,0,123,5
85,25,94,2
138,20,86,5
129,45,129,40
97,40,82,0
118,45,103,20
71,25,122,20
146,20,80,24
44,0,51,0
186,62,185,55
133,40,64,10
156,43,122,45
132,25,96,25
144,20,88,25
191,47,103,40
89,0,107,5
64,0,160,40
83,17,122,20
185,45,108,25
32,0,93,20
172,50,117,44
40,20,202,40
129,40,91,25
115,25,81,20
50,0,70,2
135,0,105,20
107,0,171,40
31,0,131,25
12,2,19,0
52,25,20,0
13,0,39,0
80,10,35,0
26,0,56,20
133,25,15,0
39,0,76,0
12,0,34,2
38,0,6,0
10,0,15,0
67,21,17,2
9,2,36,0
38,0,48,20
131,0,26,0
106,30,15,2
62,10,13,3
79,20,22,3
40,0,39,2
44,20,32,10
16,0,39,3
89,0,55,7
35,2,71,10
85,20,66,24
69,0,10,0
37,0,49,0
5,0,0,0
36,4,90,22
38,0,39,0
69,20,21,0
93,20,29,0
156,45,18,2
25,0,48,0
17,0,26,4
62,20,115,40
57,22,83,20
40,0,1,0
30,0,77,20
91,0,40,20
61,20,30,0
13,0,42,2
98,20,45,0
87,25,71,20
33,0,6,0
54,2,108,45
134,20,75,23
45,0,76,5
54,0,76,0
32,3,78,20
28,0,97,40
8,0,46,2
37,0,79,24
48,0,50,20
35,0,68,25
44,20,28,0
131,20,88,0
127,45,46,2
44,0,55,20
71,20,93,24
11,0,126,20
70,20,121,30
51,23,42,0
23,0,109,25
72,0,40,0
138,5,49,20
136,45,25,0
39,5,46,0
105,5,25,0
24,0,36,0
88,0,56,0
37,20,29,2
52,20,95,20
88,0,56,20
45,0,29,0
4,0,96,20
64,0,109,5
130,40,26,0
88,0,26,0
45,20,86,0
69,5,64,0
136,20,75,10
14,0,68,20
73,20,53,0
45,0,139,30
56,0,128,23
105,20,24,0
95,20,79,0
61,20,89,20
74,20,63,20
49,3,115,20
134,20,90,43
67,40,114,25
76,20,68,20
75,40,85,20
25,0,176,40
82,0,41,20
126,25,44,20
90,25,112,20
85,0,80,20
117,30,104,40
14,0,80,0
151,40,55,20
95,20,38,0
41,0,125,20
8,0,88,20
128,20,20,2
31,0,107,0
37,20,128,40
18,0,102,20
58,0,10,0
51,0,141,21
6,2,144,20
116,20,38,2
59,20,87,0
100,26,75,20
17,3,61,13
38,20,32,0
115,40,98,21
78,20,65,0
86,20,50,0
40,20,106,29
45,2,63,0
159,40,37,0
88,20,120,40
78,0,41,22
44,20,41,0
91,20,118,40
69,0,86,24
95,21,55,1
97,22,60,0
20,0,35,0
43,0,30,0
34,0,115,20
52,10,53,20
19,0,105,40
5,0,65,20
54,0,138,35
30,0,10,0
119,22,41,0
26,0,51,0
127,10,27,0
177,55,33,20
81,23,67,20
29,0,32,0
132,50,77,10
17,0,70,20
25,0,87,21
104,25,67,20
108,30,30,0
95,20,109,20
90,20,34,20
59,20,87,10
107,20,38,0
22,0,22,0
41,22,51,20
31,12,128,55
52,2,60,0
17,2,33,0
56,0,23,2
80,25,36,0
65,22,46,20
38,4,50,20
43,0,45,0
106,32,41,3
46,0,22,0
18,2,45,0
51,20,68,30
36,2,24,0
95,40,157,50
51,20,34,10
50,20,48,25
71,20,88,20
69,20,56,4
19,0,52,0
56,20,76,20
68,25,52,2
45,2,86,2
85,20,70,5
59,20,14,2
184,40,18,0
56,20,153,54
8,0,42,0
40,25,104,25
84,20,96,22
50,23,39,12
93,20,28,2
139,40,64,20
65,20,45,0
67,23,27,0
39,0,49,0
67,37,60,20
75,2,75,9
75,35,30,13
143,32,36,4
37,0,69,20
37,3,56,0
82,23,13,0
73,40,31,0
100,32,97,22
60,1,77,34
40,0,177,40
106,25,99,20
108,32,90,22
34,0,46,15
17,0,111,20
32,2,129,5
114,30,76,0
100,22,85,14
33,0,16,2
76,26,62,22
94,25,97,25
38,0,120,22
97,40,98,0
151,45,34,2
12,2,40,5
30,0,53,4
81,0,53,26
72,20,120,20
20,2,48,20
19,2,47,2
9,2,71,22
32,2,72,0
28,3,28,3
16,2,123,25
56,2,79,7
18,5,42,20
59,2,40,0
58,3,51,4
66,20,73,22
120,44,32,2
55,2,36,2
76,23,34,2
22,20,57,40
15,0,26,0
60,20,22,10
30,0,21,0
33,20,15,0
38,20,23,20
33,30,11,0
22,0,12,0
26,0,104,40
19,10,20,0
47,20,55,20
21,0,24,0
65,40,49,20
70,30,26,0
37,20,71,40
94,5,61,25
196,45,63,35
179,30,59,20
125,40,76,20
86,8,90,30
61,40,103,44
135,25,169,31
13,0,112,24
10,0,196,45
12,0,81,20
73,30,156,35
73,4,112,40
220,57,62,40
186,55,211,61
68,20,198,53
89,30,107,26
52,20,32,20
163,40,70,20
144,36,119,48
74,44,258,60
95,45,189,48
132,25,104,0
27,0,37,20
56,20,126,25
158,35,147,24
200,50,92,22
42,20,172,25
50,25,147,43
143,43,130,40
168,65,141,30
97,40,104,35
89,25,144,34
65,23,205,49
198,60,55,20
83,20,226,62
85,7,290,90
58,24,242,64
104,20,41,0
76,6,156,44
219,69,148,49
128,20,58,20
137,55,139,37
103,24,80,20
23,0,110,3
129,40,78,4
112,31,216,57
195,49,50,20
92,20,216,50
101,28,208,47
147,24,36,0
178,44,78,40
126,40,179,50
126,20,42,25
186,70,144,20
118,40,211,59
51,20,159,50
121,45,176,44
116,28,169,24
112,6,165,30
152,40,154,49
110,45,169,45
70,20,109,20
93,23,55,20
139,39,163,24
205,56,127,30
64,5,98,4
114,24,72,24
206,62,75,20
192,54,78,20
60,20,185,65
77,23,233,75
88,20,136,50
141,40,121,40
81,0,209,50
96,50,208,73
175,30,81,20
69,40,267,65
184,25,178,49
92,14,107,40
193,60,137,50
148,41,171,44
75,8,186,51
181,55,207,50
79,28,100,20
150,44,32,0
201,70,82,45
86,0,163,49
120,24,189,35
222,56,90,40
124,20,245,77
227,74,41,0
30,0,56,0
154,5,182,45
63,20,86,45
55,0,125,60
95,50,164,15
200,44,67,23
168,55,172,49
191,69,170,55
112,45,115,25
181,34,45,0
120,43,72,20
79,20,164,46
224,54,69,22
108,20,40,0
217,44,83,20
178,30,101,40
91,40,149,32
62,23,259,73
147,30,93,44
134,23,154,55
120,56,132,30
243,65,112,40
249,75,100,30
197,70,98,4
185,54,102,40
192,64,111,53
112,30,144,47
128,23,205,75
81,20,135,55
204,52,127,44
67,22,126,25
18,0,190,40
107,24,90,40
124,40,85,25
105,20,75,55
129,24,162,40
183,25,122,34
115,27,158,24
109,25,113,20
106,25,97,27
117,30,90,0
160,60,49,0
109,25,108,0
134,45,126,24
88,20,57,0
71,0,143,40
89,20,126,40
50,20,236,39
148,20,175,65
153,35,79,25
102,0,218,60
164,50,76,0
126,43,182,44
210,35,13,0
34,0,144,24
240,75,64,5
83,5,108,20
129,20,57,25
145,45,111,40
85,20,135,20
142,25,57,25
146,14,65,22
101,24,47,3
46,24,78,10
70,40,137,3
118,40,136,25
93,25,140,40
100,10,103,32
157,42,163,30
31,0,59,40
89,20,188,52
187,65,124,25
162,28,131,40
167,50,117,10
145,46,99,4
78,20,142,45
68,24,147,21
144,35,115,44
20,0,176,40
85,44,60,10
106,40,240,40
106,20,65,20
176,40,48,0
94,40,138,20
99,44,195,50
167,20,130,45
160,44,73,10
87,45,110,20
173,20,125,20
44,23,108,40
201,52,102,30
93,20,161,27
168,40,131,40
98,20,172,24
129,50,84,30
159,45,107,24
143,35,93,40
97,40,192,40
96,25,136,29
157,25,227,25
137,25,43,0
196,35,85,23
39,0,141,20
142,45,101,38
155,45,143,28
104,20,157,40
114,37,116,25
202,40,134,30
161,45,124,24
35,0,155,20
187,28,109,5
255,65,121,25
91,24,114,22
162,30,39,5
178,30,92,40
207,50,51,0
49,20,166,35
109,40,127,0
118,24,37,0
156,20,76,40
204,45,98,26
141,60,81,40
174,20,99,40
66,20,186,35
143,44,141,28
151,40,193,60
83,40,96,25
122,40,174,54
176,50,117,20
116,30,134,40
169,45,183,55
10,2,99,20
217,55,115,44
172,40,145,40
167,40,101,14
95,7,147,20
78,25,79,23
169,65,127,20
96,0,105,0
98,5,192,60
132,35,26,0
129,20,156,25
221,53,89,20
90,30,160,48
180,43,111,15
143,35,100,10
60,20,111,40
67,20,128,40
104,40,118,20
158,40,174,50
85,20,80,20
156,25,126,23
106,20,100,40
203,65,215,64
64,4,142,25
214,30,131,0
178,49,194,52
207,65,75,0
120,30,93,20
229,55,146,65
167,24,169,49
225,52,175,20
134,42,235,65
225,55,213,48
257,44,143,50
216,54,137,40
118,25,193,41
232,72,211,44
274,45,184,40
229,55,93,20
188,10,229,25
226,40,207,55
50,20,247,70
115,25,236,81
189,60,92,30
171,36,165,59
87,20,225,74
194,50,129,24
173,49,157,29
245,49,231,45
175,50,252,85
158,36,197,56
116,20,172,20
192,24,143,39
130,30,95,30
146,35,109,25
25,0,262,69
202,55,151,20
187,9,156,50
137,48,184,0
168,44,125,25
242,40,135,44
169,35,198,66
145,45,208,60
162,52,234,55
146,45,125,29
241,60,215,69
77,0,161,49
234,50,117,45
251,32,223,48
221,44,96,12
217,44,61,20
222,57,79,45
191,45,186,48
261,40,67,4
178,44,165,46
136,30,134,40
206,60,145,50
164,59,139,4
153,53,161,40
223,65,165,60
113,20,171,55
240,45,146,49
200,60,181,60
227,58,181,20
232,55,168,70
79,28,274,85
162,32,289,49
173,53,203,35
219,70,116,20
207,44,180,45
91,20,155,34
239,71,24,0
114,40,277,82
162,45,129,50
208,60,206,56
244,95,182,40
163,60,166,60
185,60,103,25
172,55,196,71
77,25,167,50
236,50,83,40
242,78,249,80
199,55,157,32
195,56,213,74
60,20,327,94
269,68,200,63
249,70,145,48
159,55,181,50
41,0,156,32
181,40,155,45
201,90,188,45
294,90,131,24
123,0,146,52
110,40,195,35
204,52,267,80
190,19,206,35
204,65,121,20
183,60,127,24
80,20,231,80
165,20,159,57
64,4,147,25
241,69,98,5
173,37,211,50
169,60,164,44
269,81,132,28
147,50,176,60
143,20,249,70
119,20,157,50
140,28,165,61
197,40,188,45
212,65,219,45
183,54,221,64
81,20,163,57
105,49,207,56
147,45,121,25
193,64,154,45
136,5,113,64
210,60,195,68
151,40,44,20
182,45,279,95
204,40,100,30
319,81,56,10
196,62,160,44
83,20,255,75
94,2,140,40
106,23,70,1
109,40,127,24
45,5,45,0
127,40,111,20
111,20,120,40
87,30,87,22
110,20,147,40
147,55,167,45
111,28,82,30
138,45,95,43
84,20,139,22
80,2,114,37
126,31,75,20
125,41,113,20
96,20,29,2
182,32,99,20
189,48,151,49
127,21,125,20
138,41,109,20
145,20,79,45
99,20,106,23
60,5,151,40
76,0,108,33
81,37,95,4
78,2,82,20
86,15,161,40
108,23,23,0
55,20,113,20
78,6,20,2
116,4,119,14
116,20,129,0
3,0,128,28
52,0,96,2
94,20,50,10
68,5,62,0
84,20,134,0
77,4,84,40
65,24,69,5
64,5,199,36
54,0,58,25
70,0,62,0
103,0,147,13
86,24,51,20
142,33,35,0
60,2,107,6
94,11,136,25
70,21,151,34
108,44,111,28
233,44,92,0
76,0,72,0
64,5,56,3
120,7,69,0
102,3,100,48
10,0,139,9
85,20,166,45
64,4,129,24
134,14,33,0
92,20,141,0
94,5,41,3
87,12,14,0
109,2,118,25
57,21,31,0
37,0,85,20
101,25,45,3
81,4,60,20
16,0,69,15
32,0,164,3
125,46,63,21
58,10,71,20
38,0,129,23
50,0,26,0
46,10,101,30
124,20,26,0
131,20,139,41
94,2,56,24
24,10,32,0
156,35,31,10
160,45,80,30
87,23,17,0
75,14,63,24
17,0,108,0
110,20,35,0
89,20,84,0
18,0,20,0
44,10,92,20
40,0,17,0
61,0,18,2
0,0,47,20
18,0,33,0
30,20,15,0
22,20,18,0
13,0,28,0
34,20,53,0
43,0,33,23
22,0,24,10
8,1,65,40
81,20,22,3
19,0,87,20
60,20,52,0
68,22,40,0
61,20,10,0
16,0,124,40
80,22,48,20
12,0,72,0
33,0,16,0
41,20,99,20
57,20,53,20
48,20,16,3
88,15,72,27
10,0,31,20
77,3,27,3
22,0,98,35
30,20,97,23
31,3,54,20
80,20,56,14
103,28,38,3
78,41,36,0
83,16,58,20
137,49,54,20
28,3,74,1
49,24,83,1
37,0,52,3
87,23,48,0
34,21,62,3
57,11,27,0
31,0,48,20
90,3,33,0
37,2,73,30
9,0,35,21
82,33,98,40
81,20,67,22
113,3,18,0
173,44,28,20
94,23,63,20
36,10,58,2
19,0,50,20
70,30,113,40
28,2,72,0
46,0,68,40
86,30,116,11
37,0,97,40
98,41,78,21
89,13,46,0
81,0,24,0
71,11,72,22
136,45,98,22
88,20,71,51
17,0,123,46
109,30,176,47
106,35,102,47
20,1,121,45
142,44,200,50
70,20,181,29
111,23,82,26
52,41,81,20
121,54,166,50
151,47,99,34
84,40,101,41
122,44,74,40
114,20,62,20
140,51,114,21
54,23,51,31
19,3,138,29
133,24,153,24
91,21,111,41
138,41,133,45
96,46,82,25
82,46,160,44
85,30,35,5
138,23,41,20
96,25,78,20
141,40,149,46
152,50,109,43
141,50,48,24
74,20,98,23
113,34,65,41
136,28,108,23
104,10,27,12
75,23,46,23
89,10,80,23
95,23,104,11
73,3,76,33
51,13,138,43
46,10,19,5
90,25,79,40
15,0,124,23
104,25,24,0
47,30,15,10
107,30,30,0
32,20,68,25
45,10,52,0
52,10,81,20
48,10,65,5
47,20,38,20
63,25,75,22
33,20,37,15
23,0,39,0
71,30,81,2
73,40,40,0
266,68,52,20
131,20,124,31
90,34,107,40
190,50,137,35
220,48,117,30
58,26,149,13
116,20,160,52
94,20,122,35
131,35,60,3
200,48,77,34
206,65,50,2
57,3,269,85
112,43,56,12
237,84,114,27
57,22,180,41
95,0,242,66
87,22,191,43
213,68,161,35
222,50,78,20
202,56,225,47
40,2,115,20
151,40,190,54
153,35,179,51
74,22,124,29
117,20,169,61
147,29,43,23
118,30,117,43
262,73,151,52
141,0,182,65
120,35,157,46
142,32,150,44
118,10,124,40
66,13,90,23
185,60,123,20
65,3,174,45
153,55,107,45
116,30,66,13
155,41,161,60
46,2,78,20
129,11,29,20
59,0,57,30
48,20,132,31
89,20,66,0
86,1,23,0
63,0,68,21
57,21,26,2
47,2,39,0
56,23,27,0
58,23,66,2
6,3,23,3
11,3,104,11
68,0,74,23
37,5,19,3
89,21,27,10
77,0,35,0
100,23,97,25
78,45,142,28
45,0,60,25
205,41,56,40
93,20,74,40
38,20,95,3
185,31,82,20
176,45,143,41
47,20,34,10
176,49,64,3
97,25,69,20
54,0,147,51
153,35,59,20
112,0,88,5
91,25,65,0
191,60,151,20
168,53,48,0
163,34,156,54
152,25,22,0
129,44,12,0
16,3,173,51
132,45,76,0
147,46,166,46
154,54,200,54
35,3,94,21
32,0,114,4
162,51,95,20
78,23,141,52
152,42,99,25
36,4,193,68
50,0,89,9
140,40,65,0
132,34,56,0
123,32,156,52
190,69,137,48
115,41,173,49
195,48,108,40
103,32,137,44
130,40,98,22
92,20,132,30
38,4,216,44
53,0,143,26
188,41,145,44
205,45,50,6
92,15,106,47
70,10,129,25
164,45,56,40
52,20,135,40
86,24,118,29
153,35,100,5
113,25,167,32
104,14,119,21
103,20,52,0
33,0,122,20
184,60,188,49
139,30,37,0
20,2,34,0
6,0,112,25
316,4,9,0
38,0,167,36
90,4,54,0
84,0,33,0
46,0,50,20
74,4,126,4
32,2,43,2
135,25,42,0
66,0,89,6
63,2,55,0
52,0,62,10
215,60,92,10
29,0,116,26
37,3,197,44
45,10,52,3
96,20,67,4
95,20,62,20
16,0,59,0
63,10,42,10
46,20,97,20
80,20,39,23
21,2,18,0
87,20,71,0
104,25,55,23
63,20,47,0
23,0,122,24
87,24,47,0
84,27,26,2
66,22,51,10
39,0,133,24
42,0,74,20
67,20,94,25
34,2,73,20
121,40,22,0
69,10,41,0
53,20,53,0
98,25,32,10
69,20,105,20
83,20,8,0
112,28,124,25
108,20,74,22
75,25,102,40
70,10,144,24
8,2,60,10
14,2,47,0
50,20,29,2
88,22,54,0
56,0,33,3
141,26,43,2
62,20,142,20
75,2,22,2
158,20,36,2
74,20,17,2
113,40,50,2
162,24,39,0
53,2,19,2
71,21,26,0
77,22,78,20
97,0,16,2
125,21,95,44
57,6,86,2
102,20,49,22
109,45,57,24
106,0,63,21
28,0,44,2
19,2,208,49
100,20,87,11
151,28,33,2
144,24,71,20
72,4,41,0
51,0,142,53
175,55,122,20
94,43,88,23
63,23,64,0
79,4,33,0
150,40,47,2
116,24,176,63
136,44,130,45
54,25,121,20
62,0,81,20
140,40,79,22
84,0,115,44
115,20,87,20
59,3,146,28
67,25,98,0
84,22,118,43
88,23,117,49
97,24,173,63
51,0,93,20
126,20,160,46
132,24,59,0
140,29,161,44
70,0,50,7
140,40,131,20
163,48,80,2
174,44,96,47
155,41,27,2
143,35,113,42
119,23,45,3
98,30,78,0
177,35,89,22
71,3,128,24
134,23,42,0
172,46,106,9
92,0,146,25
16,0,60,12
155,24,76,22
131,35,57,1
40,6,90,25
107,20,58,2
5,0,156,36
79,0,6,0
68,0,71,2
146,34,98,1
0,0,41,0
130,40,122,23
70,21,71,0
131,28,72,1
175,44,99,35
9,0,106,20
50,20,170,55
88,23,62,0
139,28,152,20
136,25,133,40
23,3,90,22
159,23,130,25
0,0,0,0
77,29,65,13
85,46,44,29
32,7,54,0
124,23,113,18
6,4,71,27
83,7,0,0
95,20,38,20
30,20,80,28
19,0,143,25
74,25,76,32
17,2,119,40
55,20,24,0
76,20,20,0
51,0,134,45
31,2,45,20
54,25,149,45
31,2,112,20
56,4,118,20
84,20,13,0
63,24,91,33
11,2,23,0
87,40,120,50
38,0,41,2
43,0,16,0
59,0,2,0
48,15,31,0
43,4,29,0
76,5,40,0
103,50,64,5
24,0,10,0
100,10,38,10
29,20,65,24
25,0,53,20
84,4,3,0
66,24,105,5
1,0,5,0
114,40,138,49
10,0,33,0
83,7,117,39
0,0,51,0
0,0,79,24
0,0,139,22
71,24,100,25
51,20,0,0
99,25,56,20
54,10,22,4
43,0,10,0
0,0,101,24
49,4,134,25
80,7,46,20
61,0,31,20
77,10,4,0
46,20,10,0
10,0,87,20
145,32,92,20
31,0,133,30
58,20,50,0
96,20,40,2
174,45,78,23
50,0,47,0
33,0,53,0
84,20,34,0
101,23,119,0
72,7,69,20
103,22,47,0
31,0,122,25
55,0,103,21
111,5,85,24
12,0,100,22
46,2,67,0
61,7,28,0
27,2,119,25
58,20,43,0
74,26,96,24
102,5,57,23
48,0,47,2
40,0,80,20
6,0,7,0
16,0,56,5
24,0,30,0
59,0,40,0
52,30,28,0
35,0,32,20
18,0,45,20
33,0,33,0
52,22,48,20
12,0,87,20
50,0,0,0
76,20,0,0
55,3,54,2
63,20,70,0
20,0,22,20
12,0,35,20
56,0,7,4
54,20,46,20
6,0,67,3
48,0,46,20
77,5,24,0
37,10,71,3
25,0,39,3
67,24,85,20
22,0,79,40
31,3,25,12
12,0,38,0
94,35,103,40
55,20,62,20
43,3,20,0
139,20,38,0
33,20,58,10
82,25,30,0
7,2,16,0
9,0,37,3
69,20,54,20
63,25,42,0
3,0,30,0
82,20,48,10
108,40,67,20
13,0,85,3
37,0,64,22
54,0,116,0
32,0,131,40
12,0,30,0
124,25,78,0
42,20,110,40
27,3,165,27
55,20,87,25
95,0,25,20
77,20,46,2
48,0,62,20
66,3,31,0
128,25,57,20
87,20,39,20
67,22,35,20
57,0,37,0
31,2,39,20
37,3,147,25
62,0,38,0
56,20,5,0
41,0,83,20
9,0,9,0
4,0,28,0
65,0,19,2
0,0,73,41
111,40,26,0
47,20,8,0
75,20,89,20
15,0,16,0
40,1,71,40
60,20,2,2
15,0,22,0
158,40,34,20
45,0,20,20
56,10,30,1
63,20,61,20
20,0,93,20
47,3,79,26
34,2,89,20
3,0,111,20
57,20,44,0
23,0,77,28
93,45,93,20
71,20,123,60
39,15,52,21
54,2,61,0
55,0,70,20
49,6,128,20
61,10,39,0
64,20,77,0
44,0,25,22
85,25,50,3
91,41,27,2
112,40,45,0
116,20,29,23
37,0,141,27
23,0,70,22
55,20,74,22
177,5,41,0
55,0,122,35
106,20,51,20
142,34,33,20
108,0,90,40
70,25,38,20
55,2,66,20
138,10,38,0
105,21,92,40
46,20,99,20
76,0,128,29
51,20,72,25
80,31,54,6
25,0,111,25
150,45,35,2
76,0,98,20
81,20,121,37
53,20,108,25
37,20,12,0
87,20,23,2
14,0,31,20
18,2,15,0
67,20,83,25
27,0,50,20
49,20,49,20
43,2,32,20
113,20,141,45
40,30,40,20
26,2,48,20
42,20,5,0
52,23,49,20
147,25,35,0
27,20,122,40
13,0,22,0
32,3,34,3
40,20,84,40
155,25,10,0
68,20,6,0
75,20,9,3
54,20,96,20
19,0,117,20
88,25,46,40
56,20,31,1
40,0,27,0
26,20,49,0
155,20,38,7
44,0,32,0
63,20,56,21
34,0,39,21
15,0,82,20
86,5,26,0
32,0,63,20
59,20,24,0
76,3,5,0
26,0,150,40
74,20,25,0
37,21,53,0
22,0,112,0
50,20,21,0
40,10,76,30
86,21,77,40
76,22,67,25
34,20,40,0
38,0,39,0
39,20,111,20
117,25,37,0
149,40,60,20
50,0,37,0
15,0,12,0
124,25,98,40
21,0,101,40
64,0,51,20
48,0,105,20
32,0,137,25
55,21,115,25
58,20,49,20
38,0,40,0
40,0,102,5
139,40,106,40
28,0,61,0
42,0,47,20
138,25,29,0
96,20,95,21
56,20,36,20
107,0,142,44
29,0,16,2
91,29,60,3
50,4,64,0
30,3,40,0
93,20,92,6
18,5,45,0
64,25,118,4
5,0,7,0
23,0,140,49
121,26,7,0
92,3,49,0
27,0,37,0
31,5,138,32
24,0,65,10
76,40,93,20
32,6,51,0
111,20,4,3
2,0,40,0
32,20,161,34
36,0,19,3
11,3,46,23
154,10,117,44
14,0,90,21
134,27,47,10
65,20,98,20
60,0,15,0
104,24,29,21
55,3,47,20
50,41,32,0
30,20,105,44
60,13,53,3
50,3,123,23
66,40,27,3
121,20,48,20
84,20,67,40
57,3,27,20
31,3,166,40
43,20,126,44
70,2,29,3
74,0,53,0
67,24,46,23
145,28,55,40
48,20,44,0
85,40,35,0
127,45,97,30
7,1,65,5
35,0,7,0
8,0,19,0
31,0,47,20
44,20,34,10
37,0,59,13
35,0,34,0
7,0,33,0
22,0,33,3
6,0,65,2
15,0,26,2
53,20,35,2
16,0,47,2
67,30,56,10
17,0,9,0
50,2,31,2
64,0,37,0
32,2,39,20
18,3,35,0
31,2,35,0
18,10,41,10
36,20,29,0
77,23,42,10
38,20,34,5
92,20,44,0
60,18,19,10
35,2,117,23
68,10,13,0
37,10,55,20
55,10,24,0
125,43,78,20
17,0,35,10
74,20,18,10
3,0,89,20
33,0,112,23
69,10,47,20
40,3,105,40
118,23,33,0
76,30,75,20
95,30,36,0
153,26,25,10
63,0,86,30
65,10,121,23
39,10,78,3
77,10,143,33
55,0,92,10
37,15,97,20
35,0,52,10
69,10,66,10
33,3,46,0
78,14,128,23
72,20,23,10
86,41,111,20
55,20,93,21
31,0,79,23
76,20,64,8
51,0,66,20
71,20,45,20
62,1,113,20
140,48,51,20
56,20,136,20
57,40,25,0
66,20,58,1
97,20,87,40
82,0,104,23
30,0,63,20
99,21,72,23
77,25,8,1
25,0,104,21
93,20,64,20
160,25,24,0
150,40,77,20
72,10,78,20
134,40,63,26
77,24,124,40
144,25,94,30
116,29,94,40
89,20,85,20
110,25,188,41
114,25,110,25
83,30,81,26
109,20,114,45
58,20,172,41
183,40,7,0
80,45,47,0
119,21,26,0
158,23,19,0
149,33,70,1
78,0,62,20
97,0,125,33
113,23,20,0
53,20,91,20
105,20,128,56
27,2,132,25
128,20,115,31
113,23,84,20
118,20,94,0
65,25,176,39
55,0,61,4
142,40,103,20
57,0,89,20
19,0,17,2
41,0,5,0
38,2,71,3
19,3,22,2
36,2,27,2
106,20,11,0
48,23,99,20
95,25,20,3
63,23,39,22
27,3,61,3
96,23,29,3
40,3,16,3
33,2,29,0
15,0,36,23
31,3,109,23
68,4,15,2
43,20,103,25
59,23,10,3
13,3,12,0
56,22,7,3
47,23,16,0
65,0,30,0
70,43,23,3
20,0,59,3
19,3,44,3
154,20,12,0
49,23,36,3
53,3,107,40
34,3,30,3
45,20,44,3
60,22,27,23
45,3,47,0
87,0,33,20
76,23,24,3
57,40,125,23
33,0,67,2
74,30,17,0
66,23,41,3
30,20,124,25
102,30,29,3
48,3,28,1
43,2,72,20
36,23,83,40
149,45,21,3
17,0,109,30
64,1,103,33
100,20,31,3
17,0,100,20
45,5,48,0
34,2,49,20
67,4,35,10
103,40,47,20
67,40,151,43
155,31,159,38
167,48,124,45
165,20,174,30
220,46,124,25
145,35,173,50
139,40,229,69
89,25,149,24
165,25,186,51
247,20,17,1
172,7,98,52
136,4,119,20
160,45,222,63
191,59,92,43
212,25,107,36
103,44,132,40
124,20,181,20
187,54,145,20
245,12,175,29
75,40,136,27
190,56,117,20
107,23,110,23
70,0,148,30
125,44,203,37
223,0,120,30
228,50,148,40
126,0,70,20
143,4,48,20
157,47,126,20
110,40,238,60
90,23,101,25
180,47,144,46
188,51,81,20
98,25,153,45
164,50,135,25
103,31,161,44
223,53,70,3
220,28,44,0
181,5,78,44
232,43,113,33
221,28,163,27
128,45,154,31
125,27,151,25
88,23,200,55
199,56,140,20
188,65,75,25
124,24,91,0
153,40,162,20
190,40,148,14
188,29,92,20
136,24,138,44
119,48,231,39
163,29,94,24
109,3,192,43
39,0,14,0
19,0,22,0
0,0,32,0
21,0,4,0
10,0,34,2
23,0,37,20
13,0,18,0
56,10,8,0
15,2,14,0
65,30,44,10
31,2,3,0
8,0,46,10
28,10,11,0
28,4,76,4
19,10,52,10
41,2,24,0
24,0,46,4
29,20,35,10
108,24,83,40
118,15,39,0
104,23,181,44
38,20,41,20
111,20,93,40
68,11,81,4
134,44,132,20
58,10,33,0
82,20,93,14
80,20,57,20
130,25,23,0
58,3,48,20
149,34,101,30
77,10,117,20
135,25,41,20
90,20,22,0
48,0,35,20
56,20,80,0
94,40,114,24
68,10,60,20
119,40,107,20
56,4,78,30
82,20,141,40
152,44,54,15
90,40,101,43
76,20,37,10
102,25,74,20
123,24,72,20
91,20,98,43
64,20,110,20
91,20,62,25
88,20,154,30
56,0,63,0
151,50,179,22
123,20,122,40
111,40,44,20
84,40,73,0
239,24,82,32
84,20,227,44
124,22,111,20
26,20,179,40
153,25,68,20
156,40,58,20
60,10,178,27
129,24,180,23
112,20,13,0
135,40,155,40
134,20,120,40
104,45,86,40
55,0,28,0
111,23,166,25
130,24,129,27
161,20,128,40
142,40,51,5
128,40,149,25
102,23,157,20
68,0,46,2
61,0,110,20
18,0,98,20
169,48,159,45
68,20,67,0
122,40,99,40
59,20,183,43
42,0,221,40
101,24,93,40
80,20,69,27
0,0,42,2
10,0,52,20
31,20,69,24
16,2,32,0
84,24,104,20
31,2,20,2
24,0,32,0
23,0,31,0
21,0,53,20
27,2,58,20
16,2,42,24
41,0,56,0
33,3,53,20
138,44,44,0
16,10,15,0
116,22,23,0
78,22,47,24
35,2,41,20
50,2,61,0
136,24,33,20
49,3,53,30
74,2,27,20
111,50,33,2
56,22,76,20
92,24,89,20
59,0,90,24
63,20,121,24
131,22,65,24
55,0,18,0
45,20,114,44
46,0,80,5
84,34,109,20
107,40,58,10
22,0,70,24
163,33,48,22
110,20,33,0
30,10,136,40
58,30,47,3
109,22,44,0
80,20,93,23
110,30,30,0
71,3,139,24
44,0,26,2
148,23,29,0
32,0,106,20
56,2,58,7
128,24,81,23
98,20,65,20
61,3,129,40
90,2,10,0
99,40,18,0
51,20,58,22
25,2,45,2
54,20,34,0
59,2,44,20
13,0,71,20
52,20,60,22
92,20,67,2
28,2,55,6
22,0,47,0
72,22,36,0
47,0,48,2
60,20,86,40
60,20,78,2
104,20,48,5
83,40,73,20
93,25,63,20
90,40,41,0
42,20,42,3
83,0,76,40
64,0,104,40
105,20,55,20
51,22,118,20
111,20,98,20
51,2,136,25
55,3,129,20
130,40,66,20
119,40,118,50
67,20,124,40
41,20,151,40
84,20,74,23
106,40,186,45
91,20,79,0
75,20,99,20
184,45,70,20
152,25,61,0
183,40,62,20
180,22,12,0
70,20,138,23
97,25,133,40
61,0,86,40
22,0,51,0
41,0,90,23
96,23,80,10
116,20,36,10
52,4,3,3
35,0,70,0
40,0,73,20
78,25,39,0
16,0,42,0
59,20,29,2
28,20,37,2
73,3,51,0
76,23,84,20
32,2,44,0
2,0,23,0
55,2,30,20
48,0,20,0
34,4,34,0
18,2,66,2
39,20,17,0
82,20,43,7
6,0,97,20
5,0,97,22
57,22,52,3
31,4,78,20
46,0,60,2
49,0,77,20
56,0,49,2
37,0,76,26
10,2,19,0
89,2,128,25
51,2,95,24
47,0,12,2
53,4,32,2
126,3,27,2
101,20,33,2
47,2,20,2
48,2,31,23
18,0,54,4
116,26,36,20
63,23,30,4
27,3,45,20
15,0,71,21
9,0,72,5
2,0,24,0
39,0,29,20
98,31,55,2
15,0,27,20
42,20,31,2
70,20,66,15
34,20,41,2
77,45,64,20
54,20,55,5
34,0,38,0
70,0,35,0
30,0,65,22
0,0,115,23
35,2,89,20
96,25,10,0
50,20,27,0
79,20,56,20
87,0,48,20
1,0,136,43
104,5,40,0
133,27,58,20
72,20,91,23
100,25,58,20
52,2,27,0
57,20,143,49
23,0,148,40
69,0,52,2
53,20,20,0
93,0,81,40
51,3,50,0
65,20,114,24
89,20,16,0
86,0,63,3
52,22,72,20
17,0,107,20
107,25,93,0
85,20,51,4
118,23,40,0
11,0,67,24
84,0,67,4
52,25,93,24
44,3,124,20
0,0,6,0
28,2,17,0
11,0,20,0
65,20,1,0
23,0,16,0
33,20,12,0
19,0,130,20
72,0,88,3
47,0,32,10
14,0,52,1
7,3,12,0
99,20,22,0
19,0,13,0
35,0,31,2
20,0,33,0
10,0,102,20
9,0,68,0
16,0,4,0
34,0,22,0
28,0,121,40
5,3,35,0
80,6,33,10
9,2,2,0
12,3,36,0
17,3,74,20
31,0,53,0
101,8,10,3
12,0,9,0
38,0,30,22
128,0,13,3
35,0,54,0
10,1,6,3
34,0,29,0
23,0,53,20
134,2,4,1
10,2,18,3
58,23,11,0
40,20,8,0
58,22,20,4
10,2,88,40
30,0,22,2
28,3,36,23
4,0,16,3
9,2,74,20
10,0,21,3
23,3,25,0
40,0,59,22
8,3,17,0
17,3,68,3
64,23,23,2
20,0,8,0
20,2,44,0
25,0,49,0
9,0,6,0
65,0,39,0
21,2,42,0
18,0,54,10
27,2,32,3
83,20,37,0
50,0,27,0
12,3,47,10
71,0,50,22
0,0,34,0
33,0,75,2
49,20,39,2
50,0,7,2
54,0,105,25
76,20,66,20
111,20,43,40
136,25,103,26
69,22,136,44
58,20,106,25
30,20,55,3
98,23,135,40
62,20,62,0
45,4,186,40
61,40,130,40
139,0,39,5
133,20,41,8
55,21,138,44
113,40,72,3
26,0,191,25
72,20,50,1
135,23,64,8
9,0,60,5
76,40,160,45
83,6,43,20
127,20,130,40
17,3,21,0
158,0,55,20
93,2,60,0
83,25,57,23
181,23,153,45
33,3,161,45
76,21,48,20
157,40,81,24
95,22,135,45
53,5,17,0
62,23,73,20
76,40,145,56
71,40,290,52
200,35,44,20
98,0,89,20
113,24,110,40
109,30,64,24
170,36,32,2
121,40,80,40
174,57,116,20
85,0,174,25
65,20,35,22
144,27,188,36
96,20,6,2
120,26,189,35
121,24,89,40
96,10,112,5
45,2,78,0
176,25,134,20
24,2,190,44
118,23,185,23
41,2,50,20
247,73,42,4
162,44,107,28
71,3,74,0
149,25,93,20
32,0,55,20
95,20,30,22
49,2,62,0
37,0,55,12
80,20,83,20
40,22,31,0
71,40,66,20
66,30,28,2
59,0,45,20
74,22,47,20
37,0,63,12
96,20,91,40
46,10,78,12
44,12,134,40
82,22,67,0
62,20,86,22
40,2,60,10
109,10,36,2
31,3,85,22
62,2,77,0
66,30,93,25
54,0,89,20
57,20,44,13
122,40,80,40
68,12,54,0
101,27,100,22
97,2,103,0
34,0,64,22
103,25,69,0
70,0,156,30
83,2,49,20
117,25,55,20
98,20,51,10
82,22,78,22
104,0,102,10
96,10,81,22
41,20,131,24
64,40,39,10
83,0,88,20
34,1,54,0
159,55,49,3
104,10,122,10
21,3,98,23
115,40,83,22
89,25,126,50
108,13,51,10
70,20,96,22
119,20,40,20
92,20,142,45
44,13,102,20
6,0,69,20
122,32,79,40
131,40,68,30
31,2,96,10
98,30,106,22
98,20,100,40
72,0,138,40
52,20,48,24
17,0,20,0
10,3,72,20
79,4,18,0
9,0,42,2
33,0,65,4
61,20,5,0
10,0,44,20
49,20,97,24
24,3,18,3
62,3,28,0
60,4,60,23
71,24,15,3
16,0,6,2
25,0,9,0
25,0,35,0
55,0,44,0
14,0,48,20
26,10,31,0
43,10,48,7
38,0,8,0
16,0,44,0
61,0,17,7
67,2,26,0
22,0,52,2
53,10,30,2
40,0,12,0
43,20,42,0
30,0,58,12
14,0,51,0
35,2,3,2
93,23,46,5
169,32,53,10
102,0,116,40
116,24,41,0
38,0,86,20
10,10,75,4
46,0,96,20
54,20,112,20
148,23,115,5
70,4,130,27
126,30,77,20
113,10,153,49
103,25,129,10
17,0,140,7
93,40,136,27
74,7,131,46
137,33,95,20
158,28,65,20
101,29,74,25
106,40,60,0
100,31,114,20
35,23,85,30
164,45,35,0
119,20,83,26
68,25,76,24
27,0,170,45
154,45,156,44
186,47,77,25
36,10,31,0
23,20,120,23
121,40,59,13
183,40,95,27
139,25,128,40
120,26,136,23
110,25,39,0
10,0,48,0
40,0,111,50
61,5,113,24
139,23,44,3
55,20,138,39
88,24,32,20
82,1,69,34
104,27,69,20
38,0,85,20
10,4,100,23
21,0,119,20
69,20,78,24
55,5,128,24
58,25,72,24
15,4,44,5
94,23,95,20
94,20,163,39
122,28,77,20
40,20,129,40
139,24,26,0
112,4,62,20
39,20,178,50
98,43,89,30
210,59,75,40
100,24,68,4
111,24,64,24
109,40,79,25
57,5,74,21
130,40,98,25
115,44,115,24
200,54,23,0
84,40,60,0
115,24,82,24
91,20,72,23
83,4,60,20
48,0,28,2
21,0,13,0
64,20,43,0
20,2,53,0
8,2,64,22
55,0,37,20
75,20,20,0
78,22,43,20
34,2,19,0
42,2,16,0
28,0,86,40
41,0,6,2
15,0,7,0
2,2,15,0
33,2,65,10
25,2,12,0
26,2,1,0
31,0,18,2
24,2,75,2
2,0,37,12
17,2,2,0
2,0,77,2
43,2,24,0
50,10,56,2
25,0,30,4
46,2,10,2
16,0,63,33
24,2,49,20
46,30,17,4
2,0,56,5
47,0,26,10
46,20,55,10
55,0,7,2
9,0,52,0
54,40,55,14
40,10,30,2
28,3,28,2
52,5,73,30
43,0,7,0
35,10,7,0
12,0,57,20
28,2,35,10
82,0,12,2
24,20,22,0
32,10,44,3
28,2,39,0
59,10,91,20
78,25,38,0
6,2,11,0
42,20,29,0
0,0,30,0
35,2,31,3
28,4,23,0
16,10,63,30
45,2,8,0
47,1,37,20
24,2,15,0
45,1,30,2
28,0,12,3
19,0,38,20
50,1,13,2
21,0,9,0
24,0,41,4
2,0,85,20
15,3,104,24
52,24,44,0
151,48,7,0
75,20,20,20
24,0,63,4
26,20,106,40
43,20,108,24
111,24,99,20
21,0,140,28
154,44,20,0
70,20,49,4
47,10,63,2
155,27,37,24
58,25,146,45
66,24,98,45
113,24,57,30
35,3,26,0
33,0,72,23
81,25,113,24
28,5,30,3
66,24,128,24
77,20,89,25
113,34,32,0
158,25,54,23
57,20,89,24
83,44,67,20
103,24,111,25
52,3,80,44
143,45,44,20
27,0,91,23
109,24,158,49
17,0,48,0
63,3,120,24
33,20,109,24
61,40,115,26
142,40,63,23
39,20,106,20
63,25,67,20
147,22,44,20
92,20,74,5
44,10,31,10
42,0,49,0
29,5,85,0
19,0,30,0
175,58,104,25
43,20,75,20
71,30,37,10
105,30,52,0
34,20,55,5
67,13,45,5
57,10,40,0
23,0,61,5
56,0,131,55
60,0,28,20
44,13,54,10
77,0,54,10
45,0,85,30
106,20,34,0
61,10,79,35
105,40,11,0
42,10,92,0
53,2,17,2
118,35,45,25
87,20,47,20
112,40,92,0
51,20,101,0
30,0,204,60
48,20,90,0
35,0,56,0
64,0,29,0
124,23,25,0
76,0,130,55
98,21,35,0
130,45,26,2
30,0,148,35
98,10,19,0
96,20,55,0
75,20,120,44
73,13,49,0
33,0,97,20
54,0,75,25
182,30,79,24
86,0,51,2
161,52,119,44
81,25,60,0
72,25,92,5
87,20,77,30
5,0,211,60
106,45,44,20
60,25,68,20
53,20,87,5
141,29,30,0
176,56,87,25
89,40,101,45
20,0,74,25
96,45,101,25
109,23,47,0
99,40,88,30
74,45,27,5
82,25,122,33
80,0,144,20
35,2,83,20
60,0,140,28
95,0,77,24
71,40,49,23
85,22,66,20
24,0,54,20
132,24,38,2
38,20,93,20
49,2,23,0
74,24,19,0
47,2,130,27
99,20,21,0
60,20,57,3
37,0,105,25
87,22,138,44
69,3,66,10
55,22,71,20
80,12,49,2
132,20,72,22
25,0,119,24
56,0,49,2
49,2,63,0
37,2,87,20
56,2,47,0
68,0,44,2
64,0,122,20
58,0,58,2
23,0,28,2
40,20,21,12
56,0,49,2
68,22,7,0
13,2,52,20
67,2,31,5
46,0,18,0
28,2,11,0
74,22,80,2
52,4,18,2
44,0,68,5
21,2,47,4
78,2,31,2
35,2,51,2
75,5,41,4
80,4,8,2
63,4,29,0
82,25,24,0
8,0,23,0
32,0,19,0
30,2,13,2
6,0,31,0
36,0,39,0
33,2,4,0
54,0,11,0
49,0,29,2
59,0,8,0
43,0,12,0
40,0,40,0
28,2,79,0
8,2,22,0
40,0,27,2
27,2,41,0
31,0,36,2
16,0,45,0
47,0,40,2
37,0,17,2
46,0,65,2
34,2,56,0
13,2,53,0
13,2,9,2
20,2,28,0
22,3,20,0
31,2,22,0
10,0,75,20
55,3,37,0
38,1,35,2
70,3,13,2
30,2,40,0
49,20,29,9
31,3,41,2
21,0,24,0
18,2,49,2
162,63,132,30
94,44,137,5
108,18,131,25
85,20,196,30
124,20,125,36
265,100,149,44
183,45,142,30
124,20,164,50
153,41,168,64
206,45,62,4
126,20,130,0
260,70,89,50
183,32,134,20
209,55,228,65
94,0,189,50
154,20,147,20
234,85,86,10
171,28,111,28
223,70,146,20
214,70,51,40
170,44,55,30
137,24,108,20
254,71,99,50
112,20,206,70
112,50,235,70
150,48,137,50
217,80,209,55
134,44,137,25
138,25,213,73
88,20,154,40
101,30,178,57
96,50,197,58
154,22,110,32
221,74,180,47
178,50,112,0
123,49,130,35
247,64,100,20
183,85,107,26
82,4,182,64
102,0,99,32
190,34,227,50
158,35,121,45
144,10,165,50
178,60,107,40
221,50,219,73
203,56,213,70
136,5,88,20
130,5,161,40
105,0,107,5
150,37,219,72
205,70,133,70
198,45,81,20
167,20,86,40
216,75,134,44
64,20,246,64
264,80,116,30
148,40,173,34
160,24,98,30
169,45,112,5
236,64,89,15
181,65,216,59
223,0,182,44
116,30,178,35
174,25,78,24
172,53,105,20
88,40,247,80
221,50,136,20
39,20,219,43
174,44,96,45
127,20,176,24
202,70,154,36
71,20,224,65
136,25,53,15
41,20,73,20
97,20,73,20
222,63,32,0
104,25,144,25
118,45,48,0
47,22,49,12
30,20,24,0
67,4,44,10
39,22,96,0
89,45,195,60
112,20,36,0
75,20,109,24
173,65,76,2
70,30,58,0
84,7,111,5
132,35,91,20
47,40,26,2
92,22,69,40
94,20,147,40
166,29,30,0
101,30,36,0
73,14,147,45
129,25,29,2
53,2,94,45
47,0,127,30
18,0,230,50
43,22,32,3
113,5,123,65
74,0,61,0
48,14,200,20
41,0,240,50
14,0,140,25
125,45,81,22
44,22,103,25
43,5,17,0
83,25,48,0
112,10,84,22
23,0,43,0
70,20,47,0
74,20,40,2
130,45,44,20
57,20,38,2
49,0,110,20
4,0,43,0
52,20,115,25
31,2,72,0
88,20,75,20
88,30,91,22
71,22,24,2
157,20,107,25
40,12,61,20
33,2,34,0
30,0,7,0
49,2,45,10
86,4,16,0
75,2,62,10
76,0,31,11
17,0,55,20
42,13,36,0
45,2,77,20
19,2,59,4
99,4,76,22
17,2,75,0
30,2,8,2
81,20,27,2
60,20,17,3
36,2,80,2
3,0,23,2
83,2,66,25
49,0,80,0
41,2,16,2
45,2,93,0
80,2,43,2
46,2,53,0
80,0,80,20
23,2,32,0
97,22,143,40
67,12,30,2
10,0,22,10
90,22,78,25
53,2,67,20
29,12,33,2
121,40,22,2
86,20,58,0
59,12,78,22
48,12,117,0
95,25,7,2
35,10,9,0
16,2,37,10
70,22,57,25
131,40,32,10
11,2,69,0
41,12,112,40
4,2,44,2
99,30,80,35
70,20,9,0
57,20,138,40
42,27,25,10
46,0,21,2
35,21,146,45
107,14,106,44
83,20,159,20
26,0,33,0
132,52,90,20
131,25,227,52
59,0,39,10
81,0,70,20
88,20,163,50
43,3,72,20
194,36,60,20
68,10,80,20
147,45,81,23
50,0,173,36
98,10,6,0
150,50,79,0
161,50,158,48
60,14,73,20
29,2,112,23
105,20,84,20
26,1,154,40
129,43,110,24
155,32,54,0
163,35,76,5
33,0,156,20
177,40,62,23
171,48,106,20
63,0,132,23
100,24,123,28
160,25,64,2
78,23,172,60
144,64,45,0
134,25,189,56
126,20,68,23
45,30,106,20
35,20,40,0
4,2,121,38
30,10,76,0
139,36,31,10
29,0,84,30
147,30,2,0
13,0,99,25
24,23,16,10
99,36,114,30
60,5,83,24
64,16,62,0
108,29,76,13
0,0,58,0
118,12,29,3
7,0,136,45
108,41,63,13
72,25,65,13
96,40,110,40
67,0,119,40
66,20,23,20
134,40,93,20
101,33,98,40
104,20,48,0
98,36,149,5
56,0,58,13
90,0,125,20
134,50,49,20
83,20,79,36
84,30,132,20
121,32,78,20
38,20,33,0
140,40,74,0
18,0,93,0
132,23,2,0
116,25,143,40
79,23,98,0
72,20,29,0
36,10,120,20
156,28,38,2
60,23,99,3
27,20,116,45
95,1,86,5
27,0,175,48
62,20,67,40
97,2,90,20
95,20,15,0
153,30,75,20
91,20,105,20
214,40,178,27
225,5,8,0
146,40,234,52
182,65,96,0
137,40,112,0
143,45,233,53
34,20,34,20
108,20,108,22
170,40,107,40
183,32,25,20
77,20,72,20
70,40,251,65
58,0,134,40
160,32,65,22
139,35,87,0
164,50,15,0
40,22,73,24
70,20,154,40
16,0,44,10
23,20,73,0
45,0,157,29
134,22,57,25
23,0,31,0
71,22,67,3
168,25,29,20
98,40,196,64
74,0,156,24
72,0,83,23
98,4,126,20
167,44,62,25
76,20,66,20
71,20,57,0
145,40,92,40
42,10,30,0
167,44,152,24
46,3,19,0
38,0,78,3
111,20,124,40
172,57,107,22
102,20,66,13
49,5,70,22
75,20,30,10
17,3,120,20
153,40,100,20
21,0,105,20
97,2,45,0
57,5,236,35
219,84,153,8
222,50,125,20
50,20,142,40
53,20,113,30
178,35,64,2
158,28,202,70
140,35,80,25
131,20,134,24
105,7,106,20
194,40,67,20
186,54,230,55
124,20,119,37
193,45,37,20
197,60,43,0
109,25,137,40
86,0,132,20
88,20,177,35
63,20,214,59
145,40,128,40
118,20,116,20
244,55,54,20
43,5,105,5
136,25,69,0
176,45,168,39
106,25,170,40
117,2,106,20
132,20,224,55
143,30,75,0
188,30,130,20
121,25,34,3
148,40,50,0
125,45,117,30
75,40,103,20
40,0,85,24
46,6,95,0
90,5,103,30
101,10,114,45
91,16,149,40
48,0,86,20
16,10,102,0
92,10,60,4
205,55,92,10
109,24,109,42
47,0,44,20
112,10,1,0
89,20,88,25
50,30,84,30
30,0,36,20
2,0,133,40
41,0,68,20
57,2,131,25
28,0,45,10
29,0,65,20
37,0,32,0
37,20,57,0
8,0,14,0
175,50,74,0
11,0,85,0
96,25,67,20
149,30,58,20
41,10,77,20
114,0,114,39
67,0,126,21
70,20,83,28
129,40,14,0
75,4,139,40
100,25,62,3
46,0,116,40
85,20,60,20
97,20,69,23
137,40,156,24
95,3,54,21
85,0,114,40
134,28,123,25
50,0,53,2
61,23,161,40
146,28,173,40
76,2,50,10
60,2,132,23
7,0,146,45
107,20,98,40
37,0,124,65
85,20,38,0
136,2,119,30
146,0,71,5
78,0,95,20
47,0,85,20
217,65,31,0
108,20,150,40
70,0,187,45
150,50,91,40
144,40,100,23
38,20,136,25
159,50,20,0
136,33,90,10
177,70,104,24
158,20,21,0
186,47,134,0
129,40,123,45
234,48,129,45
135,20,156,50
95,0,78,20
121,23,138,40
183,70,200,35
101,5,196,50
181,50,85,20
157,30,204,65
99,22,123,25
121,24,185,25
60,24,52,0
78,0,74,10
112,20,134,24
114,20,16,10
135,40,55,0
194,20,102,40
23,0,83,22
28,0,151,20
46,0,184,20
74,0,131,40
119,20,52,0
141,0,129,0
111,20,130,24
176,15,62,0
90,0,118,20
75,24,74,0
70,20,141,20
46,20,180,70
46,20,180,70
123,30,188,47
129,20,80,16
68,20,27,20
142,40,34,0
93,8,22,0
58,15,141,35
103,20,145,55
266,69,45,40
136,51,64,7
101,50,111,35
72,10,66,20
33,20,47,0
72,20,139,47
100,0,171,60
53,20,102,0
157,44,98,40
173,47,20,0
111,25,91,20
85,20,135,50
78,20,145,35
217,81,140,20
154,43,126,43
78,25,74,20
48,0,102,20
91,20,98,0
120,35,56,0
68,0,95,25
183,45,102,23
78,22,196,45
123,30,144,43
38,0,171,44
105,20,162,50
117,3,197,70
70,13,17,0
48,0,63,2
108,35,80,20
140,0,59,10
90,2,21,0
39,10,81,0
69,12,18,0
83,25,119,40
79,2,26,20
68,2,106,10
46,0,65,30
28,20,66,0
26,2,107,3
26,0,160,26
83,0,49,2
117,20,53,10
89,2,52,0
87,2,48,20
37,0,36,0
106,20,92,4
19,0,92,40
23,12,160,44
46,0,33,0
102,24,27,0
87,40,63,23
111,40,86,20
75,20,4,3
59,20,110,20
71,25,99,22
61,0,60,20
98,40,45,20
26,20,33,0
125,40,10,2
47,22,53,0
126,44,43,20
17,0,102,40
91,20,67,25
76,26,51,20
48,0,90,0
58,20,123,27
69,2,99,40
59,20,119,20
59,0,102,20
22,0,86,22
105,20,75,22
98,20,119,40
111,20,68,10
127,20,40,2
123,40,87,20
118,20,55,20
71,2,155,20
82,20,128,40
36,2,86,40
120,20,135,30
89,20,114,20
54,20,115,30
100,20,63,10
7,2,121,20
39,0,123,20
40,0,7,0
5,0,195,65
117,0,66,20
98,20,155,40
2,0,47,0
6,2,93,25
109,25,159,25
8,2,71,0
142,25,197,65
36,3,40,20
104,20,78,24
133,20,46,0
52,20,68,20
170,40,80,10
33,0,79,20
82,20,42,20
128,44,17,0
137,20,96,5
129,38,16,0
45,0,101,5
28,0,41,0
71,24,63,20
72,30,161,22
60,20,74,19
52,24,53,13
111,40,84,25
82,43,103,0
73,25,58,20
29,10,132,24
87,36,115,20
33,0,114,10
50,4,68,45
28,10,69,13
104,34,70,23
73,10,79,10
111,20,15,0
106,44,108,5
168,45,83,20
231,59,94,40
242,75,71,20
56,0,161,28
62,0,132,40
140,40,69,22
96,20,99,40
143,50,180,55
144,48,131,43
155,45,130,45
199,49,10,0
121,40,244,75
145,66,67,0
196,60,199,70
63,22,137,30
146,45,207,60
116,46,150,25
104,26,202,55
188,65,160,50
122,34,134,49
130,29,170,60
87,13,102,44
73,6,142,52
205,50,62,20
119,40,145,25
137,40,227,40
142,40,174,48
43,29,145,24
36,0,108,50
144,48,68,20
140,25,279,70
230,65,65,2
168,35,237,80
107,20,214,51
174,52,90,40
209,65,102,40
40,20,206,58
132,25,124,20
218,50,23,0
140,0,121,14
195,50,127,60
145,24,108,40
60,20,135,40
85,0,244,70
178,65,196,45
30,10,196,25
165,65,152,50
138,40,150,35
171,25,68,40
117,23,162,33
110,50,166,44
261,70,74,0
151,40,204,74
115,40,111,20
74,0,218,85
78,0,106,22
42,0,121,20
65,22,232,60
49,0,101,20
100,20,82,25
145,25,105,0
70,22,95,20
50,20,123,50
149,40,68,20
94,40,96,25
115,40,105,20
114,25,74,40
84,0,69,20
127,25,119,20
87,20,119,15
196,55,66,20
129,45,138,20
177,60,69,5
59,0,71,23
116,40,167,55
121,0,137,40
94,20,120,50
151,43,32,0
11,0,61,20
31,0,21,0
89,20,81,20
67,7,157,49
32,20,140,40
85,40,36,0
72,43,12,10
34,4,28,0
48,25,91,23
82,20,84,14
89,20,71,0
58,20,150,25
77,0,24,1
52,10,65,20
44,20,28,0
9,0,97,20
42,20,75,23
91,20,58,20
100,40,112,25
51,0,71,20
98,40,60,4
12,0,105,23
159,24,54,20
96,3,41,0
74,20,103,23
79,40,104,20
16,0,196,27
58,0,135,43
162,62,40,0
158,47,47,20
63,20,132,25
30,0,125,20
165,27,104,29
36,0,115,20
135,25,94,20
95,24,85,26
107,23,26,20
59,0,126,30
66,20,135,38
142,30,116,47
122,24,43,0
153,23,56,22
104,23,102,20
37,0,52,0
95,10,192,41
75,20,87,24
46,24,179,50
42,0,125,20
48,40,142,35
57,23,92,26
52,0,33,20
168,30,99,5
42,20,82,0
156,35,78,20
100,43,133,50
97,43,68,0
128,23,97,20
77,40,131,30
186,58,70,0
133,40,78,20
48,20,88,20
107,20,73,26
95,23,149,25
154,40,93,55
113,40,56,23
66,20,107,50
182,65,82,20
28,2,90,20
91,25,115,43
21,2,142,44
19,0,104,47
153,45,125,44
36,25,2,0
26,0,149,22
60,20,137,32
152,24,2,0
135,19,25,0
93,6,85,20
8,0,72,40
61,30,128,24
42,20,53,20
19,10,161,20
70,0,73,20
189,52,83,7
44,0,139,29
125,40,56,24
102,26,94,20
40,0,178,50
59,25,181,30
168,60,34,4
85,2,136,40
30,20,34,12
58,14,45,4
42,20,95,6
30,0,113,20
45,0,55,3
13,0,148,25
84,20,51,0
138,37,43,20
35,0,50,10
48,0,40,24
132,40,36,13
69,0,32,0
66,20,116,0
48,10,87,20
125,30,12,0
43,0,56,20
15,10,19,0
20,0,103,25
105,25,59,24
45,10,37,10
120,20,54,0
63,0,32,22
24,20,75,18
16,0,115,23
118,30,115,20
47,30,78,30
6,2,51,40
116,28,211,55
95,25,78,40
73,40,38,2
22,0,95,20
83,21,145,45
95,40,69,0
122,20,45,12
140,10,49,0
4,2,158,70
27,24,123,23
37,4,66,20
176,45,39,0
137,25,43,22
31,0,91,25
128,35,78,22
68,0,66,20
175,35,65,4
0,0,115,25
119,25,80,20
78,40,112,35
79,24,48,5
212,50,39,10
20,2,62,20
111,25,35,25
163,27,45,4
94,15,17,0
78,20,41,0
69,17,173,50
87,24,44,0
69,0,80,20
27,0,155,25
177,50,142,40
34,0,68,3
128,10,156,64
87,2,15,0
98,0,18,0
93,10,31,24
130,35,72,0
45,25,189,36
77,10,36,0
112,0,59,20
113,20,21,5
191,44,109,20
56,20,160,25
178,43,11,0
215,44,40,30
106,20,174,45
129,40,75,20
126,49,118,23
173,45,129,40
59,30,106,40
76,20,168,20
115,45,74,20
171,43,159,40
39,0,110,20
48,20,92,20
97,25,133,30
136,45,87,23
176,35,84,20
94,40,118,20
72,33,105,20
97,40,141,45
119,20,178,44
112,10,73,20
39,0,63,20
93,40,56,10
37,20,6,0
4,2,63,0
81,20,65,20
2,0,65,0
52,2,60,15
32,0,13,0
52,0,35,0
65,30,102,20
74,20,34,0
103,27,29,0
98,27,44,20
106,20,30,0
88,20,72,20
21,10,41,20
62,0,82,20
68,32,71,20
44,40,20,0
72,0,26,5
4,0,53,20
9,0,135,23
74,25,103,20
24,0,90,23
80,20,69,8
48,0,79,30
48,20,46,20
130,30,80,0
54,20,66,40
141,49,26,0
51,15,65,10
131,40,103,40
36,0,109,40
103,30,50,24
148,35,29,0
120,20,42,20
80,15,58,20
24,0,15,0
74,40,139,28
118,20,61,10
43,20,26,0
22,0,52,0
68,20,104,20
92,24,144,40
34,20,87,20
84,40,62,30
78,15,111,20
196,53,39,0
151,40,66,20
142,40,70,20
130,26,27,0
109,40,133,20
120,3,136,40
88,0,39,0
186,50,105,5
51,0,118,23
96,20,41,0
133,20,117,20
78,22,147,40
70,20,143,3
84,0,148,40
78,42,104,40
69,0,73,0
67,20,236,44
123,20,79,20
101,40,133,40
97,45,46,20
233,63,82,7
117,40,173,40
68,25,30,0
88,30,136,23
121,40,120,27
49,0,28,20
45,20,151,45
62,25,150,40
124,20,110,20
75,20,101,43
60,20,64,0
80,5,93,0
10,0,93,5
177,45,90,43
46,20,111,50
43,0,141,40
84,20,111,4
29,20,190,25
42,0,87,20
63,20,84,40
144,44,93,20
80,20,139,50
84,20,169,46
76,40,104,20
83,23,26,0
94,40,132,0
186,50,87,20
75,0,58,3
28,20,10,0
54,20,29,2
11,3,2,0
10,0,84,20
16,0,19,2
120,40,20,2
20,20,27,0
34,3,61,5
20,0,40,23
57,3,85,20
30,0,57,0
47,3,64,0
45,3,22,2
18,0,47,2
75,21,20,2
25,0,23,0
38,0,46,3
12,3,47,20
45,0,52,20
96,25,43,0
27,3,31,20
13,0,61,3
22,0,67,20
45,0,60,3
39,20,138,45
21,0,41,0
72,25,139,40
63,0,110,43
103,40,60,20
26,0,192,50
110,20,19,0
94,0,41,0
69,0,84,20
49,2,52,20
76,25,50,0
34,0,62,0
64,20,52,22
108,40,136,45
96,40,50,0
35,0,96,5
154,45,58,22
14,0,68,0
83,20,95,25
54,2,66,20
72,23,32,0
109,40,145,45
47,20,107,15
120,45,85,25
76,24,145,20
64,25,79,20
33,0,91,25
72,0,201,50
105,24,112,25
98,20,36,0
75,0,164,45
94,4,76,20
113,0,63,20
234,69,44,20
73,20,32,20
88,0,141,24
42,0,147,50
188,25,55,20
50,20,88,0
55,25,59,10
128,20,186,45
65,0,158,44
96,20,65,10
68,20,137,5
101,40,178,24
182,50,99,20
137,40,26,0
89,29,126,20
15,0,10,0
127,43,14,2
65,6,130,43
18,0,104,0
50,12,106,0
58,23,125,29
20,0,39,0
111,20,74,20
123,30,68,20
120,27,58,23
25,20,155,49
20,0,44,0
79,40,112,20
44,20,112,33
39,0,42,5
19,0,35,0
94,29,104,24
41,0,123,23
81,20,71,20
91,29,21,2
113,31,129,43
8,0,60,20
27,10,83,23
70,26,11,0
21,0,70,0
7,0,105,23
101,20,57,30
70,24,96,20
128,29,25,5
24,2,52,23
22,0,66,20
6,0,80,23
103,20,25,20
58,20,75,10
36,3,123,23
10,2,74,24
32,0,34,2
63,25,117,33
147,34,17,0
132,43,103,14
10,0,81,4
29,0,5,0
80,2,133,43
54,10,40,3
47,0,76,24
53,23,58,30
30,5,67,10
96,24,34,20
96,10,55,10
78,27,88,24
109,23,18,2
31,0,50,0
99,24,95,23
38,0,28,2
112,23,196,49
14,0,106,20
50,0,19,0
41,10,64,14
131,35,113,40
24,0,114,24
76,40,42,0
70,10,66,6
53,5,47,12
96,0,82,48
52,20,35,10
154,43,54,23
77,40,36,20
160,18,18,0
201,63,175,57
123,47,81,25
116,16,239,59
156,20,197,35
179,24,172,52
150,37,112,0
234,75,111,27
118,35,138,12
91,24,250,74
150,32,182,47
174,51,182,29
61,20,273,68
119,49,67,9
136,53,231,48
191,71,161,58
198,50,80,5
246,85,205,49
208,44,115,29
149,22,117,25
125,35,264,80
98,53,148,27
201,74,83,25
51,20,265,57
119,43,240,52
194,52,95,33
144,48,260,82
127,32,228,70
117,43,159,25
172,24,130,41
135,36,109,9
219,35,194,59
148,45,142,23
214,59,136,62
133,45,234,29
200,37,142,23
119,4,142,20
216,58,158,68
81,0,246,67
138,24,98,5
61,20,142,20
186,60,273,66
148,48,135,24
189,61,149,28
162,70,200,32
134,40,183,50
111,24,143,20
158,60,118,4
171,50,145,29
89,20,291,61
224,87,162,30
222,51,182,50
133,40,141,26
85,0,191,37
209,57,137,24
137,45,129,8
148,24,263,90
165,5,164,25
123,27,98,20
212,60,67,25
55,4,171,25
91,25,238,50
80,24,139,0
219,67,200,50
202,58,60,4
118,23,243,65
72,20,210,40
122,4,84,2
52,0,23,2
72,22,70,20
42,0,66,0
91,23,185,30
181,40,80,20
99,20,112,23
98,24,52,3
51,2,119,21
44,5,101,31
67,2,66,22
88,24,64,20
49,0,109,20
69,23,73,40
100,20,98,35
73,22,153,50
46,3,228,38
78,20,93,3
78,20,112,44
77,0,43,0
120,44,88,20
95,5,85,23
88,2,121,20
32,3,139,20
243,60,46,8
55,0,36,3
145,40,68,1
91,0,88,0
56,22,81,20
39,0,84,20
39,0,46,20
37,20,65,21
70,5,118,25
113,40,15,0
100,12,72,20
67,20,31,0
143,47,46,20
134,20,149,49
43,4,69,0
86,40,87,40
23,0,121,20
35,0,87,20
138,23,81,14
166,5,52,0
137,48,38,3
84,40,100,23
81,44,162,45
139,40,120,36
92,44,143,44
94,20,87,23
61,5,134,20
86,0,57,23
70,20,2,0
195,53,107,50
96,40,107,30
122,23,86,20
176,30,59,23
67,3,107,30
62,20,91,33
37,0,25,4
74,20,100,29
40,20,203,43
56,24,97,47
81,24,122,45
102,25,145,53
108,23,70,21
108,34,42,20
81,0,22,0
126,23,90,28
89,22,47,20
87,5,94,20
30,5,128,40
88,41,123,47
43,21,108,20
47,13,110,20
102,24,143,43
143,45,86,32
65,20,94,20
167,40,17,0
171,39,12,4
22,0,101,31
59,0,208,60
94,2,103,20
41,0,150,45
162,52,131,20
107,20,217,65
166,37,3,0
205,48,41,0
187,46,48,0
16,0,5,0
75,17,245,39
78,0,137,10
80,40,204,64
162,44,57,0
30,2,125,26
51,22,90,5
67,25,166,25
161,40,29,0
168,54,177,28
114,22,62,24
207,55,122,32
128,32,58,20
120,43,56,20
60,20,112,23
162,20,137,27
130,5,185,59
146,28,105,32
43,20,79,23
97,2,45,4
17,3,122,40
62,0,177,60
43,20,28,0
11,0,109,26
61,20,149,33
101,40,61,20
81,40,72,40
109,26,64,20
22,4,118,24
75,20,168,27
70,17,68,20
98,24,182,36
90,8,52,5
73,20,101,28
95,5,37,0
150,43,110,45
181,56,63,23
23,0,195,40
153,27,79,24
72,20,46,4
70,5,118,43
146,29,90,3
29,20,133,20
58,3,64,20
105,45,44,0
127,35,101,27
195,22,62,0
175,53,104,40
130,23,104,43
122,40,80,20
79,44,123,33
27,3,177,34
174,51,91,5
79,22,119,55
50,5,134,6
146,33,120,25
107,4,75,43
73,30,82,20
77,25,112,0
91,23,155,40
138,40,105,26
75,34,151,10
39,3,180,82
50,20,75,10
124,26,98,10
51,0,138,40
90,25,115,43
98,20,86,20
136,3,34,2
102,40,109,23
261,81,133,50
156,60,196,70
181,65,141,44
145,60,260,84
140,25,192,49
228,57,248,90
262,90,221,70
245,93,159,35
234,84,195,71
153,40,171,50
217,59,206,49
154,65,229,55
137,60,234,75
269,100,251,95
120,23,254,80
223,68,225,59
432,74,339,100
268,95,199,69
204,59,332,95
117,50,256,64
230,49,220,79
203,70,207,64
259,54,244,90
207,40,223,75
224,66,245,80
257,90,168,47
271,79,186,49
194,55,234,65
178,30,164,45
177,60,197,45
223,94,277,94
233,65,233,74
129,0,176,60
172,54,246,81
213,55,234,70
289,95,252,84
178,30,147,50
208,84,225,65
202,56,207,60
235,73,216,65
197,32,165,35
277,99,222,81
228,80,239,80
257,75,255,73
257,70,178,15
257,90,90,0
221,95,167,60
216,72,255,75
207,75,166,50
154,40,124,25
242,80,274,90
283,75,181,79
249,85,197,45
220,71,248,85
222,65,172,44
210,49,262,94
154,40,271,76
212,72,214,65
210,70,189,58
165,45,205,54
275,90,255,95
214,50,240,84
207,85,239,74
236,64,260,89
279,90,167,49
271,78,159,32
255,85,239,59
241,75,183,50
146,59,211,50
178,60,179,70
268,94,206,50
279,85,176,55
182,49,240,81
172,56,275,100
213,50,239,85
219,70,194,59
124,25,202,50
227,39,180,75
192,49,208,50
266,76,243,60
19,10,38,20
57,22,140,20
69,26,2,2
64,20,28,0
70,20,37,0
164,45,33,22
67,0,43,0
122,20,7,0
20,0,32,0
45,20,20,0
59,22,73,22
93,2,64,2
64,2,12,2
92,22,70,0
42,20,3,2
102,0,18,0
41,0,74,20
65,27,40,2
44,0,147,25
20,2,107,22
58,7,12,0
64,0,15,0
83,20,171,42
167,22,23,2
27,4,129,5
63,45,38,2
63,22,104,21
22,2,21,0
51,40,102,22
166,29,134,45
49,20,75,0
60,2,2,2
34,0,100,40
40,0,60,2
95,40,24,3
74,20,163,40
181,60,128,24
113,10,77,12
18,0,70,34
13,0,168,35
106,24,200,59
120,13,103,25
160,40,154,49
92,20,81,10
229,65,66,0
40,14,79,2
106,29,162,49
101,34,37,0
128,40,141,33
70,15,125,25
179,71,102,22
111,20,186,60
110,34,87,23
73,4,100,20
144,42,96,5
123,30,200,63
133,25,161,52
22,0,109,20
205,49,94,20
74,22,89,5
92,0,145,6
208,59,179,70
45,25,85,14
149,27,109,25
188,49,141,55
121,20,60,4
143,20,118,40
134,22,64,2
54,28,116,4
44,1,41,0
28,20,116,0
13,0,66,0
34,0,104,26
126,20,51,5
144,40,93,20
74,23,51,33
16,0,126,20
133,44,65,20
57,20,67,2
111,20,57,20
156,25,52,0
190,51,151,44
134,30,99,4
44,0,100,25
31,0,138,20
38,20,30,0
100,43,75,0
36,20,21,0
166,45,40,0
95,45,127,26
38,0,42,0
44,6,110,20
30,0,168,20
65,0,88,25
64,0,143,44
13,0,129,25
179,45,62,0
48,0,66,3
75,23,35,0
118,40,57,22
128,44,116,25
57,0,72,0
33,0,40,0
128,38,52,3
180,49,159,40
87,40,150,40
84,26,109,47
73,25,135,40
47,0,197,60
45,0,136,24
64,0,105,29
96,23,19,2
82,20,76,0
204,59,105,25
97,26,67,20
111,46,9,0
99,40,133,30
43,0,109,20
57,5,135,43
92,20,88,24
118,40,62,2
181,39,111,26
32,2,91,2
83,5,56,2
105,43,73,40
209,63,78,25
115,28,34,0
131,0,30,5
45,4,154,15
114,25,14,0
21,6,36,2
59,7,20,0
129,20,184,27
37,20,94,20
27,0,71,22
15,2,8,0
44,2,29,2
80,20,13,0
28,0,14,0
227,50,0,0
79,22,181,75
54,0,86,23
35,0,28,2
36,0,51,2
35,2,135,25
4,0,194,50
136,22,114,20
15,0,39,2
148,47,45,6
38,20,151,45
48,0,27,2
47,0,104,2
157,27,43,20
62,24,12,3
56,20,27,20
43,0,26,0
140,25,25,0
63,25,48,0
55,0,93,20
50,20,43,1
63,22,29,2
64,21,67,0
123,25,112,24
77,10,104,25
16,0,77,25
59,4,33,0
101,20,109,24
31,0,73,40
94,20,96,22
35,2,153,40
81,20,12,0
151,40,139,26
107,49,45,2
73,0,30,10
111,20,95,0
82,2,73,22
63,3,0,0
66,21,44,2
140,40,101,25
51,20,98,30
96,20,109,24
44,4,115,10
58,21,9,0
46,0,53,20
87,20,145,40
46,20,129,24
120,26,81,22
92,26,28,0
101,23,108,21
49,0,105,25
85,0,40,0
62,0,84,3
56,2,130,24
20,20,105,40
37,0,97,20
66,4,125,20
158,50,111,25
58,20,119,21
168,49,61,23
84,0,23,2
45,24,43,40
36,20,89,3
63,25,73,0
45,0,87,24
78,28,38,0
99,27,125,17
32,2,89,20
41,20,76,7
64,5,118,20
30,2,86,40
109,20,173,64
130,23,46,0
91,24,71,0
77,20,114,23
57,0,65,3
105,0,112,28
24,2,141,44
42,0,68,40
108,40,195,40
207,67,26,0
18,0,72,20
154,25,107,2
76,22,133,43
83,3,113,27
47,20,116,31
102,23,105,43
89,28,85,26
53,0,112,20
119,23,139,40
74,34,122,25
101,20,137,31
151,22,123,24
96,20,31,0
43,0,106,20
99,9,117,0
124,10,77,25
93,20,86,29
106,24,101,20
66,26,194,64
154,20,2,0
83,20,32,2
149,24,90,20
110,0,81,25
86,0,80,20
43,0,196,48
97,22,43,20
28,12,142,40
28,0,70,2
119,30,114,40
167,58,130,25
138,20,170,50
140,49,120,40
48,20,133,20
122,5,80,2
141,40,108,24
74,0,168,29
97,20,84,40
41,0,198,43
110,24,95,25
59,25,123,27
26,3,199,30
146,27,67,25
125,31,101,27
103,25,64,0
94,15,211,54
137,40,35,22
140,26,98,22
201,50,69,23
141,0,40,22
81,20,236,50
109,26,106,25
87,20,157,40
45,20,130,27
107,45,153,30
174,28,63,27
134,20,101,45
168,44,122,27
84,26,127,32
33,0,62,10
120,40,140,50
106,27,157,50
96,2,126,44
148,25,121,26
62,22,245,56
122,37,123,28
223,47,55,20
28,0,165,35
84,12,132,32
45,3,128,50
92,2,20,20
35,22,99,40
39,13,53,23
2,0,28,10
40,3,41,4
63,20,4,2
174,33,62,7
71,4,18,0
77,25,101,22
50,3,11,4
61,24,30,4
39,20,166,36
47,3,31,20
108,14,37,2
54,0,84,0
41,2,65,2
117,13,46,4
88,28,20,0
11,0,125,22
29,2,88,2
93,9,43,0
57,0,171,38
2,0,18,2
29,2,139,4
60,0,10,0
178,32,70,0
68,0,87,3
33,0,44,5
32,2,136,7
41,22,64,15
23,2,172,21
123,14,27,2
51,2,26,20
79,5,71,0
88,8,138,25
53,0,20,0
20,0,137,18
98,25,100,10
73,3,75,20
62,4,46,0
93,23,98,40
140,32,46,0
111,23,103,33
78,40,106,0
36,4,183,55
54,23,142,20
31,0,167,20
90,22,141,40
90,0,151,48
34,4,95,20
134,46,118,26
40,4,93,20
123,32,125,24
104,26,80,20
131,10,87,18
144,24,30,0
152,46,81,45
110,20,0,0
34,0,134,26
191,55,0,0
183,47,126,25
71,25,109,23
111,40,105,29
161,52,122,20
23,0,97,23
10,2,75,20
126,45,43,0
202,45,51,20
133,40,46,3
76,2,4,0
169,52,81,26
16,2,94,20
120,25,184,47
58,0,71,12
36,0,24,0
56,20,56,21
72,22,112,45
89,37,39,0
65,2,12,0
112,25,80,0
133,25,109,20
148,23,14,0
35,2,183,60
145,45,165,50
79,4,157,47
34,0,72,20
89,2,101,35
46,0,96,29
58,20,133,35
42,22,139,50
88,20,57,5
82,2,43,2
38,0,101,15
79,20,143,25
214,50,61,0
57,4,117,45
43,25,114,40
56,5,148,30
30,0,38,2
139,20,77,2
76,25,36,2
290,90,22,2
107,20,115,60
80,0,69,0
157,23,136,45
102,44,66,22
104,30,185,45
67,20,227,54
119,29,137,44
141,26,201,50
88,10,181,36
45,11,113,20
125,20,22,2
225,65,53,0
146,48,242,89
118,44,101,20
98,20,68,0
88,6,207,30
172,65,76,15
158,30,88,20
147,46,107,0
225,70,33,0
242,64,180,44
150,27,143,30
74,2,153,44
81,22,86,5
186,50,26,2
107,23,210,59
65,22,159,50
125,15,132,46
295,80,57,4
258,56,88,3
220,59,150,20
112,30,158,58
145,24,65,2
110,0,116,20
138,45,222,60
28,0,107,25
218,70,191,50
117,24,150,40
131,20,55,2
52,20,147,24
87,0,233,65
181,39,37,0
36,12,160,38
175,55,156,35
182,45,118,20
125,40,180,52
155,20,134,30
133,20,188,39
51,23,135,24
191,45,206,66
61,20,86,15
80,20,4,0
190,44,150,0
69,10,26,0
122,21,120,18
89,20,116,20
116,21,51,0
55,20,77,0
60,0,99,32
25,0,84,20
164,40,122,40
170,44,74,20
149,40,71,20
20,0,89,0
84,44,184,0
82,20,28,0
176,41,13,0
74,43,239,65
201,29,41,0
79,20,59,20
91,20,67,0
112,22,106,25
52,20,79,23
102,43,99,40
69,5,85,20
72,0,138,24
25,0,184,40
174,44,153,40
125,20,165,59
28,0,72,20
57,30,120,35
100,43,37,0
139,47,57,22
125,25,120,12
54,20,93,20
31,3,123,17
40,0,100,0
40,0,55,0
4,3,82,4
16,0,30,0
56,21,20,0
65,0,16,0
95,0,5,0
29,0,56,0
54,0,26,0
46,0,27,5
55,25,53,0
53,0,40,20
90,20,78,0
61,0,42,2
3,0,29,10
77,25,5,2
22,0,57,0
3,0,37,0
13,2,92,20
26,0,49,2
46,0,46,22
77,20,30,2
55,0,38,2
27,0,39,2
6,0,53,2
12,2,34,0
19,0,36,0
33,3,55,22
53,0,69,22
20,3,55,0
73,2,40,2
113,23,61,24
44,5,36,2
67,0,33,0
25,0,112,25
28,0,9,4
25,0,61,20
64,2,72,0
20,3,106,0
100,0,74,5
68,0,130,20
57,5,91,27
151,35,78,25
71,10,58,20
39,0,32,5
45,20,41,20
169,15,44,20
149,50,96,23
10,0,114,20
100,30,169,55
143,30,77,12
60,20,60,20
19,2,63,7
98,21,22,0
56,30,0,0
180,50,140,45
31,23,137,40
105,4,25,3
79,26,66,2
87,20,75,23
60,20,110,30
76,10,75,20
37,3,115,20
59,20,185,39
55,20,52,24
192,45,75,20
83,0,56,3
126,26,43,2
22,10,40,3
51,0,52,25
103,20,45,23
126,30,161,39
69,0,69,20
91,20,108,20
55,20,106,20
19,3,86,23
69,20,80,7
86,2,46,0
113,22,30,2
113,25,8,0
47,0,92,20
97,40,140,45
148,39,166,20
207,25,51,0
181,43,143,46
86,40,117,20
101,44,133,49
67,20,164,40
91,45,122,40
110,45,112,2
202,53,92,44
110,40,212,43
125,44,93,45
172,45,111,40
102,20,120,40
170,45,91,28
155,46,117,50
101,40,191,44
113,20,80,40
198,48,213,24
120,48,63,40
144,40,134,45
155,49,129,55
86,44,208,45
232,46,136,55
134,24,141,40
207,52,66,26
152,45,202,52
103,43,127,25
200,44,116,40
104,40,180,43
101,24,147,50
198,56,111,44
88,40,114,43
95,25,103,40
155,40,114,40
101,45,71,24
34,20,30,0
169,48,144,43
59,0,42,0
81,20,108,10
65,20,40,3
63,20,114,40
116,4,106,20
12,0,128,24
120,0,23,2
147,40,142,59
140,40,79,40
83,20,8,0
124,8,85,25
24,2,210,29
43,20,104,40
116,22,117,24
74,25,82,40
111,20,132,48
119,49,97,44
72,28,144,22
104,20,40,22
69,20,93,20
92,40,70,6
92,43,76,24
119,25,95,25
109,0,45,0
131,40,150,44
76,25,37,2
109,44,39,0
178,35,116,40
91,32,225,45
141,40,137,23
222,50,112,50
68,40,186,36
70,10,39,20
102,0,165,50
99,20,181,64
250,75,75,25
261,70,98,40
147,26,139,40
138,40,200,55
227,74,105,43
158,45,91,43
95,40,175,44
129,40,115,45
86,20,224,70
105,45,173,56
228,20,141,60
277,82,85,40
74,40,132,40
37,20,153,45
111,23,89,20
128,52,101,20
57,0,87,3
54,22,96,44
125,36,82,20
52,0,56,20
123,20,73,24
51,2,93,23
135,40,140,30
43,20,76,0
70,40,79,0
45,20,107,23
52,20,130,20
53,2,115,25
48,2,70,20
128,30,106,23
165,40,76,22
154,45,89,2
62,20,65,36
80,40,82,22
18,0,149,43
121,22,134,40
121,43,52,3
86,39,93,40
59,0,44,2
73,20,0,0
95,2,83,40
76,20,68,46
61,20,54,40
61,10,103,17
124,43,48,10
110,44,75,45
76,20,140,40
46,10,105,30
93,30,127,43
168,48,42,12
45,20,111,45
104,20,48,9
126,20,24,6
123,40,69,2
67,20,96,40
80,20,126,40
123,45,98,22
66,2,80,40
77,27,160,40
17,2,138,55
122,43,77,4
88,40,75,20
87,20,35,0
161,48,59,4
63,40,188,43
77,0,92,0
88,23,92,0
83,14,68,23
112,40,106,1
156,50,85,20
106,25,63,25
69,3,64,20
55,21,108,39
78,22,93,0
94,45,58,3
129,20,63,20
33,0,104,30
59,20,181,64
129,52,101,30
136,35,59,20
110,26,121,25
155,54,123,25
198,50,70,24
88,20,153,30
175,60,139,20
16,0,152,25
180,46,134,25
65,0,135,45
97,0,167,24
188,50,90,29
94,20,154,53
88,48,104,30
166,0,83,20
77,25,156,48
81,25,180,40
156,40,64,26
71,3,172,24
165,10,172,50
184,52,87,0
90,20,137,20
122,40,127,24
91,2,108,25
107,25,177,50
84,25,123,31
84,20,134,40
185,47,155,45
199,60,69,20
101,25,189,45
171,45,70,20
162,24,41,25
207,51,19,0
82,25,153,28
137,65,131,9
106,20,93,0
89,25,163,56
75,20,146,40
151,50,233,65
186,45,59,0
113,24,40,4
15,0,77,4
86,25,107,43
152,36,142,43
127,0,198,35
52,40,210,65
165,40,92,20
98,45,193,39
223,66,131,44
118,30,55,20
142,50,105,43
123,43,69,25
92,40,57,20
161,20,143,30
135,20,174,35
142,50,108,40
99,5,105,40
160,70,76,40
181,56,38,4
112,8,209,50
105,44,91,40
98,32,112,40
94,40,174,60
65,20,136,25
103,25,109,20
143,56,127,39
108,45,94,40
152,50,185,55
196,32,132,43
112,20,71,20
157,40,54,0
163,44,97,10
86,20,94,25
141,45,219,56
204,60,98,23
255,75,162,52
138,20,109,40
104,40,99,45
103,20,125,45
158,40,125,52
184,70,169,30
139,24,178,40
216,62,159,41
150,44,96,21
137,50,107,32
126,30,20,20
72,23,141,4
84,20,202,45
133,43,67,23
171,47,190,65
191,49,77,20
129,23,112,35
121,48,130,23
107,15,85,4
66,20,147,23
50,4,76,2
53,20,40,0
59,20,37,0
29,1,28,2
56,0,95,20
112,20,32,0
60,23,96,40
70,0,51,22
60,2,54,1
83,2,34,0
35,2,76,0
67,20,87,2
60,1,82,20
113,2,14,0
42,20,99,0
39,25,164,40
78,25,64,20
96,20,65,20
111,5,97,30
138,40,57,22
95,40,60,23
106,20,89,40
64,20,66,25
84,20,68,23
113,45,87,40
53,7,83,20
59,5,94,40
112,20,82,40
75,20,77,25
95,21,194,23
96,20,58,20
81,30,95,20
75,23,63,10
95,40,81,23
132,40,102,43
93,40,114,0
104,45,100,43
92,40,72,20
84,20,48,0
112,43,106,20
88,20,102,0
153,26,163,40
100,3,102,20
91,40,84,0
100,25,73,23
49,0,128,23
114,50,82,0
47,0,79,20
145,40,87,20
115,30,80,0
119,40,82,40
108,20,131,59
141,43,97,20
157,40,64,10
56,20,167,41
127,20,77,25
116,40,105,20
129,40,108,20
102,20,99,33
212,45,31,0
13,0,87,20
214,49,27,0
108,22,149,50
55,20,203,43
74,24,66,20
83,20,106,5
191,53,3,0
159,25,29,10
133,20,64,22
136,23,70,20
59,20,121,25
124,45,137,50
22,0,202,65
204,50,21,3
69,20,78,0
115,20,134,38
216,43,40,0
131,28,34,0
4,0,120,25
36,0,208,48
138,34,142,38
97,25,169,49
72,20,114,40
110,26,162,35
164,35,9,3
66,20,123,27
196,70,204,59
28,0,132,7
85,23,54,0
67,0,143,30
163,40,123,23
86,3,107,20
118,38,125,24
73,20,119,45
116,5,104,20
149,55,200,29
138,43,99,25
50,0,68,30
41,0,76,24
10,0,81,20
6,2,91,30
73,0,20,0
65,32,88,20
117,24,69,16
60,20,24,2
32,0,32,0
88,20,83,20
78,20,89,24
51,3,119,0
17,3,29,0
70,20,85,0
123,28,74,0
22,0,56,4
70,16,32,0
160,20,61,0
80,20,44,23
95,10,127,24
33,0,71,20
92,0,82,0
57,0,39,0
102,23,7,2
122,28,160,24
163,13,48,0
83,32,63,0
23,0,30,2
1,0,46,20
59,20,49,20
163,25,20,0
39,0,78,23
85,20,27,0
64,24,78,3
34,0,51,20
42,0,32,0
39,0,97,0
104,43,49,0
29,3,125,20
114,20,4,0
29,20,52,0
87,0,77,23
31,0,2,0
62,20,66,0
4,0,10,0
39,3,74,30
58,40,104,20
57,0,87,0
44,0,34,0
9,0,39,0
83,20,90,0
43,0,84,32
36,0,19,0
33,0,66,30
26,0,204,44
73,26,3,0
92,0,28,2
35,0,104,20
22,0,124,20
142,45,85,23
71,0,89,5
128,40,40,0
164,22,44,20
17,4,35,2
125,23,71,20
76,20,117,10
52,3,146,47
13,0,134,5
35,0,3,0
150,23,61,42
73,0,97,20
131,30,21,10
24,0,121,0
189,40,23,0
170,20,76,35
86,0,127,29
149,4,62,12
15,0,21,3
55,20,101,20
49,0,10,0
134,40,138,40
87,20,132,20
107,26,136,20
36,20,29,0
166,60,3,0
85,23,84,20
66,0,206,54
50,10,129,30
63,0,52,0
145,20,15,0
82,35,140,25
24,0,8,3
157,26,56,0
90,0,183,65
143,42,52,0
177,30,22,10
151,28,29,20
94,5,22,0
132,32,44,2
138,45,143,48
42,10,78,23
51,3,39,0
111,3,102,40
79,20,105,5
109,48,188,51
60,20,108,3
52,0,37,10
116,40,58,23
58,2,193,45
126,28,98,20
110,5,9,0
74,0,111,29
109,28,114,27
65,13,59,20
131,35,97,40
41,28,60,2
150,35,93,7
45,20,130,20
99,0,85,37
107,23,117,20
114,26,43,3
83,5,54,23
98,28,86,20
44,0,190,65
23,0,68,20
64,20,107,23
161,46,65,5
47,0,78,0
94,43,149,30
93,20,69,3
40,3,206,60
180,47,20,0
127,26,69,23
23,2,24,2
14,2,49,2
63,22,26,20
51,2,32,0
11,0,58,0
2,0,26,0
32,20,21,2
52,2,1,0
18,2,62,7
28,0,13,0
10,2,34,20
19,0,21,2
63,2,20,2
61,0,31,2
90,2,5,0
6,2,36,2
43,0,26,2
7,2,19,0
4,0,39,2
8,3,59,6
10,2,25,3
55,2,13,0
35,2,32,20
8,0,62,2
61,20,31,5
46,4,48,0
1,0,58,20
55,20,6,2
22,2,38,22
37,2,25,0
55,2,25,2
48,4,45,0
87,20,94,3
6,3,35,3
21,0,152,28
70,3,62,0
17,0,48,0
52,10,40,20
62,20,83,20
25,6,75,24
26,0,72,3
75,5,64,5
79,40,82,22
102,25,17,0
59,20,32,3
29,3,50,23
34,3,54,20
78,2,25,3
71,22,64,40
48,23,45,10
16,3,114,28
66,20,11,0
53,3,118,23
69,13,47,20
27,3,43,3
71,20,68,20
56,20,92,40
45,0,32,0
68,3,44,20
63,5,1,0
96,20,68,23
39,20,84,3
59,3,89,23
22,0,47,10
78,40,50,0
69,40,33,3
107,23,45,5
31,0,40,3
91,0,29,20
58,10,65,23
62,0,55,20
51,0,42,2
60,3,13,0
49,20,88,24
56,2,18,3
33,20,103,40
20,0,97,0
23,3,97,14
10,3,44,22
57,22,127,23
51,3,34,0
52,20,34,0
65,3,45,3
45,20,40,2
56,10,89,23
76,3,18,0
115,28,69,20
55,22,106,20
34,3,4,0
109,20,22,10
55,23,79,4
47,0,26,0
77,13,53,20
151,44,47,20
49,0,73,13
111,13,34,2
35,3,33,0
31,0,26,2
57,20,51,20
85,30,61,25
174,44,29,3
85,40,71,22
38,20,51,3
98,3,38,3
21,3,60,10
25,0,80,23
27,0,83,29
55,0,91,0
76,22,52,3
55,20,7,0
6,0,101,20
54,10,39,0
124,47,58,2
72,20,99,13
30,0,56,20
9,0,116,23
198,52,33,2
63,20,46,22
72,5,28,20
115,2,80,25
129,30,96,3
27,3,98,20
36,3,182,54
78,0,72,28
76,2,34,3
81,23,19,3
15,0,74,3
53,2,153,49
80,25,107,22
60,20,23,5
104,43,55,0
95,2,27,10
137,25,64,3
121,54,97,20
86,3,48,25
126,45,43,0
130,25,64,22
65,0,96,23
129,47,18,3
75,0,80,5
67,23,81,28
182,52,41,5
75,20,86,24
71,20,51,2
98,0,22,0
63,20,66,6
16,9,91,23
45,5,34,0
68,20,61,20
66,20,61,25
24,0,25,2
97,25,73,20
80,25,76,20
60,20,67,40
18,0,39,2
86,40,56,25
39,0,70,25
29,2,12,2
27,20,76,0
97,40,14,0
25,0,140,45
36,0,22,0
113,45,58,0
61,20,41,0
85,22,69,7
25,0,123,40
45,20,52,0
38,9,9,0
26,20,7,0
2,0,72,43
5,0,36,20
13,0,4,0
30,20,11,0
31,2,30,13
12,0,48,13
21,0,55,20
7,0,52,0
81,43,10,0
46,0,25,20
56,20,31,20
42,20,25,0
21,0,56,30
66,43,23,0
29,0,11,0
23,0,47,20
40,23,33,10
25,0,47,0
121,40,2,0
37,20,68,23
14,0,24,0
2,0,38,0
20,0,68,30
15,0,67,0
29,0,9,0
10,0,67,0
50,0,7,0
0,0,26,10
10,0,25,10
27,0,13,0
7,0,28,20
11,0,9,0
37,20,60,30
7,0,19,0
19,0,12,0
34,0,25,20
42,0,0,0
42,0,10,0
64,20,25,20
14,0,42,0
27,20,19,0
16,0,38,0
12,0,41,20
45,5,9,0
34,20,33,0
67,25,93,20
45,20,9,0
47,0,81,20
76,20,34,5
43,0,92,40
8,0,46,0
119,25,18,10
62,20,62,0
18,0,69,25
23,0,82,20
88,22,43,0
50,3,82,20
101,0,114,40
159,45,70,10
31,0,110,23
103,20,103,25
92,40,140,25
41,0,67,0
115,30,87,24
202,50,66,20
86,20,10,0
115,34,87,40
84,25,93,23
16,0,152,50
48,0,62,10
76,23,133,44
14,0,119,28
100,25,83,0
128,45,137,45
95,27,155,30
120,45,56,10
19,0,117,40
146,43,122,25
126,25,77,20
92,23,56,0
62,0,67,0
61,20,92,0
25,0,35,0
87,20,4,3
39,0,30,12
6,2,97,25
83,23,17,0
83,20,23,0
30,2,54,23
21,0,116,40
108,20,42,0
69,30,18,2
120,40,13,3
96,20,71,27
36,0,17,0
69,20,56,3
56,0,29,22
66,0,96,40
81,23,45,0
34,0,27,3
65,20,51,3
64,20,25,0
74,20,62,40
97,23,139,40
74,20,101,25
56,30,106,20
32,0,37,1
93,23,44,20
116,20,99,45
42,10,56,0
62,20,12,3
69,0,101,20
50,20,34,0
53,23,102,25
111,25,54,40
101,20,98,40
49,20,107,20
46,22,122,20
158,34,63,20
74,20,69,20
108,23,71,20
21,0,89,10
22,0,174,43
64,20,58,0
103,25,33,3
66,20,71,20
125,20,51,20
24,20,86,20
105,30,84,20
49,0,68,20
72,20,38,0
121,40,45,20
11,2,24,0
48,10,45,20
43,20,116,45
54,0,76,20
20,0,70,20
133,44,48,20
27,0,58,30
44,0,113,25
86,24,72,20
120,45,77,25
128,5,51,0
31,0,22,0
86,0,118,25
116,40,82,5
85,23,16,2
67,20,91,20
59,20,76,20
57,5,84,10
92,20,101,5
141,40,48,2
42,0,70,22
72,0,20,0
121,25,49,40
93,25,133,45
105,25,121,0
66,2,26,0
118,5,52,20
144,49,13,5
196,55,56,10
53,20,169,20
39,20,153,40
145,45,213,50
33,0,169,30
106,20,67,40
142,45,62,20
92,45,103,25
130,30,100,20
150,45,84,40
144,44,89,25
67,25,70,20
118,20,102,25
100,30,50,20
99,0,130,25
64,29,153,25
43,20,134,45
81,25,123,45
98,20,41,0
125,25,51,5
35,20,118,20
111,45,90,40
15,0,101,20
55,20,67,25
22,20,79,20
53,5,106,45
31,0,38,0
119,20,59,0
56,22,97,40
149,25,64,20
81,25,60,30
25,0,116,40
58,20,50,0
61,20,70,20
108,20,68,20
94,20,64,20
44,5,39,0
74,20,103,20
127,35,70,20
94,20,41,20
111,20,91,0
86,40,113,25
50,0,99,25
58,0,32,0
80,40,45,0
118,45,117,20
152,25,54,30
17,0,42,0
19,0,42,0
48,0,25,0
1,0,18,0
29,0,10,0
44,0,38,0
24,20,104,10
44,20,17,2
61,20,66,0
14,0,75,20
103,0,51,4
76,22,102,10
59,0,30,0
75,27,58,0
88,30,20,0
47,2,93,12
39,4,89,0
75,20,14,2
24,0,67,3
53,10,33,0
63,30,89,40
37,0,31,2
29,2,61,4
90,10,40,20
59,23,77,20
162,55,120,20
93,40,52,0
73,0,42,5
59,10,116,20
25,0,100,5
63,20,44,0
92,45,107,23
54,5,61,20
38,0,134,50
70,22,74,20
116,40,106,25
149,0,97,5
45,20,167,45
106,30,129,43
121,20,59,0
61,5,90,25
26,0,86,40
40,0,53,20
50,0,143,20
58,20,104,25
79,0,58,20
85,20,88,20
119,43,55,5
68,5,48,0
40,20,169,40
114,25,93,23
103,20,101,20
89,20,35,0
171,25,38,4
18,4,84,20
27,0,133,28
88,20,37,20
132,24,72,40
82,23,138,20
68,24,142,40
18,0,47,3
134,23,168,49
46,20,111,20
19,0,117,2
24,2,64,24
112,47,251,43
82,0,89,24
43,2,32,0
41,8,147,20
79,20,133,23
100,20,137,47
80,40,60,23
120,44,89,23
45,4,101,40
51,0,97,27
66,20,40,0
134,41,142,27
97,23,56,20
49,0,49,0
80,25,101,24
143,5,82,20
67,20,55,0
99,20,94,27
53,40,144,45
39,0,92,29
176,20,145,25
33,2,35,13
102,20,79,23
81,24,83,0
48,20,55,6
112,20,112,28
73,0,90,0
85,40,69,23
57,3,49,2
103,26,98,45
115,34,91,20
137,45,62,4
37,22,27,20
20,2,36,0
44,2,11,0
22,0,25,0
25,0,54,0
112,33,60,22
4,2,38,20
66,44,32,2
104,33,34,20
30,2,56,24
101,13,10,10
7,3,28,0
52,22,4,2
13,0,47,20
26,0,40,0
53,20,43,2
20,20,45,20
28,22,96,10
46,20,41,12
19,0,31,0
13,0,62,0
6,0,82,20
34,2,115,20
41,22,103,10
30,10,15,2
28,10,19,0
104,20,65,5
22,0,12,0
25,2,40,2
15,0,66,0
45,20,71,16
121,33,74,20
0,0,55,22
58,20,38,0
32,2,22,2
46,22,41,0
11,0,18,10
57,25,94,22
85,30,35,23
81,20,35,0
43,20,34,0
10,0,74,1
75,27,66,26
9,0,51,20
20,0,124,2
130,40,49,23
155,43,10,0
39,3,22,2
15,0,66,23
56,0,16,0
35,20,7,0
135,45,33,2
54,25,37,2
52,20,77,3
44,2,82,20
61,0,53,0
74,0,20,0
70,25,100,20
20,0,104,23
109,24,13,0
47,20,32,3
58,20,77,27
47,0,11,0
97,25,61,2
156,43,53,20
65,0,92,26
52,20,55,2
76,22,102,23
47,4,30,0
142,3,30,3
110,0,28,0
71,20,79,0
79,22,88,24
23,0,112,27
5,0,77,45
20,3,106,2
32,2,24,0
32,20,83,20
55,23,72,22
11,2,79,8
89,20,110,22
134,45,76,23
42,20,56,20
36,0,37,2
42,2,29,20
15,0,88,23
59,22,84,2
86,20,46,21
7,3,62,20
31,20,94,0
62,20,28,2
176,50,13,0
43,3,33,20
83,0,65,23
2,0,96,5
0,0,92,21
77,0,179,47
25,2,38,20
59,0,82,26
19,0,78,20
84,0,17,0
155,50,56,21
40,20,13,0
88,25,107,43
39,3,70,26
36,13,71,2
61,2,83,26
33,0,101,20
74,27,58,20
34,20,51,20
98,44,65,23
15,3,110,20
119,25,51,4
44,20,68,3
59,5,51,20
56,3,79,23
44,0,148,30
165,40,32,0
65,10,81,20
42,0,30,0
113,25,51,3
90,20,27,0
79,20,65,5
31,10,27,0
110,30,152,30
30,10,136,25
37,0,81,20
132,20,138,25
151,48,68,12
20,0,70,0
29,0,71,2
33,0,156,45
178,60,117,20
38,2,11,0
114,20,33,0
58,0,63,0
47,0,34,0
44,10,124,15
99,20,22,20
10,0,149,35
109,20,75,0
100,24,92,20
61,25,29,3
44,0,50,0
52,10,171,25
147,21,52,0
55,2,26,0
141,44,104,40
49,10,104,10
29,0,26,0
165,35,21,3
172,40,41,10
171,40,90,25
133,24,112,25
31,0,66,0
36,2,94,0
51,20,97,0
56,10,63,6
51,0,15,3
29,0,97,4
105,25,110,20
157,44,70,20
48,20,55,20
13,0,53,3
13,0,145,8
50,20,51,0
55,0,112,43
25,10,81,20
20,20,81,29
75,27,80,20
117,25,34,0
55,20,67,0
129,30,71,26
60,0,48,0
123,20,46,3
112,4,41,9
20,0,59,0
70,0,56,22
102,20,38,20
111,5,69,25
87,32,56,3
71,0,72,4
97,20,63,0
63,22,62,20
43,0,149,44
98,24,98,30
97,5,150,25
25,3,77,20
78,24,140,40
92,29,41,2
21,2,93,28
12,3,98,9
139,25,128,23
100,27,70,0
35,20,23,0
12,0,84,9
2,0,106,15
11,0,69,22
0,0,100,20
78,20,28,0
45,0,25,0
49,0,80,22
22,0,6,0
112,20,15,0
69,25,12,0
130,29,5,0
87,25,41,0
81,4,21,0
54,0,72,20
54,2,113,29
94,40,10,0
56,0,30,20
3,0,29,0
43,20,11,0
57,0,114,25
19,3,67,20
33,3,72,27
52,20,44,0
65,20,31,0
12,0,33,0
143,29,22,0
88,4,9,0
47,0,43,25
64,20,40,0
6,0,24,0
112,32,86,20
32,0,41,3
66,20,75,20
11,0,13,1
39,10,84,20
9,0,53,20
79,15,13,0
33,20,2,0
37,0,116,25
62,10,93,25
20,0,43,0
70,24,4,2
20,10,67,20
40,20,57,0
79,24,11,0
43,2,78,41
90,25,10,0
76,25,25,0
49,10,13,2
27,0,76,24
83,25,111,4
105,25,35,21
52,20,9,0
171,49,5,2
58,0,50,0
5,0,17,2
21,0,75,27
19,2,18,3
44,40,59,10
144,40,99,24
73,20,69,0
108,29,73,20
29,3,61,25
105,24,51,0
77,25,30,5
71,4,65,20
36,25,0,0
68,20,118,0
110,26,64,3
21,0,87,30
13,0,90,27
33,0,58,10
77,25,94,20
67,20,103,25
155,24,60,10
54,3,61,20
89,0,50,0
95,35,109,0
66,40,57,20
111,24,81,20
113,24,71,20
38,3,88,0
62,10,71,20
168,45,70,24
13,0,217,45
97,20,20,0
69,20,82,24
73,0,102,3
36,0,69,24
105,20,23,4
36,20,56,20
29,0,39,0
45,0,2,0
39,4,73,2
98,22,40,20
35,0,17,0
88,40,10,0
57,12,101,29
24,0,69,4
20,10,31,10
120,29,40,0
55,0,120,40
54,24,11,0
41,0,53,0
99,24,111,20
21,0,108,20
83,25,79,20
102,20,76,20
61,0,16,2
0,0,2,0
73,20,9,1
92,20,29,0
7,0,6,0
34,0,15,0
3,0,1,0
3,0,24,0
21,0,4,0
81,20,47,0
17,0,58,20
8,0,92,20
23,0,6,0
10,0,85,0
17,0,31,0
92,20,21,0
99,20,24,3
0,0,9,0
41,0,14,3
8,0,86,20
20,0,107,20
12,3,14,0
8,0,100,20
17,2,24,0
26,0,11,3
32,0,97,20
100,21,21,0
14,3,12,3
9,3,71,23
9,0,27,3
109,20,8,3
18,0,110,21
6,0,134,23
35,3,16,0
129,20,17,3
16,3,25,20
95,3,22,20
30,0,95,20
22,3,43,3
26,0,11,3
29,3,84,3
41,0,10,3
41,24,46,3
7,0,118,20
106,23,15,3
27,3,5,0
19,3,21,3
59,2,25,2
56,0,78,10
64,2,82,24
47,0,40,2
28,0,71,6
26,2,53,0
66,2,61,20
80,0,32,0
47,4,78,4
46,27,14,10
30,2,82,13
97,40,84,2
74,20,44,0
108,25,75,36
58,7,11,0
49,0,86,20
86,13,5,0
85,3,55,0
151,25,19,2
94,23,31,0
69,0,64,22
59,20,66,7
61,0,50,2
105,13,101,20
103,23,73,20
34,0,57,20
77,23,48,2
77,4,109,33
5,0,110,20
50,0,157,33
136,25,89,4
67,20,94,25
71,20,82,49
29,0,90,25
126,25,65,6
84,28,114,0
119,25,49,0
148,25,29,20
32,2,163,44
93,26,128,43
102,20,125,4
126,26,19,2
90,0,42,0
89,20,192,48
31,0,80,20
87,6,92,5
123,26,227,25
86,2,119,26
51,10,109,25
63,37,195,61
132,49,12,0
101,30,115,5
33,0,118,26
110,27,115,0
114,10,28,20
160,46,95,0
117,20,99,23
47,5,164,23
135,28,139,20
98,30,88,10
50,20,119,45
63,20,224,54
81,43,167,40
83,23,71,23
46,20,91,3
142,23,22,20
148,40,66,22
85,40,112,25
37,20,122,45
75,20,116,23
172,52,58,23
23,3,63,23
88,20,129,40
80,20,78,23
194,50,56,20
31,0,137,20
135,40,36,0
113,3,59,22
43,23,20,0
98,40,8,0
39,22,203,49
27,0,101,3
111,47,23,0
98,23,44,22
99,20,92,23
120,46,59,23
74,5,78,20
59,20,179,43
104,20,74,40
130,20,65,2
115,28,36,5
99,23,118,23
58,20,141,27
160,52,120,20
107,40,76,40
86,40,64,0
144,23,35,0
38,0,100,40
23,2,133,43
152,45,88,44
57,0,133,40
40,20,145,24
115,23,78,23
135,23,39,20
165,48,85,40
89,23,49,30
125,40,83,23
203,40,33,20
39,0,65,0
45,20,56,20
24,20,25,2
5,0,41,20
73,40,9,0
53,40,7,0
13,0,42,20
14,0,82,20
51,20,37,0
46,20,63,20
54,20,42,20
81,0,22,0
53,20,108,40
24,22,63,20
0,0,92,0
19,0,12,2
54,20,20,0
21,0,29,0
67,40,22,20
14,2,62,22
76,20,95,20
61,40,48,22
56,20,45,25
33,0,23,0
40,20,68,20
3,0,23,0
68,20,67,20
16,2,69,20
27,20,156,20
4,2,70,20
67,20,77,40
57,0,46,20
47,2,14,0
61,22,74,20
21,0,51,20
12,0,44,0
42,0,45,22
125,40,53,0
32,20,33,2
59,4,31,0
101,20,4,0
64,20,28,2
62,0,50,20
60,23,26,2
22,0,79,25
80,20,38,20
78,12,20,2
55,20,11,0
39,20,53,20
52,20,70,26
13,0,61,20
60,0,56,20
12,0,73,20
38,20,90,23
14,2,141,26
80,20,46,0
60,22,57,20
140,44,87,20
28,0,19,2
81,23,35,20
53,22,27,0
68,40,52,20
52,23,47,20
120,22,49,20
115,22,100,20
106,20,30,20
85,24,40,2
117,43,53,20
44,22,19,0
46,20,12,0
44,2,25,20
67,20,71,2
132,20,64,20
98,40,91,20
48,2,106,25
74,20,49,20
11,2,102,40
29,0,64,20
84,28,75,22
22,0,44,20
106,44,66,20
127,40,63,20
55,20,56,5
45,20,10,2
19,0,71,22
45,23,62,0
69,40,121,20
86,20,150,43
134,40,26,22
6,0,37,20
42,2,28,0
44,20,91,20
66,20,18,0
13,0,74,40
98,25,69,20
87,20,133,23
11,2,81,43
76,20,50,0
59,20,81,23
66,2,84,20
7,2,106,20
87,22,15,0
78,20,25,0
90,23,117,49
2,0,27,20
77,40,67,20
94,43,32,2
125,23,57,4
97,20,25,0
83,20,104,40
116,20,48,20
21,10,127,3
76,20,98,43
121,23,17,0
120,22,57,20
35,20,99,20
107,45,64,20
116,20,56,23
119,40,67,22
49,20,101,23
31,0,23,0
103,25,16,2
52,20,171,48
83,40,30,20
55,4,50,20
94,23,46,22
82,40,83,20
123,40,68,40
124,24,22,2
109,43,115,40
32,20,169,48
40,20,26,0
116,20,41,20
42,20,16,2
32,2,171,45
50,20,81,23
72,40,88,40
99,28,65,0
86,20,74,20
144,27,74,22
71,0,48,23
56,20,49,22
104,44,77,20
67,45,110,25
118,40,32,2
94,0,75,20
39,20,101,3
87,40,40,20
67,20,21,2
63,2,67,20
67,2,84,23
59,23,76,5
105,20,68,20
140,44,50,20
71,40,32,0
44,3,163,43
111,40,15,0
39,20,155,24
57,20,40,0
166,45,28,0
41,40,71,40
119,32,92,43
31,3,126,20
64,20,88,40
197,43,74,40
65,2,43,23
88,40,23,20
67,20,147,43
80,43,111,29
93,22,91,20
60,20,129,43
66,20,155,20
59,20,185,40
102,43,75,20
35,22,151,20
164,45,68,20
35,2,93,43
38,23,74,22
80,20,67,20
103,43,98,20
50,20,137,31
61,20,100,40
81,20,43,0
89,23,107,25
85,40,70,20
44,0,142,45
41,20,70,0
114,20,186,20
98,0,129,20
107,24,234,20
138,40,112,40
19,0,143,23
88,55,209,33
197,20,123,20
114,45,85,30
172,49,166,25
189,48,243,45
96,0,145,23
54,43,123,23
176,38,188,49
138,35,83,50
161,43,137,40
131,29,95,20
149,20,109,0
71,40,157,45
174,25,107,23
101,30,105,40
54,20,184,20
163,44,118,20
62,20,130,20
181,29,134,20
58,0,116,25
130,3,129,23
200,40,127,40
124,45,119,40
141,40,74,0
171,64,96,44
241,46,148,40
150,43,192,33
116,0,149,45
113,25,133,30
58,30,96,29
110,23,109,23
72,30,216,40
183,33,79,0
84,28,208,60
175,48,177,53
110,5,203,45
172,45,147,46
148,53,128,35
150,43,92,28
81,20,75,20
50,10,6,2
126,30,4,0
12,0,55,8
139,46,20,0
61,15,40,3
59,14,18,0
77,7,14,0
35,3,198,40
13,0,54,5
62,5,112,20
36,20,35,0
23,5,109,20
4,3,62,0
120,24,59,0
43,0,106,14
13,0,105,20
18,0,45,3
65,0,12,0
93,25,100,23
106,25,21,0
6,3,124,13
78,20,17,3
72,0,26,0
82,23,13,5
51,13,161,35
6,0,28,2
118,35,16,2
19,2,49,0
98,23,4,0
22,2,18,4
26,0,84,20
53,22,31,10
88,0,18,2
117,25,47,20
8,5,6,0
39,0,104,30
12,2,10,0
33,2,49,5
57,3,98,30
78,20,126,20
58,2,74,0
38,2,127,28
57,3,53,0
52,2,40,2
53,8,16,0
102,33,27,5
27,2,28,2
70,23,140,31
33,20,68,0
49,3,11,0
16,0,60,16
43,3,70,31
52,24,62,0
24,0,140,23
97,20,44,20
104,4,41,3
97,20,15,1
87,20,63,22
49,0,26,2
66,22,75,22
22,2,67,5
39,2,73,0
70,20,36,2
33,0,82,20
45,2,59,2
116,25,61,0
89,20,33,0
72,0,33,0
135,31,38,20
115,25,99,0
31,7,132,11
62,20,72,25
29,5,43,5
90,40,115,30
71,0,84,15
110,22,57,20
112,20,21,2
153,51,64,10
27,0,69,22
43,7,92,43
102,35,68,20
154,36,24,2
98,0,91,11
65,5,13,2
94,20,60,7
82,25,150,46
23,0,39,20
167,51,45,5
59,0,44,0
114,31,117,25
50,2,83,20
74,17,99,22
60,20,106,12
134,35,105,20
77,20,97,43
65,15,122,28
79,23,30,2
75,23,52,17
196,53,57,20
12,0,151,43
84,20,27,2
147,30,42,2
139,35,75,23
45,20,57,20
26,0,80,5
115,3,22,0
173,40,19,0
44,0,92,0
65,0,110,43
85,5,98,0
84,23,181,40
70,5,74,20
95,15,62,22
199,23,113,35
18,0,33,2
85,30,93,5
59,7,46,0
72,2,3,3
86,20,66,5
25,2,15,0
50,0,102,35
18,3,4,2
72,0,18,0
43,3,18,0
123,27,52,13
4,0,107,13
29,0,81,15
26,3,68,17
24,0,93,23
67,10,18,0
19,0,30,0
128,35,53,13
61,15,59,10
35,2,50,20
21,3,52,0
45,10,20,3
82,25,80,7
34,0,76,7
27,3,105,30
117,30,32,3
51,0,56,2
104,20,74,0
46,2,137,30
69,10,74,0
41,0,24,2
150,10,48,0
141,20,20,2
36,3,80,10
128,17,74,22
88,0,75,30
33,2,14,0
148,20,45,0
26,0,35,10
57,10,86,4
60,12,29,0
49,10,36,0
47,20,150,30
87,5,41,0
40,20,102,10
121,35,21,0
92,44,77,10
142,30,57,10
38,0,66,0
45,30,123,40
76,25,54,20
175,34,31,0
110,30,7,0
51,4,196,50
32,0,12,0
51,0,39,20
42,0,33,0
54,20,61,0
38,20,78,20
38,0,70,30
29,0,54,0
34,0,50,0
38,0,34,0
60,0,28,0
51,0,10,0
10,0,63,0
32,0,122,0
42,0,46,10
56,0,22,0
75,30,66,22
22,10,25,0
42,2,30,0
37,0,28,0
32,0,58,0
73,2,31,0
14,0,47,2
125,20,59,11
57,0,122,1
51,0,77,0
125,40,20,10
62,0,52,0
103,0,60,2
19,0,37,0
34,0,16,0
109,20,98,30
34,0,16,0
109,20,98,30
61,0,102,10
25,0,104,20
2,0,57,0
87,20,95,0
111,0,2,0
111,20,65,20
23,0,90,0
20,0,105,20
61,10,47,20
116,20,102,10
64,0,115,20
69,0,98,1
74,0,31,0
65,20,126,20
83,10,59,0
154,41,18,0
48,10,124,30
113,20,108,40
62,0,13,0
18,12,27,20
111,40,49,2
31,0,9,0
95,0,97,20
8,0,94,23
125,20,54,20
61,0,88,20
14,0,132,10
108,20,64,0
67,14,55,0
26,0,26,0
100,14,69,20
43,11,131,22
139,0,13,0
119,28,53,20
53,20,26,3
136,40,20,0
122,32,4,3
74,2,41,4
95,25,17,2
143,52,59,22
107,40,93,23
23,4,16,0
12,2,54,12
74,0,75,20
16,0,92,23
110,28,50,24
28,0,11,2
513,2,91,20
11,2,145,20
105,40,57,20
35,4,178,44
30,0,51,22
73,20,100,12
124,40,128,29
95,27,71,22
63,24,10,3
76,20,91,23
64,24,126,18
103,24,48,2
147,40,49,0
29,2,71,30
34,20,138,50
72,24,173,48
65,22,42,20
52,2,136,44
88,25,99,20
67,20,75,0
55,23,93,0
129,28,13,3
143,20,95,25
85,3,35,0
153,45,119,30
32,20,66,3
64,20,116,20
65,0,128,33
98,20,69,24
97,40,170,20
28,0,91,0
101,0,45,0
106,0,163,25
86,27,85,20
116,30,112,20
80,40,52,0
165,50,65,0
24,0,50,20
162,40,62,20
45,20,188,35
83,3,131,20
126,17,55,0
33,0,146,23
70,14,142,35
163,43,172,39
25,0,113,25
118,27,166,45
145,24,89,40
94,0,96,23
117,20,68,4
91,23,189,38
70,20,276,43
101,20,57,10
124,30,19,0
128,24,86,20
141,35,153,28
82,13,121,3
84,0,32,0
195,60,102,30
36,0,98,20
36,0,137,26
100,25,173,46
125,24,134,20
88,30,68,30
56,20,48,0
76,30,35,0
144,40,115,40
45,0,49,20
25,0,78,20
75,0,66,0
78,20,57,0
102,10,76,30
80,0,64,0
66,0,82,20
110,0,29,0
38,20,96,21
99,0,27,10
26,0,103,40
106,21,28,20
51,0,89,21
62,20,58,0
36,20,130,30
2,0,95,41
59,0,32,10
68,21,39,10
62,20,108,20
63,0,65,0
55,0,125,41
78,20,62,2
36,20,88,10
118,30,83,21
33,0,83,20
88,20,26,0
80,20,84,20
62,0,90,0
54,10,74,20
61,20,71,10
44,0,125,41
103,20,82,10
89,40,85,25
76,20,77,30
22,0,129,30
87,20,33,0
125,40,91,20
56,20,150,35
17,0,65,20
96,32,89,21
117,41,56,0
91,10,128,40
84,22,91,20
121,40,90,20
78,10,110,41
89,20,100,20
97,40,76,11
130,40,75,1
57,0,61,20
109,20,63,9
149,41,78,20
26,0,126,25
91,20,158,40
116,41,55,10
15,0,62,0
119,21,161,40
48,20,133,30
113,0,64,21
107,10,96,20
160,25,34,20
146,20,109,10
33,5,91,21
113,24,184,25
113,24,125,25
24,0,79,16
91,34,80,0
100,40,68,0
49,20,115,24
159,44,152,10
51,20,81,5
10,0,133,20
41,0,126,20
217,48,39,21
83,0,99,30
153,44,30,0
117,35,186,47
116,31,82,20
156,20,48,5
119,25,105,0
78,25,142,48
37,21,142,24
80,5,100,0
198,55,117,1
80,25,28,10
147,50,178,44
23,0,226,44
81,5,91,20
90,3,24,2
126,20,24,0
80,10,84,20
78,2,32,0
35,0,66,20
138,20,71,1
8,0,48,22
17,0,41,0
117,20,110,20
13,0,92,1
92,4,11,0
32,0,79,20
197,41,24,3
81,23,61,0
60,0,115,20
64,24,202,41
41,3,42,0
84,0,77,0
105,20,82,21
19,0,145,20
24,0,70,0
62,3,84,40
35,22,184,49
109,20,57,1
64,25,111,24
28,2,104,22
83,22,157,41
75,20,22,20
90,30,53,10
86,28,19,3
53,20,69,20
190,50,24,3
71,10,155,41
56,3,33,3
99,23,43,40
83,40,116,20
129,41,97,24
52,3,28,3
116,20,86,3
46,23,184,44
111,30,94,20
82,20,42,3
37,12,115,40
151,23,83,23
69,2,128,20
64,23,124,30
69,44,122,25
151,56,70,23
123,20,58,20
22,4,32,3
100,25,76,23
83,7,47,3
132,20,95,22
99,40,41,10
83,25,14,3
33,22,93,22
154,37,140,26
82,20,16,4
113,10,37,0
64,20,20,0
66,20,125,20
22,0,227,48
159,24,29,0
64,20,197,30
129,40,42,12
41,5,88,20
86,20,34,2
117,28,67,20
50,0,17,2
31,10,139,30
123,50,38,20
125,40,33,1
54,22,105,20
159,30,41,2
51,25,77,10
66,20,117,24
128,47,37,0
187,40,36,20
25,0,48,5
43,0,122,20
135,30,52,20
150,38,48,20
84,20,89,45
26,0,24,2
28,3,83,20
63,0,65,1
54,0,129,28
94,10,168,20
92,40,141,20
85,20,42,20
83,2,26,0
8,2,123,49
41,20,55,2
49,23,50,0
44,0,36,0
129,26,85,20
86,0,15,0
48,20,74,4
57,2,49,2
90,13,75,22
93,20,120,22
81,0,54,2
75,4,48,2
67,20,52,2
114,20,158,24
102,0,21,2
35,10,157,28
12,0,83,0
36,3,72,0
52,22,22,0
11,2,29,0
70,20,99,20
79,26,105,24
101,20,18,0
27,0,118,20
114,24,52,0
108,24,94,20
57,20,20,0
23,0,10,0
63,0,38,0
75,20,31,2
58,20,64,0
80,0,4,0
27,0,35,10
11,0,65,2
80,30,56,0
4,0,44,0
23,0,100,20
14,0,68,0
61,20,22,2
75,0,26,0
36,5,140,58
30,0,54,0
39,10,89,0
76,10,123,28
49,0,98,20
94,26,94,40
127,49,73,22
58,20,118,55
44,20,130,24
79,24,66,20
87,10,65,20
74,40,55,0
12,0,194,54
57,24,13,2
39,0,21,7
38,0,44,2
15,10,107,30
3,0,143,24
14,2,28,0
81,24,2,0
104,12,49,0
46,0,45,0
7,2,141,29
85,20,21,12
107,20,20,2
49,0,100,29
4,2,47,17
37,2,51,6
65,2,58,20
75,10,20,0
48,10,37,0
45,0,28,20
26,2,61,4
24,0,22,2
31,10,14,0
52,4,17,0
32,0,81,20
35,2,10,2
15,0,97,20
33,2,26,2
11,0,11,0
33,20,20,2
12,0,42,4
56,20,87,22
28,0,71,6
26,2,46,2
11,0,27,2
72,2,49,20
50,20,28,10
21,0,6,3
96,0,20,0
118,20,103,5
248,40,34,0
127,3,118,20
127,0,127,50
119,24,142,49
109,40,105,20
134,13,59,0
60,20,97,20
115,45,173,24
112,29,59,30
96,40,210,50
47,0,151,20
87,20,51,20
146,25,213,50
78,10,83,20
31,4,81,20
154,20,154,49
151,46,50,13
161,50,77,20
143,20,108,22
71,4,43,20
175,44,63,32
97,20,152,38
95,27,99,20
154,0,152,54
180,32,111,20
130,48,101,40
98,27,158,26
131,20,84,20
121,40,145,44
147,45,126,20
181,48,128,23
156,52,74,22
61,20,175,24
81,20,135,22
152,44,145,44
94,40,167,50
154,31,80,24
151,40,136,45
192,48,96,20
71,29,104,40
40,0,118,25
230,63,82,20
168,24,67,8
100,4,99,40
208,56,96,40
63,28,146,20
217,43,64,40
160,20,142,44
176,45,141,20
202,58,66,20
105,13,143,56
193,44,122,25
111,22,91,20
136,47,126,48
91,20,49,20
49,13,60,0
159,16,70,13
61,0,128,40
182,27,29,0
106,20,46,3
88,21,25,0
199,31,112,3
66,24,183,16
44,0,102,22
120,44,57,0
100,10,64,3
158,24,23,2
115,30,63,0
95,3,130,23
127,20,79,20
154,44,80,0
119,3,126,19
55,13,104,40
31,0,144,14
64,20,129,33
73,2,57,0
78,7,88,5
137,44,116,26
15,2,61,5
27,23,147,43
49,3,63,22
16,10,48,3
30,2,80,5
45,0,29,3
42,22,60,13
218,30,50,22
51,22,65,23
45,23,52,20
22,3,90,5
80,40,121,6
22,3,47,3
80,23,84,23
51,23,50,20
17,3,33,3
68,26,53,20
89,20,60,5
30,3,41,0
69,20,86,25
71,5,39,12
116,0,34,3
36,3,4,0
35,0,101,30
100,20,71,13
58,20,125,34
22,10,100,23
93,40,38,20
38,10,12,0
120,30,46,20
99,30,47,10
37,0,64,0
36,0,42,0
49,12,45,0
57,20,39,0
88,4,20,0
44,10,103,20
30,0,78,20
73,20,48,2
67,20,66,5
35,3,94,22
10,0,27,22
74,2,40,0
51,3,51,3
27,0,16,0
46,3,135,22
16,5,13,0
50,20,84,20
47,0,96,20
112,25,28,0
6,0,24,2
60,3,44,0
100,23,75,0
121,20,30,3
68,10,1,0
38,2,35,0
74,15,67,20
15,3,39,3
87,25,11,3
45,0,104,23
12,2,12,2
55,0,34,0
12,3,25,3
137,20,13,2
15,0,44,3
62,0,13,0
132,29,54,12
125,20,29,3
17,3,59,20
21,2,11,0
66,23,108,20
112,20,81,3
34,2,18,5
58,10,30,0
88,24,87,23
19,5,89,0
33,3,93,6
63,13,82,22
42,6,76,0
148,20,11,2
60,3,39,2
12,6,61,0
5,0,21,5
17,2,12,0
45,4,77,22
23,0,52,10
24,20,24,0
17,8,26,0
43,2,71,20
22,2,14,0
107,20,15,0
44,3,42,3
70,23,12,0
95,40,88,20
36,3,3,0
43,5,48,5
41,5,14,3
33,3,59,20
41,3,46,2
13,0,73,24
43,20,64,20
107,21,104,22
16,4,167,45
127,23,82,40
49,0,91,0
40,0,93,0
48,0,37,20
174,28,50,20
10,0,138,34
115,1,46,0
108,0,32,2
145,23,68,0
51,20,78,20
50,21,112,24
135,8,39,20
51,0,83,20
183,48,202,48
178,33,182,27
181,32,106,36
120,47,194,40
81,22,81,40
137,20,150,37
170,31,146,28
114,30,177,44
233,61,89,23
136,20,94,0
123,30,138,32
148,40,146,53
82,10,142,23
113,40,182,20
140,23,127,12
219,60,96,31
58,20,242,60
142,25,184,56
146,28,198,32
157,23,64,2
162,43,232,56
220,56,81,0
171,48,187,44
75,32,166,24
98,10,115,29
172,40,149,28
98,7,238,39
130,25,111,23
69,10,98,26
145,29,229,40
178,65,132,20
232,35,164,44
121,43,139,25
190,44,95,20
135,30,167,37
192,60,141,9
109,4,194,44
214,40,136,35
209,40,152,23
151,32,162,39
155,48,137,31
171,52,98,44
113,47,136,27
184,40,92,20
49,0,133,20
173,50,180,59
155,37,136,48
108,43,171,49
149,20,182,58
115,24,85,20
114,43,217,58
170,53,219,62
248,34,111,20
145,27,151,34
91,20,127,20
160,23,107,43
125,0,179,50
191,49,164,58
111,23,140,28
211,43,148,56
170,30,100,0
189,44,179,67
157,44,169,47
108,28,191,60
79,23,161,7
201,25,192,47
111,20,110,46
196,58,145,43
115,26,119,22
194,44,216,64
113,52,212,44
194,59,123,32
101,43,100,20
115,20,55,4
188,24,24,4
104,0,77,14
76,12,145,20
127,23,57,20
67,0,100,3
133,40,51,3
117,24,228,59
44,0,222,61
110,20,86,20
154,18,130,44
91,27,87,1
129,25,78,20
34,24,113,13
81,23,92,20
94,40,112,0
51,20,64,22
30,2,83,0
120,25,18,0
37,0,116,20
99,43,110,30
93,25,115,20
51,3,35,5
118,25,99,13
76,20,57,20
50,20,89,20
93,5,89,22
42,22,156,43
102,5,20,0
122,40,93,20
113,33,4,0
60,21,97,27
108,32,148,43
156,20,67,25
96,23,56,0
107,40,70,20
114,23,43,25
45,0,21,6
102,30,101,30
77,30,106,40
41,0,92,43
22,0,114,20
12,0,55,2
157,40,187,50
108,40,94,22
126,30,22,0
82,16,77,30
113,45,7,0
48,5,63,21
83,22,113,25
102,22,39,0
63,20,32,0
73,22,69,25
123,31,138,30
100,4,80,2
32,0,42,20
94,40,26,2
61,10,98,20
68,0,23,3
73,20,49,2
89,25,81,23
21,2,52,2
62,20,112,21
133,25,87,10
26,2,29,0
50,20,17,3
44,4,163,25
45,13,85,0
55,22,83,21
73,30,82,20
144,48,88,14
136,27,30,0
28,0,125,23
57,20,44,30
62,3,75,27
62,3,147,27
101,40,39,5
76,27,94,27
68,40,152,26
83,30,132,54
85,27,88,25
76,23,150,30
41,10,90,25
96,27,27,4
146,43,80,28
52,2,59,6
29,0,34,2
35,2,28,2
132,25,46,20
79,20,60,10
59,5,91,20
120,27,13,2
11,2,46,20
71,25,135,23
35,2,78,0
78,20,28,2
17,3,56,20
73,2,119,23
20,0,42,22
62,0,13,4
97,23,18,2
119,23,49,7
52,20,49,4
94,25,31,0
33,20,113,25
33,20,86,14
33,3,70,20
13,0,36,5
56,12,82,20
40,3,34,3
30,10,75,23
24,3,56,20
49,20,100,34
12,0,93,40
82,6,28,0
145,23,43,17
58,0,34,2
84,16,129,28
37,12,20,2
75,23,96,6
81,20,102,31
34,3,75,17
128,2,43,20
21,3,76,0
22,0,21,0
47,5,0,0
79,0,27,2
83,3,72,20
65,20,45,2
17,0,48,0
129,20,23,2
41,10,31,5
35,0,58,3
20,0,72,4
36,0,62,0
27,0,60,3
27,0,57,10
26,4,58,22
34,0,42,3
21,2,91,20
37,0,40,0
57,2,35,0
11,3,68,20
47,22,38,7
65,0,59,7
29,2,22,20
41,20,48,4
87,3,118,41
134,2,11,0
90,20,23,2
39,20,149,40
24,0,44,2
90,25,53,10
29,2,41,0
22,2,62,20
74,2,84,20
19,2,40,21
131,22,41,4
117,20,35,4
31,0,40,10
27,0,26,2
36,0,37,22
22,0,50,40
12,0,39,10
62,0,54,2
24,0,18,4
39,20,63,0
11,0,65,10
44,2,24,0
26,2,51,2
79,40,26,4
68,10,16,2
56,0,35,2
56,22,42,2
41,22,83,0
69,10,112,0
73,40,35,0
23,4,56,2
13,4,66,20
41,20,69,20
2,0,34,2
27,1,77,20
69,21,18,0
24,2,100,20
37,3,8,0
70,20,62,2
10,0,104,20
75,2,41,20
63,20,7,0
104,2,2,0
72,20,35,0
42,4,70,24
10,0,17,2
12,0,23,0
108,48,52,4
57,0,35,0
34,0,37,20
37,16,35,23
44,0,64,20
22,0,66,30
17,0,81,0
26,0,81,20
7,0,72,0
78,20,82,24
25,0,28,2
30,0,66,23
59,12,29,20
14,0,139,20
65,0,26,3
146,40,91,40
20,2,24,0
99,23,60,10
29,2,138,25
33,0,18,2
49,10,119,40
34,10,33,2
83,2,74,20
75,20,118,35
81,20,24,3
56,20,39,0
47,23,61,25
115,30,44,3
40,3,7,0
97,20,41,20
115,20,34,3
98,23,45,11
78,25,147,44
27,0,143,40
6,0,94,0
25,0,48,20
48,4,88,20
34,0,37,0
216,20,29,0
72,23,39,3
114,40,85,40
131,23,94,22
83,20,17,0
55,0,36,20
104,0,39,20
77,25,75,23
59,20,68,0
129,40,74,20
26,0,130,20
62,26,61,20
123,23,69,40
90,23,21,0
9,3,104,20
142,20,47,21
57,23,124,20
83,40,127,44
55,23,132,20
53,20,118,20
48,3,98,20
34,3,83,5
118,25,124,25
164,40,60,20
15,2,33,0
87,23,92,3
81,4,67,24
44,0,158,24
88,23,85,0
14,0,85,0
72,20,60,2
30,0,113,23
40,3,36,20
70,23,102,20
35,2,146,45
53,22,34,3
109,22,32,20
37,2,79,13
112,20,48,0
53,3,69,0
33,3,100,0
41,0,50,0
68,3,76,3
71,3,15,0
91,22,31,3
103,20,44,5
109,22,15,2
49,23,64,0
58,23,58,2
29,3,42,2
100,24,35,22
28,3,66,23
70,0,16,2
89,23,21,2
42,2,72,21
49,5,33,2
60,40,107,20
45,5,38,20
105,22,59,22
67,41,29,4
85,4,52,22
67,22,90,22
44,23,116,20
71,0,50,3
40,0,51,0
18,2,57,20
9,2,40,0
12,0,15,2
64,20,49,0
61,22,23,0
57,2,18,2
96,2,14,2
28,2,26,0
95,2,22,0
33,0,30,2
29,2,52,2
9,0,106,0
8,0,36,20
58,3,20,0
78,0,34,20
44,0,23,20
72,0,26,2
51,20,55,0
30,0,69,0
24,3,18,0
52,0,43,0
82,20,108,13
48,20,54,3
27,3,79,22
24,0,49,20
42,0,78,20
35,3,94,10
32,2,78,20
36,0,34,0
22,0,117,30
56,22,29,20
66,0,23,2
29,0,45,0
57,0,81,0
8,0,0,0
44,20,115,35
26,0,64,0
42,3,2,0
112,40,84,25
51,11,9,0
100,25,8,0
37,3,53,20
42,3,46,20
16,0,53,0
44,20,62,20
12,3,9,1
138,40,56,20
17,0,22,0
17,3,3,0
115,40,34,0
18,0,6,0
32,2,23,0
81,20,19,3
122,20,28,20
5,0,76,40
18,0,15,2
94,2,20,0
79,3,9,0
36,0,41,0
58,3,61,23
7,0,83,20
117,23,48,20
19,3,44,20
38,0,21,0
67,23,29,2
95,23,13,2
48,20,63,20
62,0,85,12
113,0,36,2
44,23,57,3
110,20,34,0
46,0,29,3
48,23,75,3
23,0,16,2
31,3,86,0
26,2,120,45
62,9,66,24
83,40,81,22
34,0,136,40
79,20,10,0
55,23,67,0
72,20,45,20
53,20,82,25
46,20,64,23
83,25,85,0
11,0,111,20
99,23,77,40
80,5,53,20
122,43,99,25
100,22,48,20
50,20,50,20
72,20,11,0
41,20,134,20
28,2,62,20
70,23,63,30
38,20,76,10
84,40,74,22
116,20,55,0
71,40,78,0
88,20,65,23
64,23,89,20
109,40,26,0
58,0,65,20
73,20,139,40
55,2,86,23
46,40,13,2
50,20,86,20
58,20,43,20
30,20,59,20
105,22,58,2
31,0,23,0
18,0,36,3
82,20,22,0
86,20,53,25
31,0,69,20
16,0,25,0
14,2,51,20
35,2,29,0
19,2,91,22
31,2,77,40
105,22,27,3
21,2,64,2
67,20,36,3
59,7,33,4
22,0,56,22
30,20,32,2
90,2,45,22
54,2,52,0
104,12,59,20
6,2,41,22
42,20,51,22
65,2,23,2
43,2,21,2
34,2,95,20
35,4,25,0
28,2,65,22
44,20,2,0
63,22,43,7
24,3,121,0
102,12,86,20
50,2,100,20
78,2,68,0
56,15,142,20
19,3,34,2
186,45,74,2
82,5,76,0
75,7,81,7
143,41,88,3
114,20,50,2
96,3,107,5
123,40,119,23
94,35,55,10
44,0,86,3
87,3,81,20
104,21,106,10
83,23,137,25
99,2,53,3
68,0,49,3
65,23,213,46
101,3,30,0
143,23,101,6
70,0,138,15
39,3,144,23
133,20,75,23
148,21,54,3
59,2,65,3
68,23,124,23
136,40,51,0
48,25,76,20
16,0,79,20
65,0,16,0
4,0,112,20
102,20,24,0
43,0,39,5
10,0,81,5
111,20,34,0
64,0,65,25
105,26,24,0
62,5,93,0
77,20,80,30
179,43,36,2
46,8,88,20
58,22,67,21
123,3,111,6
101,13,24,0
151,41,146,23
89,20,29,3
45,3,90,6
87,20,93,3
107,28,64,13
98,1,107,20
89,21,116,23
51,13,25,5
125,25,187,50
45,3,55,3
131,21,73,21
169,43,50,0
126,25,68,1
98,0,85,20
69,3,61,3
82,11,88,20
107,20,33,0
123,40,94,7
45,23,14,0
23,1,4,0
29,10,38,10
27,0,23,3
60,23,41,3
38,3,48,22
46,20,44,6
37,10,18,3
122,23,47,0
17,3,23,6
18,3,36,3
21,3,109,23
13,3,126,40
53,3,41,0
17,13,19,3
25,0,41,0
52,0,83,2
17,0,12,3
47,2,32,2
39,0,62,2
91,20,25,0
46,0,30,3
62,13,5,0
29,0,63,10
49,20,75,20
26,4,32,3
27,3,53,2
30,0,60,20
85,20,46,5
39,2,43,3
31,0,63,3
71,25,99,20
28,3,38,3
140,25,6,3
18,2,74,3
25,3,133,20
74,2,31,0
37,0,24,2
23,3,49,3
79,23,73,20
110,23,36,1
68,25,61,2
87,20,4,0
145,23,71,21
97,6,15,2
73,2,56,0
5,0,82,25
59,21,59,20
59,3,83,3
53,21,59,0
45,0,59,0
100,40,65,0
36,0,42,3
144,20,78,20
83,3,14,0
63,0,45,20
84,3,42,2
80,20,86,23
6,0,90,3
33,3,127,20
33,2,25,3
38,20,10,0
33,2,51,3
16,0,83,5
16,2,16,0
8,0,64,2
18,2,92,2
38,2,17,0
74,3,36,0
75,25,59,25
51,5,153,43
22,3,38,2
57,3,136,40
70,23,23,2
56,3,84,23
86,28,153,23
74,3,94,8
58,3,87,0
81,3,51,3
79,0,41,3
48,20,74,3
36,1,115,26
109,3,28,3
11,0,102,22
29,0,125,3
147,28,32,5
69,23,107,23
75,5,44,3
77,3,62,20
101,1,47,3
179,36,202,67
108,26,156,32
134,6,118,20
61,0,294,47
156,39,199,50
190,51,70,0
97,14,259,62
182,56,140,46
87,30,186,46
108,35,215,59
177,46,67,20
153,48,126,24
98,23,257,66
125,37,159,35
118,32,69,20
142,53,167,52
150,0,163,28
159,23,187,43
121,26,228,69
173,64,148,11
191,55,26,0
43,4,136,45
146,34,133,20
84,33,185,19
178,47,133,28
10,0,136,20
87,0,169,46
163,48,177,54
105,0,77,15
211,52,175,39
63,20,201,56
125,26,244,39
132,56,83,5
170,36,148,35
160,56,147,35
172,32,49,10
94,35,132,43
168,40,106,31
155,25,60,23
105,23,29,0
60,20,68,24
45,20,102,20
28,0,160,40
81,40,99,31
93,40,73,31
38,20,74,23
100,44,139,23
18,5,56,11
71,20,106,40
70,33,48,20
188,48,134,48
63,24,105,40
93,23,59,22
80,1,58,20
98,31,49,20
138,48,95,29
78,20,127,23
72,23,65,23
160,55,61,0
37,22,83,4
151,21,83,8
126,44,121,35
90,20,83,20
142,48,85,23
148,53,94,25
155,40,58,24
88,35,79,4
41,0,83,27
19,3,167,23
78,23,107,20
37,0,114,20
68,3,58,1
55,0,35,0
88,27,20,0
64,43,9,0
90,22,51,2
22,3,39,3
2,0,136,41
46,3,99,27
57,2,41,2
30,0,105,25
72,20,52,23
43,20,122,48
72,22,74,0
37,3,2,0
24,3,38,20
129,20,36,13
110,20,96,3
56,23,91,33
30,0,74,5
29,2,26,3
90,30,83,20
33,0,49,20
55,3,16,0
72,20,48,22
53,27,71,30
75,43,98,30
130,40,120,0
75,10,76,40
92,20,89,30
70,20,28,3
109,20,113,47
125,30,55,0
34,0,97,20
48,3,123,47
177,45,51,20
165,32,53,10
97,20,82,40
48,23,101,30
36,0,53,20
132,5,49,2
118,40,91,37
99,20,43,10
149,25,51,20
64,20,127,20
62,20,83,23
77,27,100,20
76,20,108,20
38,10,105,0
23,3,44,5
80,45,23,0
24,3,25,5
45,7,30,0
24,0,16,3
82,0,20,3
20,6,60,0
82,3,50,10
70,0,76,25
75,20,17,0
50,0,9,0
110,25,25,3
69,33,58,20
40,0,29,0
41,1,63,2
74,0,48,4
38,0,34,13
54,23,22,1
27,5,71,4
74,25,42,0
38,20,66,20
14,3,106,3
71,20,7,0
78,22,81,25
65,23,36,0
68,2,67,23
35,4,52,2
82,20,14,0
67,26,51,0
32,0,61,20
38,0,22,3
17,0,68,23
21,0,39,4
30,2,76,20
21,0,25,0
17,2,46,20
29,3,17,3
77,20,43,0
70,24,53,3
22,0,19,0
68,3,50,10
75,30,48,0
99,3,23,0
34,1,30,12
31,10,33,2
89,20,21,2
33,5,51,10
19,2,44,20
29,2,24,0
15,0,69,1
40,2,40,20
25,0,26,20
5,2,43,22
12,0,40,10
45,2,56,2
58,20,59,1
41,12,28,0
30,0,24,0
24,1,25,3
63,0,46,0
35,20,51,1
48,5,28,4
10,0,4,3
60,0,30,0
107,21,72,40
113,20,74,20
123,20,92,20
94,20,28,0
100,25,90,21
78,20,44,0
69,20,128,25
75,20,40,1
45,20,104,21
41,0,87,0
35,5,19,0
19,0,17,3
34,0,75,30
66,20,67,20
36,10,28,3
40,12,52,0
24,0,113,23
19,5,99,30
25,0,45,0
33,6,8,2
65,10,69,20
17,0,27,0
83,3,61,23
60,0,37,0
6,0,20,0
45,0,58,13
79,20,37,20
19,0,57,2
65,0,4,0
27,10,117,43
195,56,88,45
116,40,44,3
121,20,42,0
108,20,128,24
93,10,102,20
146,44,23,3
46,0,110,7
201,20,33,0
283,64,49,4
115,24,195,31
28,3,102,24
89,3,26,0
111,25,101,2
79,20,173,36
95,44,241,63
94,20,111,28
142,0,21,10
175,45,93,27
99,40,223,55
43,20,53,20
174,44,62,0
249,52,165,50
39,23,121,3
153,20,56,30
179,48,72,0
74,20,141,36
53,0,138,28
38,0,46,0
153,24,67,4
181,44,139,44
91,8,179,36
109,27,144,44
113,3,47,14
55,24,71,25
99,45,90,20
24,22,19,0
85,20,60,10
99,24,101,22
178,55,53,22
26,0,94,40
70,0,77,23
85,20,44,20
71,10,261,53
29,2,82,20
83,20,32,0
143,20,137,23
66,20,69,0
127,25,76,7
129,20,107,27
105,40,137,40
59,0,36,23
81,20,111,26
201,55,16,3
125,20,19,0
74,33,130,20
53,0,28,20
144,49,66,3
80,20,90,22
193,0,81,40
59,3,45,0
86,23,97,0
71,33,22,4
119,40,90,32
97,24,115,48
74,40,171,45
215,56,95,37
76,28,8,3
85,20,155,44
90,24,187,56
67,11,149,44
53,30,86,21
133,28,98,29
79,40,176,44
157,32,38,0
107,0,82,15
67,30,76,20
102,27,53,14
174,44,112,20
168,40,69,0
115,20,22,3
106,23,110,48
132,34,50,10
89,4,65,20
227,57,69,24
59,24,88,23
96,21,91,34
23,0,112,8
36,3,33,1
66,24,155,45
58,0,113,32
48,23,92,3
133,34,48,20
128,44,84,0
131,30,26,1
115,28,82,22
61,1,57,14
156,40,30,21
112,27,150,42
89,20,142,50
34,0,107,20
101,30,40,30
120,30,69,29
26,11,178,44
103,0,30,4
76,21,22,3
82,14,89,0
18,0,200,56
49,3,132,25
204,52,128,20
207,53,117,43
153,40,95,0
219,53,97,55
95,24,57,10
29,3,120,45
108,5,72,0
79,28,91,23
160,52,148,43
80,14,230,57
164,50,67,24
17,2,185,29
79,24,62,3
132,46,83,26
174,60,91,20
153,54,95,28
93,4,73,40
161,27,87,38
94,3,138,40
62,3,179,45
155,40,81,4
30,0,114,32
152,48,180,40
125,24,85,27
84,20,105,30
148,40,97,24
35,13,121,8
125,34,167,28
135,10,28,20
69,20,35,2
34,20,144,23
21,0,22,0
36,20,97,30
109,40,21,20
13,0,48,20
66,25,54,3
116,33,42,40
108,30,135,40
97,3,108,20
54,40,8,2
65,21,111,20
117,32,42,3
58,0,72,40
67,20,113,20
101,0,11,0
15,2,52,20
71,23,93,40
134,40,91,5
87,20,184,48
92,20,46,21
76,20,103,40
22,0,90,3
136,43,130,41
61,20,137,40
58,20,148,4
73,2,129,43
10,0,119,20
49,5,148,40
54,20,133,27
97,23,90,20
41,0,80,20
92,23,53,0
64,5,128,20
57,20,44,3
74,20,119,22
139,20,176,28
19,3,119,20
65,20,93,25
177,43,95,25
34,2,128,3
129,20,118,0
138,20,69,9
46,20,109,25
51,22,186,43
53,2,15,2
9,0,55,20
13,0,9,2
126,30,80,22
10,10,87,22
12,2,88,0
25,3,74,0
24,3,69,20
193,45,9,0
28,3,16,2
111,0,33,0
91,40,14,2
64,20,31,2
4,2,6,2
0,0,101,20
26,10,8,2
20,2,25,22
91,20,22,0
22,12,17,10
2,2,56,20
78,45,47,3
81,22,13,2
32,0,9,0
10,2,63,22
44,22,33,0
32,20,25,10
55,23,80,4
32,10,21,0
74,5,20,10
79,23,94,20
179,25,39,0
137,41,97,33
82,20,172,24
78,0,144,20
149,24,151,45
74,4,62,20
59,15,103,18
86,20,114,40
145,43,135,25
193,44,125,33
169,35,152,44
29,0,138,25
53,23,115,40
138,20,66,10
116,23,154,27
84,0,132,20
213,45,98,25
136,25,65,40
148,24,103,30
123,24,172,15
66,40,191,49
179,45,171,20
116,40,124,26
94,25,102,30
129,13,70,24
139,35,134,3
160,0,144,40
117,0,275,27
150,20,81,20
95,20,60,0
45,4,151,44
141,24,222,45
141,20,151,15
143,45,185,33
96,23,79,20
65,40,123,40
58,10,30,2
101,23,121,8
23,4,40,20
32,0,48,20
67,4,45,2
95,35,54,0
26,4,51,0
145,31,87,5
63,8,91,20
43,2,56,22
93,24,25,0
45,0,103,20
35,0,145,28
48,0,148,33
118,0,29,21
54,2,94,0
67,20,85,12
26,3,149,32
24,2,77,24
42,2,74,20
5,0,60,0
61,0,70,1
69,22,72,23
92,10,88,24
138,27,26,3
63,0,79,0
103,27,84,25
130,44,54,20
64,2,61,10
37,0,47,2
48,20,58,10
3,0,20,10
56,20,21,0
50,20,106,20
73,10,12,0
29,10,68,20
109,3,42,4
9,0,10,2
64,20,16,3
116,5,52,20
3,0,23,2
6,0,93,30
49,10,121,5
18,0,44,0
96,40,30,0
107,36,22,2
27,20,117,12
33,0,12,0
40,0,148,46
2,0,90,20
57,20,60,15
17,0,31,3
22,10,46,3
14,0,9,2
22,4,23,2
31,0,86,25
66,3,50,3
86,10,2,0
47,3,34,0
4,0,13,0
114,40,43,22
10,0,123,26
48,0,82,34
49,12,12,0
43,10,17,2
45,13,26,0
45,20,14,10
48,2,71,25
5,2,60,10
33,3,60,10
21,4,88,34
38,5,38,10
42,10,80,3
36,0,19,3
74,12,16,0
67,13,24,0
43,10,55,13
32,0,45,20
62,10,57,3
26,3,15,5
75,10,43,10
35,4,54,12
61,0,46,2
43,2,30,2
22,2,74,5
27,0,26,0
27,0,58,0
25,2,17,0
8,0,14,2
68,0,28,0
26,2,38,0
33,0,28,0
50,10,49,0
30,0,37,10
83,20,74,0
35,0,59,2
102,23,104,30
57,23,44,0
3,0,213,50
148,26,97,3
93,5,54,2
61,3,45,3
105,40,69,0
161,26,35,10
47,0,63,10
85,2,35,3
140,23,39,0
230,26,97,20
63,20,58,2
56,0,63,20
121,7,60,25
25,0,67,0
31,22,136,8
53,3,115,30
61,2,83,25
154,48,43,0
28,2,77,17
28,23,22,2
47,10,20,0
25,2,26,2
30,0,21,3
4,2,96,25
3,0,20,0
48,3,36,2
38,22,85,34
35,10,17,0
47,12,7,0
21,3,43,2
109,35,19,10
37,22,34,0
18,2,0,0
49,3,39,0
13,2,42,10
56,0,7,3
17,0,6,3
69,2,35,3
22,3,52,12
21,5,54,12
47,10,51,20
31,3,23,0
69,6,21,4
19,0,26,0
34,0,119,8
88,20,7,2
20,0,29,5
65,2,108,26
44,0,52,30
45,3,14,0
115,23,64,0
18,4,34,10
47,22,46,5
5,0,61,0
27,3,125,16
21,4,80,4
91,10,28,12
33,0,43,20
80,0,41,12
95,2,29,4
55,0,59,20
50,0,22,4
27,3,81,10
136,24,20,0
67,0,41,21
151,40,60,27
151,25,52,20
39,22,132,25
39,0,58,2
71,23,124,27
68,20,81,0
45,20,51,20
4,2,134,0
30,4,117,20
195,45,23,10
120,40,50,3
195,40,32,20
117,20,121,20
74,22,60,3
53,2,11,0
87,3,105,22
111,31,40,23
48,30,129,40
31,0,43,11
73,20,80,23
137,23,160,53
15,0,53,20
44,4,55,12
29,20,141,27
114,23,136,20
83,20,69,2
60,20,27,5
92,22,69,22
47,3,18,5
29,0,111,20
67,15,80,2
107,40,37,0
40,2,46,3
111,15,41,20
80,20,82,23
84,28,94,30
79,20,52,2
132,20,69,20
104,12,95,20
125,43,29,0
59,3,139,20
123,40,58,0
128,40,54,23
28,0,203,45
62,20,79,23
81,45,63,0
26,0,169,25
64,0,80,22
104,25,99,48
52,3,19,2
107,20,146,40
104,40,137,40
150,40,111,45
46,20,158,23
134,20,48,3
66,5,167,40
60,40,141,0
140,43,33,2
82,23,146,40
145,30,109,23
42,0,158,40
62,3,178,25
64,20,172,50
142,40,87,40
136,23,107,40
19,0,19,0
107,5,49,20
118,25,26,5
47,0,68,4
32,0,36,5
18,2,40,3
101,3,39,0
56,23,64,0
133,25,12,3
50,5,124,25
28,3,56,25
12,0,41,3
89,23,42,20
128,0,26,3
17,0,146,33
12,3,74,5
75,23,136,40
153,28,74,0
40,0,36,2
58,20,13,0
108,20,69,23
98,30,150,48
4,3,39,15
19,0,10,0
52,0,119,48
19,0,106,29
17,3,94,0
6,3,37,23
21,3,110,20
78,20,63,20
20,0,15,0
55,7,19,3
26,3,38,3
140,20,88,20
74,26,65,3
37,13,78,0
31,3,62,3
118,23,75,30
99,40,70,25
43,12,41,3
13,0,112,23
66,28,95,20
60,25,89,40
123,26,92,20
109,28,52,5
17,0,81,0
68,0,72,20
100,45,194,46
93,10,51,3
23,10,29,0
22,10,66,20
47,2,24,0
63,14,22,0
9,0,5,0
15,0,58,10
11,0,51,13
50,10,65,25
103,10,59,0
27,5,18,0
4,0,24,3
53,15,33,6
40,11,13,3
1,0,22,3
32,0,2,0
22,12,0,0
7,0,41,0
7,0,55,2
14,0,14,2
38,0,32,0
11,0,43,2
19,0,31,0
75,7,25,3
40,0,23,0
63,0,11,0
17,2,0,0
34,0,41,0
37,3,10,0
29,2,55,2
71,0,24,0
10,0,26,3
43,22,57,3
14,2,0,0
19,10,113,20
5,0,31,0
11,0,30,0
108,20,7,0
33,0,12,0
68,25,13,0
10,0,44,0
24,3,64,20
26,0,33,4
20,3,8,0
101,20,54,22
14,3,43,0
3,0,37,3
39,22,116,20
24,3,15,0
7,0,94,20
62,20,0,0
48,4,18,3
55,2,19,0
43,5,18,0
49,0,83,0
13,0,9,0
33,2,28,0
23,3,54,5
41,0,47,3
58,0,22,3
96,7,20,3
49,0,30,3
13,3,51,21
40,3,33,0
35,5,24,0
25,0,25,1
13,3,93,0
26,3,42,3
29,0,51,3
65,0,6,0
13,1,106,4
62,20,82,5
21,2,106,23
150,45,35,2
30,0,44,0
55,15,70,25
81,5,64,20
17,0,88,22
60,25,44,0
21,0,37,0
127,25,24,3
61,3,74,20
52,3,63,25
67,23,19,2
129,20,51,2
110,30,36,0
119,37,45,12
55,20,215,48
74,27,28,2
37,5,4,3
9,0,25,0
38,30,13,5
40,20,10,0
13,3,10,3
18,2,72,20
120,10,23,13
66,22,67,2
49,23,12,0
30,0,79,2
54,23,2,0
27,3,24,0
21,0,21,2
6,0,45,23
25,3,21,3
40,5,27,0
19,2,97,8
16,0,34,3
63,20,44,3
31,0,22,2
29,0,38,3
66,22,50,3
28,0,22,3
25,20,54,23
76,5,30,2
30,5,66,20
27,3,26,2
60,5,67,25
54,22,12,0
12,3,9,3
82,3,57,21
46,3,15,0
177,50,62,3
87,21,103,2
3,2,123,25
115,28,22,3
104,28,45,0
13,3,160,28
5,0,68,0
90,5,193,42
15,0,71,2
17,0,79,5
59,3,141,25
27,3,154,25
52,3,33,3
100,20,22,0
34,3,89,25
31,2,104,25
20,20,15,2
59,3,146,27
29,0,73,5
22,2,34,0
65,7,69,26
81,25,75,3
51,23,56,25
117,0,7,4
34,2,138,20
64,2,27,0
49,0,99,23
66,20,37,3
10,0,96,3
52,20,44,20
40,0,113,26
134,28,14,0
170,50,62,25
97,2,49,20
89,20,108,27
177,24,127,27
175,49,75,44
117,45,104,44
106,23,49,3
153,0,164,40
141,48,177,48
221,60,136,43
117,45,142,45
222,43,76,3
168,28,150,40
199,40,67,20
108,45,153,52
182,52,214,70
214,65,223,60
205,72,152,44
120,30,148,46
126,44,233,61
234,40,169,48
220,65,94,30
159,23,187,64
136,12,220,69
182,50,105,20
206,52,128,32
233,69,103,24
9,3,125,57
155,3,221,69
90,0,211,60
222,47,78,25
179,35,140,20
221,56,109,45
117,24,210,71
188,38,98,0
186,45,186,64
197,45,114,4
213,60,138,53
88,27,120,20
153,36,121,9
205,49,28,20
157,29,96,30
263,64,164,51
145,35,181,35
101,44,197,69
33,0,223,40
173,45,107,28
79,20,187,45
140,57,129,28
233,62,147,29
93,43,199,49
133,32,213,61
248,55,55,2
45,20,87,24
84,2,62,0
156,27,76,0
39,20,159,28
176,65,146,0
243,74,101,4
103,23,189,34
152,35,47,0
37,2,43,3
111,3,151,47
217,50,147,20
25,0,187,44
97,27,116,50
101,22,179,44
32,0,122,20
81,10,165,30
139,33,145,44
50,0,207,45
94,22,87,20
74,25,109,22
165,20,139,53
84,5,180,42
111,22,107,20
204,44,148,45
133,47,64,26
74,0,177,26
141,35,107,32
95,20,181,55
58,0,126,34
6,0,58,20
140,0,84,20
70,0,18,0
105,20,95,0
161,40,48,0
51,20,112,24
134,20,206,40
115,30,156,25
122,20,35,0
92,48,87,0
114,20,145,40
186,69,94,30
0,0,123,23
150,41,50,0
99,40,128,32
120,20,126,28
72,0,87,25
150,25,99,24
134,24,233,45
80,0,52,3
91,21,123,28
113,20,169,45
69,20,119,10
140,20,192,40
47,0,97,25
138,20,42,0
185,51,126,21
94,25,99,24
70,30,42,25
30,0,74,20
84,20,149,25
55,20,112,20
183,40,91,21
155,21,96,30
115,20,171,40
26,11,87,20
20,20,186,40
139,20,114,25
62,0,153,45
62,0,141,40
69,10,104,20
108,20,168,41
33,20,172,20
31,20,130,40
169,44,65,20
136,40,13,1
159,45,88,40
123,20,131,1
78,20,125,50
146,30,34,0
142,41,187,25
85,20,127,40
114,45,154,30
87,21,183,20
234,41,63,20
28,0,124,40
61,0,99,10
177,25,125,31
116,25,125,20
78,1,98,20
49,25,138,21
160,40,72,20
14,0,70,0
30,20,12,0
73,0,159,9
116,6,61,23
10,0,52,22
47,4,39,20
29,0,146,50
7,0,90,40
92,0,39,0
124,30,20,2
83,20,66,0
108,6,145,30
96,20,57,22
99,24,131,26
44,0,24,0
70,24,51,3
119,30,6,0
6,0,115,44
124,20,62,24
152,45,0,0
73,0,57,26
17,0,22,0
50,0,60,24
160,47,34,0
92,20,47,0
38,0,50,20
193,50,61,20
23,0,42,20
60,20,160,30
35,1,127,44
128,30,92,30
104,20,20,0
84,24,101,44
85,21,70,0
48,0,104,30
41,0,125,25
112,33,45,20
114,24,9,0
99,35,22,0
83,24,145,23
47,20,179,45
85,33,84,45
47,0,226,65
99,24,54,25
124,40,49,20
135,40,97,27
98,20,41,5
70,0,28,0
184,53,76,20
38,0,122,25
159,48,41,20
123,50,111,24
181,31,32,0
163,44,58,20
139,45,59,20
131,30,89,25
113,28,75,20
18,11,88,0
53,0,40,3
50,25,122,44
37,16,76,0
81,10,55,4
42,20,32,0
74,4,93,40
7,0,52,30
124,12,19,2
101,26,35,3
101,20,87,21
104,5,29,20
50,1,40,2
89,30,70,20
70,20,19,1
94,40,103,23
24,2,99,21
127,40,94,20
88,20,69,41
95,20,124,40
96,30,131,40
101,20,47,20
38,20,123,23
61,20,140,23
184,40,84,11
151,43,94,40
82,20,98,40
139,40,145,41
81,1,128,23
60,0,38,20
105,20,143,21
140,20,122,46
58,40,50,2
83,0,154,40
118,44,88,40
52,1,163,20
139,40,125,40
99,21,138,45
78,20,107,44
101,45,127,22
91,44,79,20
151,25,76,20
133,20,153,44
155,40,100,20
50,25,90,20
70,20,17,0
148,49,80,10
92,30,64,5
106,20,97,40
45,23,189,50
111,20,94,25
92,40,133,30
68,20,75,20
39,0,88,10
136,3,75,20
146,15,58,0
78,20,51,20
79,20,104,27
78,28,79,10
140,41,27,2
191,34,59,0
111,25,85,25
64,2,80,27
95,23,93,27
84,27,131,41
81,23,66,20
68,21,103,45
47,13,79,0
86,20,67,25
107,20,65,1
45,22,192,50
161,20,19,0
41,3,80,23
79,23,173,35
61,21,126,24
160,45,141,21
202,38,93,25
89,27,43,27
135,35,142,20
175,38,42,20
125,26,74,3
81,27,131,27
78,3,174,45
167,29,90,40
143,35,86,27
22,2,114,40
94,20,92,20
90,26,98,20
123,23,54,24
131,20,41,0
158,40,133,32
93,26,95,28
104,4,135,49
130,28,122,40
78,21,121,25
89,20,52,24
106,20,22,0
81,28,108,24
132,24,88,20
49,0,130,28
100,21,3,0
118,40,95,24
91,20,80,20
27,0,108,40
205,44,32,20
189,24,16,0
78,24,197,40
59,0,51,0
116,25,72,24
111,20,117,20
159,25,86,20
167,54,151,37
134,20,99,0
153,49,185,45
33,0,116,25
150,5,108,20
174,40,43,0
100,24,130,27
46,20,224,20
133,25,83,0
25,0,187,37
17,0,77,20
86,23,79,30
74,10,186,48
107,43,59,25
19,0,191,25
25,0,17,0
96,45,88,20
57,10,63,25
163,49,69,20
60,20,119,0
60,20,51,20
96,20,43,20
111,43,110,35
139,29,56,25
120,23,124,43
107,25,32,20
112,30,39,30
99,20,130,35
91,27,55,30
65,20,74,0
88,0,197,43
117,0,56,15
19,0,78,24
68,13,221,70
100,30,72,20
81,40,66,0
84,30,129,20
140,27,17,0
135,24,37,0
120,40,93,30
78,51,91,24
52,23,171,20
198,55,61,25
187,49,18,0
196,70,242,65
39,15,102,20
187,45,133,43
81,30,157,50
37,0,109,0
73,31,204,50
138,40,215,50
146,35,62,20
174,17,102,23
145,25,162,24
42,11,215,65
75,20,181,30
160,26,241,71
206,44,104,50
43,0,113,34
57,20,137,11
165,35,167,56
124,44,203,45
98,23,122,46
89,40,112,20
148,27,51,24
80,8,176,50
103,26,131,25
154,14,77,20
151,32,89,24
145,50,62,5
50,0,100,18
136,26,48,3
131,44,92,33
167,40,149,52
159,30,131,29
21,1,86,20
121,51,91,21
127,25,77,3
150,40,196,57
105,36,206,49
136,26,101,24
33,20,59,20
7,0,19,5
36,20,42,0
36,0,56,0
76,20,16,0
41,20,77,45
68,20,64,0
115,40,17,0
20,0,80,0
143,30,13,0
40,0,25,20
143,30,74,22
22,0,5,0
33,2,41,20
20,0,61,30
136,30,32,20
9,0,78,3
35,0,74,8
20,0,136,45
117,25,24,0
32,20,75,25
108,24,26,0
76,20,50,40
121,30,21,0
25,0,131,35
14,0,46,20
99,24,83,40
104,35,41,25
28,20,42,0
128,59,162,29
93,25,52,3
100,43,131,4
107,3,42,3
77,40,194,55
103,43,96,31
108,47,161,37
138,30,34,4
37,2,123,5
87,28,129,26
84,40,139,45
150,43,81,25
54,7,127,3
59,0,128,45
115,23,136,40
88,24,168,54
204,44,97,20
105,48,105,24
176,45,43,3
200,34,57,23
144,27,174,47
81,40,96,24
113,40,162,29
167,39,102,25
180,40,99,24
130,36,55,24
132,45,50,20
118,40,70,3
18,2,115,20
65,23,111,23
2,0,35,0
77,23,65,25
117,24,26,0
93,23,79,25
31,22,122,46
45,20,97,22
108,23,30,20
37,4,6,2
41,3,91,23
44,0,71,0
53,3,55,22
98,20,52,0
117,31,105,55
141,22,48,20
62,40,133,45
69,10,105,29
58,23,119,43
42,0,14,2
72,6,65,20
90,43,68,20
43,0,102,10
106,29,74,20
39,2,78,3
74,25,108,35
56,25,81,6
95,30,99,43
60,20,51,22
134,20,63,10
125,45,113,48
118,45,83,23
65,23,107,40
77,20,104,28
125,45,124,44
97,27,80,40
131,40,54,20
40,0,77,23
92,26,102,27
77,40,134,20
61,23,137,40
67,0,164,48
90,40,81,20
89,43,109,22
58,22,79,2
139,23,33,10
23,0,31,0
111,40,67,2
40,2,37,3
95,22,15,10
54,0,65,0
34,1,66,23
29,0,50,20
109,20,75,27
63,20,8,3
20,2,93,10
146,40,24,5
12,0,44,3
81,30,98,23
128,2,65,20
90,23,62,40
63,4,102,20
9,0,123,23
46,20,62,24
19,10,123,22
55,3,36,0
27,0,51,2
160,45,28,20
25,10,137,20
49,23,8,0
125,27,18,10
105,20,89,24
33,20,71,13
110,30,74,10
42,11,84,20
106,20,75,22
62,30,114,2
53,0,55,22
35,0,90,0
24,10,62,12
14,0,103,20
113,40,75,10
112,4,60,22
61,20,91,27
73,20,87,15
145,20,97,20
8,2,111,30
73,20,78,20
133,35,83,20
37,6,47,0
38,22,143,40
88,14,54,20
112,20,62,20
72,23,99,22
109,15,9,0
55,20,81,20
51,20,88,40
58,20,167,20
32,0,61,18
26,2,148,40
135,40,114,20
153,24,34,10
90,29,42,2
13,0,96,30
44,20,47,3
51,2,40,3
52,31,148,25
99,27,67,10
47,2,40,0
64,8,55,0
51,3,56,0
22,2,55,2
45,3,153,38
90,13,80,3
166,26,125,43
130,23,69,0
45,1,58,0
71,20,93,23
50,3,103,24
57,0,130,44
52,2,108,20
69,0,92,23
126,25,97,24
39,1,111,40
60,0,70,2
211,47,36,0
66,21,95,0
81,0,148,58
199,55,176,48
67,23,133,24
58,3,99,33
109,0,70,22
182,61,69,23
65,23,107,25
215,55,130,38
47,2,51,20
227,50,81,26
81,23,165,30
51,0,38,10
22,10,20,0
35,15,60,0
11,0,62,10
46,0,30,20
111,40,44,0
97,25,74,20
70,20,91,20
15,0,101,24
18,0,96,25
60,0,35,20
112,48,94,51
70,10,164,43
79,45,140,56
55,0,245,61
22,0,135,47
190,20,90,24
106,24,138,36
151,40,73,31
90,43,233,61
136,29,183,49
54,0,78,6
99,25,140,20
139,40,116,28
152,44,168,43
182,48,101,33
150,28,45,0
133,45,187,40
106,23,144,14
189,48,152,29
131,40,136,25
193,45,53,20
228,48,179,61
126,40,78,20
103,4,123,45
147,40,103,40
138,25,67,25
128,43,247,45
182,49,89,28
237,72,128,45
124,27,95,40
125,44,125,23
165,45,144,43
192,50,134,46
59,0,194,31
157,31,74,5
86,20,64,40
83,3,24,22
81,5,76,40
91,20,84,47
70,20,97,25
6,2,134,23
170,40,39,11
116,25,41,4
64,22,14,2
81,5,65,20
40,5,156,40
115,45,95,43
49,20,61,23
42,20,110,15
134,23,55,23
77,23,99,4
43,30,141,23
131,25,100,40
16,5,125,25
68,13,87,8
69,0,82,40
68,40,109,20
55,20,50,20
110,21,22,20
127,31,34,5
150,41,115,40
65,5,111,20
50,30,62,40
72,25,135,43
62,20,78,24
36,22,40,22
18,0,15,0
25,20,83,20
33,0,43,0
15,0,5,2
18,0,2,0
31,0,47,0
45,2,31,2
11,2,40,20
5,2,75,20
16,0,47,0
109,20,20,0
33,0,39,2
20,0,41,4
73,20,7,0
17,2,43,20
68,2,59,4
39,20,51,5
30,0,20,2
24,20,18,3
50,0,23,2
103,20,12,0
107,44,57,20
28,2,46,0
43,4,31,0
60,20,68,0
41,0,37,20
73,2,47,2
25,2,29,3
36,2,94,26
49,22,38,0
102,25,43,20
55,13,46,22
84,2,43,6
103,40,11,3
91,20,48,2
69,23,38,20
41,2,51,0
102,20,53,20
15,3,153,20
47,14,90,23
64,2,56,2
57,20,59,0
106,20,37,10
104,24,29,0
149,31,16,3
47,23,63,22
80,13,70,32
83,20,127,24
53,3,23,2
72,4,33,3
46,20,75,1
15,2,123,23
49,0,6,2
27,5,84,20
50,2,49,3
64,22,56,20
66,23,91,40
45,2,58,0
40,2,106,22
49,23,68,20
89,20,43,15
118,30,86,21
82,26,58,3
55,40,61,23
22,12,97,24
92,23,54,23
49,0,42,2
95,40,51,3
60,14,71,23
80,23,65,23
99,24,68,20
57,23,72,25
111,20,68,23
54,23,86,20
66,20,135,27
19,3,56,21
34,0,118,44
162,26,27,0
46,3,76,22
134,20,19,3
53,20,130,31
111,41,50,3
97,27,53,23
121,20,86,20
55,3,23,0
94,11,28,1
8,3,75,4
97,3,124,21
10,0,169,34
102,26,130,0
117,22,48,0
84,3,12,0
125,23,128,32
107,26,121,7
39,0,65,3
69,13,35,10
105,24,52,0
122,23,115,20
68,8,42,5
20,0,42,10
13,0,93,30
27,3,106,24
12,0,177,29
65,20,76,20
104,10,90,26
48,20,52,11
195,23,47,10
10,0,132,25
40,3,129,24
155,28,99,31
6,0,69,20
72,20,0,0
94,0,0,0
15,0,74,0
3,0,76,0
61,0,17,2
115,20,65,8
98,22,168,34
128,13,86,24
76,10,87,22
95,22,71,20
46,12,111,13
55,22,128,30
128,33,34,2
14,0,17,0
0,0,5,0
97,20,10,0
19,0,10,0
82,20,12,0
95,20,33,0
10,0,86,0
6,0,35,0
24,0,18,0
121,20,8,0
5,0,31,0
19,0,98,20
3,0,99,20
11,2,124,23
57,25,67,16
48,20,69,43
69,25,151,36
96,5,20,2
119,23,26,0
162,40,32,20
62,0,65,2
29,0,10,0
24,2,144,25
30,0,108,25
37,0,98,23
22,0,30,2
123,25,106,30
93,23,104,33
82,3,107,0
97,43,28,0
13,3,44,20
29,2,106,0
45,20,58,20
83,20,122,47
163,23,35,0
26,0,96,20
58,2,7,0
82,24,106,40
54,0,56,20
5,0,165,3
28,20,29,0
77,20,69,0
125,48,105,25
76,20,82,20
9,0,123,5
80,20,129,22
180,46,58,20
17,0,92,20
96,24,51,0
96,20,83,23
53,20,65,40
91,20,65,20
147,50,135,45
207,50,39,0
137,20,62,20
112,40,84,20
78,0,79,43
98,40,111,20
53,0,154,40
66,20,85,23
210,43,90,25
38,0,9,0
46,2,30,2
153,49,28,0
182,53,48,13
94,26,130,22
67,2,114,3
64,0,116,28
182,45,32,2
130,24,98,23
21,2,79,25
20,2,64,40
135,50,115,24
73,23,95,22
27,0,145,27
73,26,111,28
38,10,136,40
72,12,147,48
81,0,81,25
93,20,27,2
70,20,85,10
13,2,13,2
9,2,53,0
23,2,85,10
3,0,46,10
15,2,20,0
32,2,40,5
19,10,66,0
10,2,5,0
58,10,42,2
86,20,51,5
65,12,32,10
15,2,40,5
39,12,35,0
3,0,66,5
27,2,96,20
51,10,51,12
24,12,87,20
53,3,45,2
84,20,85,20
4,2,101,2
34,2,94,24
32,20,108,20
38,2,108,20
32,12,12,2
8,2,125,24
41,2,204,40
25,3,32,2
116,24,42,2
116,24,10,0
30,2,81,20
102,4,49,2
47,2,34,0
161,44,33,3
45,22,20,2
38,12,37,4
100,20,41,5
149,44,170,34
35,12,126,22
39,10,105,26
24,4,71,30
39,20,155,40
128,24,71,12
72,20,151,40
134,27,10,2
30,10,50,20
105,22,87,10
48,0,59,2
29,12,182,45
21,3,5,2
94,22,14,2
99,25,116,20
55,30,17,2
102,3,26,2
28,0,97,35
82,23,131,25
90,27,73,0
133,25,29,6
162,36,63,20
72,5,86,20
42,0,66,20
251,97,24,2
32,3,136,23
52,22,88,20
105,22,41,20
109,5,69,5
123,25,220,65
63,2,101,23
136,22,181,44
88,25,104,22
54,0,159,40
84,40,233,51
63,0,83,22
63,22,8,2
52,0,15,0
110,26,124,2
78,10,18,0
158,45,29,2
48,0,75,14
4,0,16,0
96,30,105,10
44,10,148,30
58,20,0,0
52,10,80,25
83,20,14,0
52,0,68,20
41,0,15,0
83,10,134,25
3,0,143,30
86,35,34,10
22,0,63,20
129,22,55,20
2,2,8,0
233,76,14,0
15,2,93,20
105,10,162,43
9,0,111,20
174,33,33,10
31,0,94,0
153,40,63,5
60,12,9,0
164,33,88,35
46,20,202,40
70,4,54,2
50,2,107,23
200,64,77,20
4,2,78,15
73,22,226,63
63,24,156,55
73,23,218,50
69,2,126,40
58,22,39,0
76,25,89,22
163,40,88,25
28,0,56,2
228,60,16,4
23,2,107,40
78,7,88,0
162,35,123,40
105,15,26,20
82,5,135,44
107,20,57,20
87,3,119,5
113,12,171,2
127,27,30,3
75,20,79,1
105,24,212,65
168,40,103,3
58,0,157,42
111,24,10,0
58,20,90,23
132,44,143,3
97,15,128,45
54,2,143,28
40,3,149,24
34,0,163,20
142,10,115,23
39,0,28,0
96,29,156,49
135,35,162,40
52,0,69,2
63,21,70,2
54,0,159,45
60,20,207,45
172,38,138,49
147,37,68,1
139,22,83,13
89,0,48,15
92,15,28,3
88,35,116,40
118,25,27,0
15,0,99,30
34,3,73,0
23,0,144,40
133,45,115,35
101,22,99,20
134,35,139,30
26,0,114,20
125,40,59,0
119,10,97,25
54,0,82,20
49,0,42,20
36,0,2,0
51,0,55,0
72,0,36,3
14,0,69,0
23,6,44,3
23,2,85,0
26,1,45,22
38,0,29,0
68,12,32,14
44,0,47,0
31,2,22,2
50,15,22,0
22,0,9,0
63,24,68,0
69,23,32,0
0,0,5,0
93,20,50,0
35,20,168,43
81,24,11,0
116,25,27,0
157,52,68,22
18,3,2,2
37,10,49,0
11,0,166,52
31,0,98,20
48,20,24,0
67,0,26,3
113,26,27,2
60,2,99,52
31,0,19,0
36,0,84,32
36,20,80,3
19,0,108,40
0,0,86,0
81,20,105,23
57,0,66,3
31,0,2,0
32,0,82,26
45,3,21,3
62,2,17,0
49,20,34,3
50,20,57,0
99,3,37,0
97,20,68,0
46,3,37,3
18,3,52,0
131,40,16,0
48,20,21,2
72,20,43,4
38,0,124,27
78,40,90,0
52,2,82,20
42,2,147,45
93,25,65,20
15,4,181,40
29,0,111,0
24,2,55,20
88,20,91,27
75,20,71,22
36,2,133,22
62,4,55,20
109,22,35,2
149,45,46,2
36,2,55,2
43,22,21,0
45,0,33,3
30,2,11,2
58,3,51,2
41,6,54,3
20,0,57,2
76,2,39,5
9,0,64,4
96,5,46,0
37,2,43,7
22,2,36,0
78,2,53,7
37,3,19,4
43,3,32,10
64,10,49,22
19,2,41,2
50,2,49,2
101,0,150,59
135,30,4,2
171,33,37,2
92,25,98,45
143,20,36,0
66,8,149,31
48,22,153,29
73,0,137,2
61,4,93,0
157,38,99,23
102,2,58,0
107,45,106,20
106,0,65,3
87,3,128,16
115,40,147,40
75,20,106,10
70,20,139,25
110,31,147,22
107,20,128,40
106,0,84,23
148,36,92,20
130,30,71,22
142,20,154,24
72,2,102,40
97,22,140,20
144,28,46,10
193,45,92,30
81,0,76,2
127,24,31,4
61,25,107,13
95,20,116,20
73,20,196,38
78,4,146,40
87,3,162,25
74,3,33,3
76,20,11,0
8,2,49,2
63,20,54,0
40,2,5,2
48,0,91,25
81,23,80,20
44,4,2,0
26,2,46,0
45,2,53,20
107,25,11,0
32,3,62,20
56,0,63,16
17,0,25,20
10,0,59,20
47,4,40,2
11,0,51,23
61,0,76,22
16,0,31,0
72,22,47,4
28,0,63,6
32,3,58,20
59,4,34,2
98,22,27,20
47,0,42,0
59,4,79,0
54,20,96,22
60,3,25,2
94,20,60,12
28,2,56,2
59,20,51,6
104,33,38,30
1,0,41,0
22,2,90,25
52,21,27,13
47,22,71,3
76,27,44,0
72,30,68,10
41,2,52,20
71,28,66,20
19,2,33,0
50,13,105,20
16,3,22,2
51,20,34,0
63,10,85,40
161,35,16,0
36,0,84,10
21,5,98,22
120,43,85,20
53,20,46,10
47,2,47,10
80,23,58,2
18,10,31,5
61,20,59,2
44,2,163,38
54,20,83,23
40,0,119,20
72,24,4,2
163,42,22,0
65,2,68,20
85,40,5,0
87,15,104,24
30,6,17,0
13,0,132,40
107,44,34,0
15,2,54,25
25,2,77,20
16,2,151,43
49,20,79,4
18,0,61,20
81,2,79,22
76,20,30,20
38,6,45,0
90,20,148,27
81,22,143,25
11,0,6,2
24,0,75,4
55,0,34,0
47,23,176,55
29,2,66,0
64,0,93,30
51,0,146,40
101,0,69,0
71,0,57,5
104,20,21,0
85,20,61,20
135,20,86,30
33,20,50,20
97,5,54,20
95,0,158,50
62,20,10,0
87,20,40,0
61,25,192,60
71,20,58,20
29,0,82,20
18,0,186,65
23,0,72,20
99,4,74,20
156,45,64,20
108,20,63,20
25,0,152,10
181,55,103,44
75,40,115,25
162,5,77,20
165,50,62,5
68,20,109,20
68,30,106,20
92,20,43,20
181,50,61,15
67,20,84,30
41,0,140,20
170,20,77,24
32,2,105,25
90,25,36,10
44,20,108,45
36,3,40,2
70,43,160,29
80,25,98,20
24,0,144,24
119,5,74,4
76,5,52,25
143,37,64,15
114,27,9,0
120,25,100,25
158,40,34,3
139,40,137,34
47,0,93,27
95,23,23,3
94,34,120,34
135,30,95,22
59,20,41,0
0,0,51,0
11,0,48,24
38,0,76,43
30,0,41,0
33,20,51,20
61,20,60,20
7,0,29,0
58,20,76,20
16,0,56,20
50,20,83,0
49,20,69,20
79,0,74,0
6,0,90,23
57,20,60,20
31,0,69,40
110,24,57,20
45,0,20,0
100,20,34,0
87,0,56,20
86,23,84,20
74,20,70,40
18,0,68,20
4,0,16,3
26,0,47,20
131,43,59,20
60,20,28,0
3,0,38,0
68,20,37,2
15,0,76,7
21,0,63,24
71,13,54,2
40,0,160,40
74,20,80,20
54,0,91,24
113,20,6,0
31,0,160,24
13,0,64,10
106,20,65,22
106,27,121,44
164,45,28,2
67,2,55,0
119,12,18,10
82,2,35,0
69,2,79,26
81,17,100,10
50,2,23,2
92,20,25,2
113,24,13,0
247,50,68,26
84,20,70,22
44,0,46,2
30,2,135,49
66,20,74,3
133,10,87,22
60,20,107,27
62,20,87,25
146,20,75,22
80,40,154,55
67,2,16,2
156,44,56,24
75,20,96,2
198,66,64,20
55,25,0,0
90,0,15,0
100,44,135,40
67,0,85,25
94,20,247,61
4,2,142,24
64,40,76,0
122,43,62,3
81,2,87,24
116,28,77,40
51,20,48,0
103,20,216,24
42,0,110,23
75,26,128,24
19,3,39,2
103,45,128,20
146,20,82,26
87,21,100,43
101,6,68,0
84,25,79,20
23,0,157,24
65,20,29,12
33,2,101,20
114,43,117,40
111,30,121,25
42,0,68,0
98,35,74,20
65,10,154,40
206,40,131,35
89,10,143,20
114,0,101,20
136,25,220,50
231,52,74,30
38,0,58,0
93,25,79,24
58,20,183,30
111,10,42,0
108,15,85,20
5,0,122,40
229,52,97,20
127,40,92,0
59,20,100,20
99,10,49,10
33,0,111,25
90,20,63,20
165,60,61,0
100,40,44,0
243,60,57,20
48,5,98,0
69,32,93,2
211,83,91,24
136,33,109,2
269,63,27,0
62,3,80,4
213,70,122,44
195,45,106,20
153,65,140,32
194,39,93,30
140,28,204,70
200,45,104,25
152,70,115,27
58,0,95,28
75,40,125,20
58,20,63,5
96,50,60,5
165,52,118,14
185,47,65,5
148,4,169,19
101,20,93,20
141,44,77,2
51,3,123,33
66,23,170,27
41,20,242,60
164,55,119,26
165,48,223,60
115,7,155,10
155,20,102,13
69,0,56,3
140,11,115,50
103,20,226,48
184,36,57,24
67,20,192,50
79,40,149,51
70,20,93,40
145,50,154,26
143,50,160,35
202,20,63,24
128,48,191,48
174,38,169,4
67,20,227,55
103,0,91,25
112,25,110,20
52,20,216,43
53,1,100,20
76,0,99,0
47,21,9,0
37,20,198,50
2,0,98,30
96,20,35,0
27,20,229,70
33,20,91,20
103,20,44,20
231,50,15,5
39,5,56,20
94,20,115,25
14,0,136,40
20,6,150,47
51,20,35,20
108,50,78,20
13,0,18,0
212,45,115,40
41,0,54,7
108,20,0,0
37,0,46,0
68,40,61,0
203,50,187,55
80,20,81,20
137,20,4,0
123,40,7,0
48,20,199,50
63,25,39,3
98,0,26,2
60,0,72,10
35,0,44,20
92,3,80,6
68,20,91,25
0,0,43,30
54,35,55,2
24,3,98,4
52,0,41,0
48,25,20,0
119,2,74,10
23,0,43,0
160,20,46,5
68,0,70,0
57,12,105,3
101,20,121,45
15,2,48,0
91,24,37,0
60,23,69,20
119,0,21,0
28,2,34,3
143,20,53,0
47,0,95,23
10,2,12,0
77,0,46,0
83,0,28,0
123,44,175,40
6,0,35,0
64,0,43,6
154,40,27,0
136,23,79,20
83,4,59,0
211,50,107,20
35,0,119,20
55,20,99,3
130,23,15,3
89,5,151,24
62,3,72,0
63,23,85,0
219,45,53,0
36,23,71,4
84,20,48,26
36,0,127,20
59,20,127,4
213,30,73,20
66,0,104,43
80,20,103,0
109,20,245,70
39,3,94,24
52,20,32,0
43,25,91,33
47,20,6,0
52,0,23,0
40,20,49,2
89,18,44,10
47,6,0,0
59,0,58,25
34,3,70,0
23,0,25,0
30,5,136,25
54,0,23,0
20,0,81,20
38,0,34,0
64,18,93,40
30,2,46,3
42,0,83,20
89,20,57,20
95,3,37,20
41,0,106,23
60,0,43,0
80,40,110,40
92,20,67,31
76,23,54,0
37,0,168,43
96,23,50,30
56,3,6,1
32,0,82,7
37,0,39,4
75,20,133,0
32,20,182,27
77,10,79,30
63,20,19,0
59,29,4,2
204,67,42,0
6,0,72,3
115,36,26,0
82,23,55,20
105,47,83,5
95,44,17,10
146,42,29,0
49,23,125,24
67,24,9,0
151,24,117,49
93,48,98,10
10,10,130,43
46,10,16,0
196,44,29,0
26,0,205,71
60,0,78,20
81,34,18,0
80,30,123,47
48,10,179,46
24,0,108,29
29,0,86,25
74,4,197,56
149,20,44,10
107,23,63,20
113,26,84,23
31,0,179,34
176,75,12,0
34,0,58,4
88,24,76,30
32,3,67,24
77,20,60,0
22,0,24,0
23,20,9,0
29,0,66,6
0,0,43,0
96,20,57,0
69,20,74,11
73,0,100,40
15,10,69,20
2,0,2,0
54,14,13,2
84,0,64,2
100,25,76,20
53,20,116,40
27,0,35,0
0,0,31,0
6,0,73,23
66,14,69,30
1,0,85,24
107,24,61,20
49,0,68,20
27,0,128,28
8,0,65,0
62,4,55,0
47,0,72,4
10,0,42,2
19,1,83,5
150,29,70,24
150,20,18,0
7,0,66,20
77,25,116,30
116,24,95,34
44,23,54,0
58,0,92,25
53,2,17,0
58,20,15,0
115,30,19,0
55,0,68,20
80,10,105,43
100,15,14,2
44,20,64,9
17,0,83,7
120,29,108,46
25,2,97,5
136,36,56,7
72,33,93,26
39,20,138,46
79,23,20,2
53,5,45,7
6,0,64,20
191,56,73,6
6,2,127,29
54,0,69,0
68,4,14,3
63,5,11,0
161,47,17,4
43,2,47,3
117,14,131,45
52,0,4,2
72,23,66,3
49,16,148,44
128,26,117,26
65,20,65,28
143,49,118,31
97,10,94,40
54,2,16,3
34,0,53,22
145,43,52,23
102,27,31,5
152,29,162,56
81,23,105,23
42,0,99,28
165,29,42,14
75,22,21,3
115,30,46,2
29,4,57,5
4,3,120,43
160,51,149,43
25,1,97,28
193,62,193,60
154,43,0,0
106,40,182,54
98,7,144,37
93,27,110,4
113,22,91,27
115,45,153,40
111,30,58,22
167,53,65,20
181,54,131,38
198,32,128,27
85,26,146,24
88,40,124,23
102,0,95,23
185,45,94,20
183,46,67,11
167,52,97,23
202,48,14,3
153,47,165,48
115,3,61,20
122,44,122,23
127,45,119,23
150,30,88,25
97,23,140,20
222,47,148,44
69,20,185,52
120,40,160,40
214,59,90,20
77,20,103,14
156,25,71,7
179,50,155,44
22,0,174,23
76,40,139,26
159,43,88,20
111,28,143,29
118,24,133,25
72,23,166,46
109,23,99,27
116,20,213,62
161,49,139,23
164,45,116,30
66,40,138,20
118,44,173,44
150,26,211,58
199,60,152,23
122,45,47,0
162,44,100,35
151,40,27,2
73,20,152,47
101,27,167,51
189,52,95,29
121,24,115,30
20,0,134,45
133,51,171,32
176,50,176,43
137,29,95,40
202,67,41,5
129,49,166,46
141,45,129,44
93,27,96,2
187,47,172,59
218,55,147,40
132,27,131,45
58,45,194,43
100,30,135,34
121,43,134,20
138,23,136,23
179,48,142,44
149,29,86,23
134,43,176,60
99,40,69,20
194,52,137,25
160,57,106,23
203,44,122,23
115,33,151,44
117,22,197,56
155,49,142,19
188,57,134,27
160,53,147,44
106,20,52,0
139,45,178,52
186,59,141,35
146,34,147,40
167,45,168,50
84,10,148,52
113,40,120,24
119,44,95,24
129,43,189,36
118,45,211,25
154,35,124,52
93,31,143,25
131,20,171,40
96,20,178,56
157,45,180,46
191,46,122,46
133,20,207,32
104,24,228,60
108,24,126,50
200,43,143,33
135,27,115,30
226,63,141,44
121,23,135,6
162,60,164,37
176,45,122,30
157,43,174,37
199,54,158,12
37,20,162,7
81,43,229,60
185,33,109,40
128,40,140,50
133,26,98,30
140,43,108,30
123,29,176,26
232,64,127,24
136,48,185,60
135,23,182,56
152,34,172,48
76,48,186,62
129,50,63,0
176,43,157,41
97,43,152,32
104,20,144,54
234,72,93,24
104,20,145,49
216,52,153,49
132,46,170,53
176,56,133,40
157,35,234,84
139,47,142,40
93,29,180,55
15,0,236,44
204,52,71,20
182,59,165,44
109,27,256,65
144,44,185,40
151,53,124,24
90,24,127,28
119,35,129,54
161,60,121,40
249,67,104,33
155,53,98,23
158,49,154,60
210,75,106,46
93,40,196,42
163,52,137,48
182,57,150,71
200,59,108,23
202,52,84,4
271,80,136,53
77,24,189,52
118,25,172,43
205,50,152,49
216,84,163,33
210,69,88,3
121,20,127,50
140,44,79,7
127,37,193,41
152,32,172,46
144,25,131,49
110,40,147,44
307,79,126,24
128,23,165,50
109,20,227,50
114,43,186,54
79,23,178,54
162,34,81,45
222,74,203,61
187,44,149,46
149,51,75,25
155,40,148,40
189,55,125,43
93,20,103,20
213,54,225,68
161,44,108,25
180,59,101,20
110,24,156,48
205,45,142,51
124,23,135,0
162,43,85,3
136,69,64,20
170,50,145,55
165,43,162,49
161,29,200,64
116,47,166,50
141,44,132,45
107,0,130,8
199,58,128,47
95,45,267,71
209,44,122,25
124,34,146,47
196,48,131,31
150,40,90,29
133,20,97,40
88,23,121,43
122,47,162,47
217,63,167,31
217,51,167,46
151,49,147,44
169,64,203,51
132,40,90,24
167,28,163,48
140,51,185,38
82,20,175,60
50,10,159,43
149,40,169,50
174,40,193,56
209,55,130,27
81,20,100,28
135,24,130,34
131,40,201,54
184,58,122,10
137,45,160,50
131,47,114,20
149,30,158,50
97,22,37,0
94,25,39,0
153,28,14,0
112,23,92,30
141,45,120,46
110,32,36,10
145,26,145,20
65,0,212,38
118,44,88,22
113,25,130,25
79,23,62,20
147,33,41,10
25,0,68,2
170,47,178,43
151,20,105,35
143,33,101,8
46,24,122,33
62,20,40,5
108,0,81,0
110,28,138,33
31,0,113,25
162,44,119,23
99,24,180,41
99,44,160,59
97,0,25,0
185,58,95,52
142,33,136,25
95,30,108,43
78,0,59,14
193,41,88,26
90,20,202,51
141,54,80,20
105,15,90,24
50,4,139,3
172,46,202,61
66,20,124,0
119,48,92,25
82,0,127,40
75,22,164,49
128,33,89,20
32,3,61,6
24,3,25,2
76,20,12,2
10,0,78,20
8,2,24,4
2,0,7,2
40,20,10,0
16,10,151,23
86,20,69,0
26,10,63,20
2,2,2,0
28,3,2,0
8,0,55,0
54,22,14,0
2,0,57,30
54,23,87,30
5,2,63,5
23,0,52,20
10,0,91,0
2,0,56,0
35,0,11,0
123,32,3,0
44,12,2,1
10,2,125,43
49,20,91,20
20,3,12,2
94,0,61,20
9,0,20,0
110,20,7,2
10,0,2,0
8,2,15,0
85,20,45,20
49,0,28,3
34,0,31,4
123,40,45,0
10,0,29,10
35,0,75,0
7,2,27,0
137,32,20,0
74,24,43,0
10,0,122,24
54,20,67,0
93,28,109,40
90,44,46,2
147,13,81,20
61,1,92,27
54,18,47,0
83,20,73,5
146,44,105,20
2,2,142,47
47,2,82,3
57,0,61,20
98,39,97,30
119,21,84,20
25,10,80,20
93,15,78,22
71,11,18,2
35,2,117,30
117,25,93,24
2,0,126,45
91,29,63,30
35,0,71,3
149,34,63,0
37,2,58,2
184,44,120,30
41,10,73,26
49,13,120,42
38,12,115,24
28,0,34,4
78,22,100,20
131,23,169,39
103,24,107,12
82,2,48,28
106,20,99,0
51,25,117,47
52,2,12,3
149,35,98,6
109,38,50,2
82,40,159,41
101,40,90,0
54,20,65,27
63,2,124,35
119,24,126,44
63,0,110,27
41,28,28,0
70,0,77,23
59,20,149,53
56,0,60,20
70,28,89,40
45,20,134,52
27,0,168,56
30,20,153,55
104,33,26,0
17,0,106,20
37,3,88,32
31,0,49,25
82,20,80,27
143,36,0,0
118,20,65,20
80,24,53,5
82,32,133,27
87,20,4,0
79,20,171,53
89,27,126,46
65,8,40,0
46,10,127,40
51,20,61,24
55,25,101,44
68,0,108,20
142,35,118,23
106,32,46,20
39,0,41,2
14,0,107,0
61,0,160,29
44,0,64,30
105,23,99,0
99,23,48,24
50,20,97,20
117,20,111,24
63,22,57,4
71,25,122,32
120,30,99,45
88,48,116,20
126,20,39,0
46,0,144,49
67,20,70,20
81,20,76,26
127,45,57,20
163,48,127,28
132,23,16,2
19,0,138,30
88,44,78,25
60,24,81,23
187,42,141,50
77,12,50,20
74,20,130,32
82,25,69,20
60,30,174,45
33,0,70,20
107,20,45,10
45,20,164,43
121,35,128,23
43,0,116,22
29,0,52,0
113,30,187,32
121,24,111,49
144,20,33,0
80,25,88,5
66,9,89,20
30,5,124,25
131,35,134,12
16,0,50,0
101,22,61,20
65,4,6,0
121,39,50,5
12,2,95,29
97,40,25,12
66,20,104,20
125,40,121,42
4,2,23,0
112,30,92,24
33,0,43,7
89,20,32,2
56,0,90,10
17,0,118,49
99,5,35,0
84,40,126,44
36,20,73,20
122,48,32,0
83,10,87,44
90,20,102,9
21,2,111,14
87,20,201,54
56,10,78,20
93,25,65,2
80,20,12,0
79,15,164,60
68,20,92,20
135,48,36,0
101,40,128,44
99,37,59,24
38,2,25,0
97,7,32,2
92,45,93,27
70,25,144,35
76,35,82,10
34,4,137,59
47,20,70,10
131,29,137,27
83,25,105,25
89,10,76,40
78,2,35,2
123,44,60,22
84,12,128,0
21,2,28,0
97,20,45,20
19,0,0,0
0,0,95,20
65,3,75,15
48,10,117,40
24,0,130,32
96,25,59,0
111,5,25,20
43,0,6,0
94,45,5,0
34,0,156,43
65,0,9,0
93,7,61,25
68,20,57,2
67,20,10,0
64,22,68,5
72,20,6,2
54,13,169,28
128,40,8,0
0,0,90,20
67,20,26,0
76,22,17,0
59,20,16,2
65,3,131,0
62,0,48,20
81,12,98,25
60,0,23,2
91,7,40,0
114,23,26,2
149,40,2,0
10,0,168,48
55,3,6,3
159,25,93,27
127,24,17,0
15,2,16,10
9,0,54,20
12,0,22,0
2,2,56,21
91,23,122,13
35,2,18,0
1,0,5,2
73,20,45,2
88,0,15,0
104,25,145,24
73,1,99,29
66,13,60,2
10,0,63,0
84,22,9,0
102,23,91,0
65,20,67,0
22,0,87,14
82,23,48,23
72,10,79,29
26,2,112,21
73,0,47,0
89,20,24,0
79,20,36,2
66,21,25,2
164,43,42,0
35,2,69,2
77,9,82,24
49,0,59,20
68,20,65,10
98,20,79,45
5,2,51,9
163,33,53,20
68,2,131,11
96,10,80,40
63,20,46,2
47,40,14,0
48,5,67,8
118,40,86,26
76,5,18,0
103,25,115,33
99,24,60,0
129,25,91,45
55,20,75,8
120,43,89,40
131,30,101,24
51,0,105,20
76,13,49,0
128,40,78,23
95,25,89,24
84,30,27,0
51,21,65,4
106,20,144,23
47,13,57,2
39,0,72,25
167,50,76,20
30,0,49,2
66,20,56,22
199,47,103,40
64,25,64,12
62,23,175,52
46,30,42,10
106,43,159,45
100,26,157,56
127,25,105,21
168,35,137,40
115,35,196,32
87,24,181,40
102,30,48,0
226,67,80,40
77,20,118,40
38,1,145,43
221,51,107,33
131,20,170,44
83,4,97,20
100,20,77,20
205,61,34,0
16,0,101,28
84,30,112,45
45,21,88,20
121,33,140,35
52,0,146,45
86,23,178,60
109,20,44,0
147,40,70,27
56,6,32,0
148,33,87,30
132,21,86,35
171,40,75,20
147,20,21,0
185,38,100,20
27,0,91,20
215,56,53,10
160,36,109,38
102,44,138,40
67,33,155,36
116,40,24,20
117,41,80,40
191,50,83,0
179,59,53,14
73,20,107,36
165,56,76,20
38,0,86,36
201,60,117,20
192,49,137,40
15,0,71,24
4,0,28,0
64,4,93,3
88,44,107,35
60,2,76,3
25,0,58,20
27,0,52,14
23,0,20,0
35,0,64,23
45,0,39,20
126,30,12,0
25,20,8,0
22,0,59,20
15,0,108,24
102,24,60,3
52,10,10,0
58,1,55,20
30,2,25,0
24,3,98,30
76,20,3,0
126,48,15,0
104,34,12,0
19,3,64,20
37,2,107,17
62,20,96,40
27,0,45,0
12,0,73,24
138,24,39,0
15,0,31,0
10,0,95,3
57,24,39,0
4,2,79,20
23,3,84,2
59,1,25,0
37,20,63,3
59,20,147,30
74,6,71,23
17,3,45,30
6,0,42,3
35,20,82,30
48,24,82,2
12,2,48,20
33,20,130,40
85,40,60,23
69,24,10,2
66,20,153,45
75,0,38,0
47,0,74,22
45,3,19,0
78,40,28,5
140,33,27,20
28,3,87,24
166,45,34,4
67,23,36,20
9,2,95,30
68,20,61,20
47,23,80,13
59,3,23,0
117,23,72,40
25,2,70,23
156,27,6,5
60,20,85,24
78,22,59,0
29,0,45,20
61,23,63,23
63,23,48,4
78,45,41,20
59,30,46,23
95,40,31,23
68,25,117,25
129,44,19,3
48,20,28,3
17,12,10,4
15,7,39,29
23,22,18,4
42,2,44,4
38,0,30,0
30,2,30,2
37,12,26,2
19,2,44,4
27,2,41,4
63,22,23,0
30,0,50,4
24,0,45,2
14,10,48,46
30,4,18,4
21,4,45,20
28,2,30,4
25,0,39,0
16,12,17,13
55,20,43,22
73,8,68,27
103,24,37,0
30,20,96,8
69,24,48,20
12,0,62,24
15,0,83,40
87,26,109,47
49,23,71,10
55,4,50,5
39,0,32,0
83,40,39,3
107,22,13,0
123,40,12,0
145,49,48,20
81,24,38,10
127,28,58,25
102,43,14,4
124,48,147,40
31,0,25,2
115,28,119,50
44,40,53,20
150,27,69,23
57,30,35,10
118,32,126,31
105,26,83,33
36,0,88,48
89,44,144,50
110,24,113,33
62,10,113,34
34,0,94,22
108,44,45,20
91,25,97,43
154,45,108,47
63,20,67,20
105,32,27,20
106,23,74,10
110,36,168,45
112,40,39,2
53,2,88,27
133,40,107,44
80,25,102,24
111,20,79,25
44,20,135,33
90,14,150,48
112,27,119,20
66,26,73,22
190,52,79,24
112,23,69,14
22,0,113,35
59,27,63,20
144,45,76,20
64,10,18,5
103,23,98,28
145,52,81,35
89,20,68,0
85,20,139,40
109,35,99,20
99,22,91,20
49,24,49,0
11,2,105,20
88,27,85,20
59,5,108,0
108,24,130,38
105,30,93,20
141,43,19,0
147,25,80,20
91,34,38,3
47,0,50,20
171,28,12,10
128,45,64,10
151,24,98,20
174,35,80,40
88,0,89,23
21,0,148,52
125,48,97,40
121,28,67,20
53,5,74,20
116,20,161,45
182,53,117,38
44,13,49,0
90,27,126,10
125,40,33,23
160,44,116,34
52,3,109,20
96,45,123,25
64,15,64,23
77,0,138,20
104,20,84,10
40,20,163,51
45,0,107,25
122,30,114,22
130,44,51,6
15,0,169,47
147,34,120,27
176,30,30,20
61,23,91,5
181,50,90,23
46,15,89,22
106,6,116,45
145,58,114,45
124,43,121,27
153,47,96,25
48,0,84,14
24,0,75,10
87,34,105,23
130,47,81,17
102,2,167,45
60,10,159,55
87,26,83,0
92,5,90,26
82,9,110,23
79,16,127,34
126,32,51,14
144,44,78,34
16,2,72,23
135,14,76,12
126,26,87,30
104,35,74,26
157,37,78,23
45,10,158,44
58,30,188,25
70,28,157,47
89,20,21,3
39,7,73,20
116,38,89,30
55,12,144,24
125,24,97,34
86,0,28,10
154,47,59,40
94,27,164,33
63,20,134,40
71,24,12,10
67,0,172,40
81,45,133,36
21,12,191,31
90,20,117,32
61,15,163,44
144,44,79,0
70,20,55,15
48,20,7,0
10,0,51,0
88,30,142,44
146,25,90,20
105,10,119,10
7,0,107,0
121,47,103,20
103,40,79,24
23,7,107,0
44,2,10,0
96,5,196,47
77,13,38,20
109,27,89,24
90,30,95,25
68,2,114,44
71,0,242,42
49,0,88,20
40,0,96,49
105,20,89,25
149,10,12,10
97,0,82,0
117,48,86,40
157,31,105,11
66,20,148,28
73,40,100,30
61,3,33,0
59,20,34,20
68,0,66,23
42,0,0,0
89,20,50,3
68,25,81,23
78,3,32,0
82,20,28,0
6,2,89,44
10,10,14,0
36,0,83,22
58,2,38,20
20,0,20,0
19,2,99,20
40,2,123,33
79,22,6,0
72,23,131,24
57,0,20,0
73,20,54,10
39,20,115,25
29,0,31,0
86,25,126,45
68,20,33,0
106,45,75,30
78,20,56,20
48,20,104,40
116,43,45,20
55,0,77,20
31,0,24,0
69,0,95,40
92,40,47,0
70,25,113,40
59,20,89,35
54,20,91,20
94,20,96,7
99,23,71,20
38,30,115,30
140,28,141,40
48,25,36,20
119,48,146,48
51,23,74,20
75,30,69,25
124,43,44,20
124,23,86,20
93,40,95,44
133,40,23,0
191,49,85,20
63,20,67,40
150,45,126,43
61,40,55,30
116,25,71,44
82,40,175,40
92,43,126,44
107,25,94,40
103,44,59,0
68,40,28,0
85,20,108,0
146,45,76,40
143,25,97,23
64,40,103,20
179,47,58,20
124,44,130,40
79,20,101,20
137,43,89,20
81,20,101,48
132,20,99,25
29,20,95,40
86,20,26,20
42,5,122,43
113,20,66,24
35,5,76,20
121,25,77,2
75,23,94,40
105,8,39,20
119,28,44,0
73,40,154,40
141,23,40,4
104,29,116,40
62,20,35,0
111,24,94,23
115,2,28,0
112,20,72,5
137,23,28,2
91,20,51,0
146,24,90,24
92,26,152,48
149,48,101,40
189,43,87,20
124,20,78,3
102,44,176,52
121,23,120,45
138,46,68,10
103,40,101,40
158,48,77,43
60,20,61,24
96,20,155,40
131,43,185,48
85,44,114,23
161,45,92,24
71,20,91,26
165,52,113,40
111,50,117,45
99,30,113,20
96,24,107,44
117,25,77,12
45,0,77,23
58,7,11,0
119,27,123,20
73,30,166,43
105,23,150,34
75,10,110,28
43,2,77,20
64,5,166,48
94,0,111,24
59,30,74,23
135,27,102,34
99,44,18,0
130,10,80,20
131,58,41,13
90,25,107,40
84,33,155,40
40,5,85,20
68,5,121,45
88,24,77,23
119,40,29,10
90,20,116,48
142,29,80,40
47,3,154,23
115,25,128,50
108,20,43,20
135,28,75,23
41,2,108,36
172,53,35,10
64,22,159,44
80,45,94,25
78,20,54,5
124,23,111,25
174,36,140,27
129,43,85,27
66,20,30,12
69,10,86,23
42,20,149,44
69,20,109,23
133,5,79,40
85,24,113,12
74,12,20,0
2,0,59,2
37,3,36,12
19,0,32,2
73,2,25,2
57,2,57,10
32,2,40,10
33,0,44,2
38,6,2,0
68,12,56,4
117,41,93,37
123,40,69,19
66,24,57,10
101,32,134,5
83,24,100,20
61,2,61,26
102,23,50,20
52,20,93,20
109,40,72,24
84,35,110,43
77,20,102,39
69,20,127,26
88,10,51,10
133,43,46,0
139,45,62,14
43,20,115,20
97,20,41,0
109,44,117,30
52,12,86,20
98,28,72,20
75,20,93,23
71,10,114,43
75,20,103,23
53,20,152,49
49,20,159,44
93,26,74,20
80,40,74,30
83,20,104,44
91,24,62,22
62,24,55,20
75,20,106,20
115,34,105,24
124,45,117,43
80,26,78,40
25,0,131,40
116,20,120,40
73,24,116,24
156,45,57,20
97,25,91,47
61,14,113,24
173,40,32,3
70,40,129,49
79,15,34,0
106,27,108,23
78,0,68,10
97,22,133,45
72,23,33,2
41,20,41,0
33,20,51,23
70,20,35,0
17,0,190,52
16,2,68,23
55,23,61,20
129,32,17,0
61,23,61,5
98,23,40,20
93,26,43,2
68,0,44,20
90,26,127,29
76,20,28,3
153,49,8,5
86,20,69,21
60,20,49,23
32,20,66,8
100,20,46,10
162,49,79,40
42,0,86,23
42,3,18,5
50,23,132,29
21,2,47,23
139,48,63,23
72,30,52,15
36,20,72,23
21,3,145,40
53,2,77,23
21,5,25,3
155,49,73,20
123,43,101,19
95,21,30,0
116,23,74,22
99,25,29,2
23,3,59,0
33,3,39,20
34,20,198,49
47,20,53,26
40,22,117,29
76,20,109,20
16,3,136,31
12,0,93,40
1,0,15,0
15,0,0,0
18,0,5,0
1,0,4,0
11,0,13,0
0,0,13,0
31,0,10,0
17,0,18,0
34,0,0,0
23,0,9,0
0,0,26,0
12,0,9,0
0,0,43,0
5,0,11,0
15,0,4,0
5,0,24,11
67,15,77,30
51,4,10,0
32,5,33,0
24,11,30,20
39,0,43,0
37,0,74,15
8,0,25,1
100,20,49,5
47,13,33,2
22,3,53,5
19,0,24,0
32,20,26,3
50,0,25,11
34,3,61,5
17,0,45,5
21,12,14,3
3,0,30,0
44,0,60,11
5,0,66,23
20,3,38,20
37,2,0,0
18,0,29,2
7,0,0,0
25,0,83,22
35,2,2,0
8,0,16,2
32,2,48,0
54,2,19,2
2,0,55,2
9,0,40,0
75,2,42,2
12,0,17,0
49,4,50,0
23,0,34,2
61,3,6,0
74,20,4,0
110,45,15,0
90,21,73,26
95,25,69,25
55,20,54,3
90,40,119,45
41,20,104,47
53,20,97,26
47,2,52,0
66,41,66,0
52,20,25,0
122,40,53,0
67,21,87,20
67,20,142,61
51,21,69,23
47,20,40,0
70,20,9,2
84,20,0,0
84,20,36,0
22,0,43,0
65,22,123,45
0,0,15,0
24,3,14,0
54,20,68,20
41,20,30,2
21,2,45,2
11,0,60,0
12,0,80,22
82,25,50,2
13,10,41,2
54,3,74,20
20,0,151,40
21,20,19,0
70,20,21,0
118,40,26,0
35,0,121,49
13,10,91,25
71,23,106,21
85,23,111,28
25,0,84,30
111,28,61,11
156,38,45,20
57,23,68,20
8,0,16,0
69,28,54,20
28,1,34,0
144,49,18,0
32,21,98,23
14,0,119,48
52,3,37,10
59,20,128,28
12,0,81,20
64,12,12,0
17,0,51,30
20,2,42,20
59,20,28,2
36,22,50,10
30,0,36,2
28,2,43,10
42,22,19,0
59,30,26,0
65,22,74,7
41,21,31,2
135,27,45,21
48,0,116,0
83,7,67,22
68,2,40,22
55,22,104,23
93,25,38,2
96,20,51,20
67,4,46,4
52,21,41,7
87,48,84,40
93,41,159,35
118,21,82,48
98,48,98,41
59,20,117,30
70,28,126,29
116,52,96,40
131,28,88,21
132,45,134,43
136,40,52,23
31,2,82,20
59,20,137,26
28,2,26,0
104,44,66,20
99,38,149,45
100,22,85,24
127,29,62,28
13,3,106,22
129,30,84,23
120,43,51,20
51,26,129,20
127,27,33,6
18,0,107,27
134,40,81,20
45,28,34,22
94,16,183,50
135,28,118,20
67,0,22,0
83,23,31,3
88,5,114,47
97,44,191,48
126,40,81,24
100,28,33,5
144,40,93,5
58,7,72,22
141,48,95,24
8,3,101,24
77,7,158,39
135,40,104,26
105,25,26,0
40,23,72,24
85,24,82,20
51,20,106,24
34,4,239,50
126,40,76,22
93,0,66,23
78,24,152,35
42,4,101,20
103,23,64,23
143,25,112,24
73,24,134,35
88,23,144,47
62,6,125,32
109,40,46,3
156,20,56,20
110,15,144,25
29,3,9,0
49,0,0,0
50,20,87,30
65,18,109,20
56,25,80,25
102,10,68,20
80,24,95,5
86,24,61,20
50,0,79,5
63,4,104,44
78,20,113,43
11,0,69,25
22,10,60,0
130,28,86,23
32,0,92,24
56,0,35,20
72,22,55,20
155,45,52,25
61,24,141,52
46,0,57,15
105,10,23,2
90,24,150,48
23,10,28,2
41,22,116,28
65,23,90,24
85,40,94,0
141,61,65,0
42,0,99,44
150,45,3,0
58,29,20,2
140,25,77,25
94,23,75,20
28,10,70,24
118,44,91,30
55,20,116,6
113,11,104,23
89,20,80,35
17,0,33,0
82,22,57,12
42,25,101,20
36,0,100,44
147,45,65,0
173,44,49,2
136,6,76,44
48,23,104,39
43,10,132,43
27,4,44,0
81,20,84,23
96,20,97,25
118,40,75,40
110,40,38,2
97,27,3,3
32,5,108,27
138,35,107,28
122,24,120,40
150,44,40,22
60,20,182,47
52,20,24,2
46,3,22,0
58,4,47,3
56,20,104,28
144,8,78,0
98,40,163,26
48,20,126,24
22,0,105,2
56,22,15,2
55,20,110,26
43,4,99,20
30,3,86,25
76,0,31,2
102,3,168,23
107,27,114,48
85,31,55,22
83,20,117,20
91,20,38,6
108,20,32,2
122,4,48,20
170,26,10,0
132,26,77,40
25,2,173,36
82,22,106,9
113,28,37,24
57,4,89,20
129,0,48,2
149,30,108,40
71,20,78,2
158,52,68,22
62,20,32,2
61,20,83,20
93,22,102,20
111,43,45,3
2,0,14,10
12,3,24,13
26,0,7,0
39,21,29,10
10,3,15,11
8,0,20,11
28,3,16,0
15,3,32,11
20,20,24,12
37,0,15,10
2,0,23,10
17,3,32,11
16,5,44,21
16,0,17,11
35,3,31,11
28,10,32,10
14,5,19,11
30,3,12,11
51,18,25,11
10,0,18,10
49,23,20,11
15,3,31,11
41,20,25,15
12,3,34,3
32,10,12,3
37,3,15,3
21,3,23,0
12,3,15,5
63,10,11,1
19,3,40,3
42,3,25,3
12,5,6,0
18,3,49,3
71,23,35,10
14,3,8,3
46,3,15,0
117,13,33,5
5,0,86,21
21,3,45,23
14,3,32,17
23,3,36,3
33,3,47,3
45,20,7,0
24,3,11,3
12,0,61,21
5,3,68,23
13,4,67,3
88,22,6,3
56,3,16,3
20,4,30,3
33,13,73,10
60,3,41,23
9,1,18,3
47,5,105,30
37,4,32,3
20,3,36,3
137,25,11,2
11,3,18,0
37,10,50,3
20,4,43,3
84,6,5,3
44,3,35,20
33,3,74,23
26,0,12,4
12,3,11,3
30,3,63,3
37,4,14,2
11,3,43,3
37,23,57,20
30,3,33,3
70,0,14,3
11,2,49,3
68,23,28,5
37,3,29,0
43,24,56,6
21,3,31,3
9,3,39,3
64,4,26,3
14,3,95,23
43,3,5,0
6,0,3,0
2,2,2,0
3,0,28,2
10,0,28,2
24,2,17,0
5,0,18,4
22,0,12,0
11,0,22,0
16,2,19,4
12,0,6,0
43,0,24,0
28,3,34,3
23,4,17,3
136,20,71,40
147,49,72,25
112,44,154,39
88,20,32,0
151,45,34,0
46,0,211,55
160,49,70,20
70,9,142,20
188,43,47,20
62,20,103,29
137,50,170,40
10,0,125,29
50,20,79,20
42,0,95,25
108,40,196,55
141,35,95,40
50,20,125,47
60,0,100,24
11,3,191,47
106,40,19,2
134,50,63,24
155,40,164,30
138,20,60,3
84,25,84,39
84,20,67,4
144,43,106,25
29,0,77,3
142,0,47,2
65,20,117,45
140,44,88,0
45,0,120,40
154,40,95,23
108,0,57,20
132,45,42,0
165,45,127,20
119,23,70,25
89,20,77,30
145,44,182,59
55,3,111,44
44,2,145,48
33,5,35,20
113,20,33,20
123,26,19,3
65,0,32,2
91,9,160,32
72,20,43,2
24,0,201,24
21,2,64,23
95,5,176,52
138,47,77,25
163,33,23,20
64,40,43,10
64,20,88,9
151,44,137,20
99,13,74,25
47,3,29,2
62,0,119,33
64,23,156,32
34,0,80,40
62,2,23,2
86,10,56,2
57,9,74,25
51,20,66,0
74,25,211,44
31,0,93,24
96,22,91,0
72,4,44,3
238,30,43,0
43,10,141,28
64,2,114,22
82,28,82,9
144,24,112,0
95,40,52,0
135,20,53,5
105,47,27,0
29,5,128,23
34,0,138,27
40,2,7,4
18,2,19,2
39,13,13,2
4,1,14,0
14,3,18,2
31,10,44,20
11,4,97,20
9,0,53,2
46,0,18,2
15,2,67,23
15,2,24,2
18,0,21,3
52,13,4,2
31,2,12,2
75,22,32,23
6,2,46,30
42,0,29,0
19,0,19,3
46,20,55,27
69,11,9,3
8,0,69,20
45,23,25,3
97,24,7,4
13,3,52,10
110,20,109,29
40,20,33,0
44,12,84,23
75,24,3,2
43,0,91,6
57,40,7,2
36,0,15,3
8,0,104,23
4,0,29,0
142,28,44,20
16,0,19,0
18,0,21,10
20,3,29,0
50,0,70,40
17,3,4,3
18,3,77,22
95,23,28,0
54,0,37,0
60,0,187,51
86,24,61,0
115,6,136,40
222,63,171,25
86,24,155,25
199,70,138,40
120,23,155,48
149,43,94,40
45,0,130,27
185,68,174,40
222,60,143,44
64,25,301,56
92,23,74,43
138,20,199,70
97,20,194,11
148,32,148,35
127,20,202,52
87,40,176,60
122,23,97,13
173,35,143,49
177,48,139,20
199,44,114,30
236,68,119,24
109,20,159,40
86,0,164,40
200,52,193,55
77,29,221,60
147,43,97,23
253,48,107,49
137,30,101,20
195,52,121,40
218,44,216,60
119,28,216,49
115,20,130,20
164,48,125,43
177,48,126,44
174,60,97,43
147,21,123,49
73,20,180,28
191,45,114,52
146,38,127,26
145,48,186,30
142,29,220,44
158,54,125,20
132,28,137,30
196,29,134,47
107,49,233,49
121,28,162,43
178,42,145,48
137,24,188,45
155,40,159,48
145,49,123,30
193,62,121,35
109,25,132,34
188,28,120,20
217,59,117,40
100,20,123,20
163,27,125,55
118,46,217,53
136,43,145,25
148,25,229,60
109,43,132,24
167,44,91,0
194,51,91,20
118,25,110,23
175,45,101,48
181,64,182,55
163,32,116,0
68,20,117,23
145,50,124,26
77,32,153,37
118,43,166,50
107,45,72,40
148,49,24,0
20,0,125,40
48,30,67,23
34,6,112,25
83,3,52,20
114,45,22,0
88,30,93,40
21,0,83,20
77,40,123,44
60,20,55,20
77,25,148,38
87,40,85,20
110,20,38,0
80,40,61,20
168,44,40,2
98,25,48,25
80,45,157,40
155,44,11,0
138,40,110,18
50,30,37,20
2,0,82,0
91,20,80,20
157,44,103,8
52,0,22,0
9,3,106,30
150,40,19,12
132,23,68,20
147,40,38,0
26,0,91,26
119,25,25,0
52,0,41,20
86,20,38,3
127,25,38,3
137,26,34,10
74,10,33,0
55,20,83,0
48,0,22,0
84,23,140,40
137,20,20,0
27,0,106,20
140,45,69,0
41,3,89,40
64,3,79,20
94,40,99,22
43,20,152,25
126,20,106,0
35,20,126,20
90,30,147,40
100,20,90,23
48,23,25,2
47,0,133,40
156,40,0,0
51,3,46,0
89,20,68,20
18,0,73,0
141,49,24,3
88,20,58,20
139,20,53,4
28,0,115,20
108,27,49,0
74,0,80,3
99,3,56,20
43,3,37,0
203,32,59,20
95,43,65,23
41,0,85,3
102,23,66,27
134,20,40,6
29,0,83,0
152,45,66,20
73,23,81,3
175,47,98,23
56,20,53,20
89,1,95,20
109,20,159,25
54,5,76,40
150,23,68,23
120,45,91,27
62,3,60,20
49,3,111,0
22,0,158,47
43,3,58,1
137,20,196,45
54,20,45,0
17,0,54,5
20,0,68,20
132,24,86,0
34,0,61,2
88,25,75,20
21,0,68,24
56,22,57,5
78,0,69,3
89,0,49,2
108,40,32,2
51,15,53,4
12,3,49,20
57,20,78,20
14,3,89,22
77,40,138,24
79,20,40,0
53,0,16,2
54,15,71,20
59,20,50,0
25,0,107,20
70,3,34,2
108,20,23,0
112,40,57,20
12,10,78,40
67,23,70,5
43,3,74,0
51,5,22,3
22,0,87,22
155,40,55,20
94,20,40,3
54,0,86,0
60,20,87,23
22,20,63,40
5,2,98,33
126,26,68,24
77,17,39,20
104,20,36,20
40,40,195,22
47,3,46,0
49,20,40,10
50,3,40,20
137,40,97,3
93,39,60,23
131,25,60,30
38,20,71,20
19,2,22,2
83,13,72,24
103,40,79,40
45,10,71,2
80,20,34,2
53,20,67,24
98,40,133,23
50,0,131,33
43,20,30,0
58,2,73,24
34,10,81,22
128,43,102,30
51,23,67,40
121,33,83,0
60,2,86,30
76,23,134,23
52,10,56,2
76,20,56,4
49,20,102,40
74,24,70,40
48,24,41,0
25,2,93,2
14,2,15,0
25,2,16,2
81,3,17,0
72,24,59,23
193,3,32,3
50,4,3,0
56,23,52,3
8,2,57,0
30,2,30,5
86,3,27,0
109,4,17,2
36,20,54,3
119,10,55,20
75,20,38,0
69,20,27,2
35,3,112,20
135,40,26,0
57,4,29,3
62,22,55,20
18,10,161,40
161,23,27,2
106,23,78,20
5,0,84,30
138,20,69,30
111,0,53,10
72,22,65,20
119,23,30,0
125,30,90,40
117,22,44,0
58,3,74,20
83,3,54,2
69,22,144,30
71,23,154,20
12,0,85,27
52,3,50,30
210,45,27,2
123,40,41,3
10,2,29,0
92,30,145,39
47,5,47,20
48,3,4,0
51,0,60,20
22,20,119,40
82,25,25,2
44,22,104,20
47,0,69,3
74,10,57,40
37,0,68,3
12,0,120,21
74,3,58,25
112,40,57,3
51,0,45,0
56,21,38,9
78,20,43,20
124,30,60,20
78,2,74,12
34,1,63,0
82,6,19,0
69,20,68,3
57,20,61,20
40,3,151,20
29,3,96,29
101,30,27,2
41,20,90,22
51,22,57,20
76,30,75,30
16,0,98,10
90,20,44,14
95,40,113,24
142,40,73,3
58,22,61,3
63,12,110,0
99,40,113,44
100,44,121,13
39,20,76,20
82,20,72,20
158,49,104,45
97,40,68,24
62,20,83,25
174,44,62,27
44,20,53,20
63,0,116,23
20,0,101,25
67,20,137,49
40,25,122,40
57,0,60,24
2,0,144,40
102,23,44,0
49,0,133,45
42,0,174,40
149,45,86,27
153,44,84,20
162,40,20,0
51,20,91,29
143,45,126,20
85,25,151,40
119,29,72,24
84,0,96,20
146,45,39,0
96,27,82,24
127,20,29,0
129,49,98,40
104,28,48,0
197,50,37,20
26,0,16,3
61,24,27,0
64,28,50,20
72,25,83,20
103,20,46,20
46,4,59,20
45,10,44,4
65,4,124,45
62,23,48,20
22,2,102,20
128,29,101,45
119,20,95,28
40,0,21,3
15,0,89,30
25,0,144,25
83,23,93,44
149,40,17,3
62,20,95,7
78,5,75,20
45,10,120,43
57,0,89,23
88,25,93,40
113,24,9,3
109,40,85,20
111,5,24,2
35,3,67,2
86,33,74,24
97,20,130,49
133,20,88,22
12,0,53,0
74,23,74,20
16,0,77,0
95,20,73,22
91,20,49,10
42,5,53,20
94,25,39,2
6,0,199,33
57,20,108,1
33,20,50,13
54,0,62,0
133,20,38,2
81,0,35,3
60,25,114,5
147,38,70,1
50,0,76,20
24,0,14,0
60,20,92,12
38,3,20,20
126,26,96,3
54,0,41,0
42,0,93,5
4,0,53,2
138,26,105,30
146,30,30,3
81,10,36,4
45,0,40,0
170,7,5,0
144,30,56,25
43,2,18,0
63,3,19,3
64,25,89,25
22,0,137,3
55,22,84,20
41,3,57,3
38,5,90,3
13,0,123,28
82,0,55,20
46,0,62,0
12,0,51,0
20,0,53,0
12,0,27,0
52,0,21,5
69,10,29,0
38,0,24,2
73,10,8,0
25,5,84,10
21,0,9,0
79,40,98,3
58,6,45,12
8,0,60,20
73,0,51,0
74,20,62,14
96,20,25,20
48,20,53,0
84,34,16,0
76,2,2,0
28,10,4,2
85,4,22,0
55,23,135,30
40,0,57,3
67,0,56,10
84,20,49,10
60,10,47,0
36,2,123,33
26,0,86,4
62,23,11,0
69,0,132,33
60,0,116,14
77,0,50,10
38,0,40,0
88,3,83,23
85,20,85,24
69,2,29,0
36,0,18,2
59,14,76,3
54,30,116,0
123,3,47,20
124,24,78,26
87,24,71,14
2,0,0,0
5,0,12,0
5,0,0,0
13,0,10,0
8,0,30,0
8,0,13,0
11,0,35,0
6,0,17,2
9,0,21,0
7,0,11,0
18,0,11,2
25,0,4,0
7,0,49,22
82,20,21,0
9,0,40,20
22,10,40,0
30,0,15,0
17,0,84,20
77,0,7,0
37,0,28,0
52,3,40,30
22,3,40,20
19,0,43,10
21,0,13,0
44,0,47,0
61,3,3,2
12,0,28,3
18,2,28,5
55,0,60,0
18,0,44,20
30,3,22,2
34,3,45,2
33,0,28,3
33,10,36,3
35,13,23,3
19,0,44,0
37,5,46,3
63,20,37,20
49,2,27,0
24,3,32,3
48,3,31,3
151,20,160,65
191,52,186,40
189,25,96,0
107,5,128,45
152,52,204,54
134,44,115,0
205,40,145,20
129,32,24,0
53,9,125,27
114,28,182,25
161,44,137,45
181,44,185,60
101,28,205,30
192,48,186,49
205,20,199,55
85,23,200,43
97,24,141,24
130,23,148,25
141,40,89,20
213,62,100,52
142,45,117,39
137,45,157,30
148,24,123,24
46,8,179,18
218,48,189,68
91,25,174,60
127,0,160,0
112,39,120,4
142,49,192,55
109,40,207,65
83,3,109,20
211,64,105,27
71,4,138,20
205,56,114,5
233,45,142,48
81,50,209,28
84,20,210,54
161,45,170,29
254,84,93,27
75,15,152,43
165,29,163,20
129,6,140,0
206,20,89,22
242,52,127,17
173,28,112,24
153,44,148,23
138,25,240,64
123,40,170,51
125,0,164,24
205,60,130,44
98,23,96,40
182,20,169,29
183,23,192,31
133,44,147,37
135,22,97,25
124,20,65,3
118,2,89,3
125,23,57,0
52,0,171,23
107,27,101,10
84,25,100,13
61,0,55,2
135,28,52,2
118,20,18,3
76,35,118,25
136,40,117,0
179,49,95,20
103,10,45,3
66,12,55,3
92,0,146,28
62,23,112,22
140,23,164,20
65,23,99,20
192,35,90,3
63,23,79,5
142,20,56,10
48,5,124,0
37,0,132,20
158,40,144,45
88,3,132,30
140,22,53,13
80,23,81,15
100,10,159,25
62,5,135,40
174,24,35,3
90,23,85,30
77,30,96,28
64,6,201,45
84,13,125,28
91,23,102,22
101,20,115,23
94,20,119,20
128,38,146,30
59,10,116,0
25,0,59,2
96,20,63,12
78,22,92,2
77,3,92,0
39,5,45,5
164,30,66,2
29,3,29,5
51,2,48,0
29,5,104,22
110,22,20,0
127,20,18,2
37,4,150,35
45,3,22,2
30,0,88,22
104,13,29,3
72,2,79,28
16,3,13,5
93,2,28,2
96,22,73,25
12,2,47,3
100,2,42,2
60,2,134,23
50,2,25,3
97,20,75,2
58,3,36,5
107,20,32,3
19,2,194,20
10,3,148,28
39,3,109,15
12,2,117,22
89,28,80,20
42,3,50,2
68,3,79,22
162,28,36,2
76,0,24,5
181,29,37,2
77,12,50,0
141,25,84,13
89,2,109,23
117,28,96,2
96,0,66,2
84,30,203,43
19,10,142,30
27,0,132,10
59,10,88,20
169,25,92,26
47,10,59,2
139,26,83,10
80,23,115,25
44,12,175,45
172,30,28,0
134,43,127,2
36,10,62,10
57,23,58,0
20,0,184,45
58,10,8,0
136,30,45,10
69,3,31,0
27,0,108,25
82,24,81,10
102,20,114,35
21,0,75,23
53,3,58,10
64,22,99,0
94,10,102,23
56,0,132,23
131,20,64,0
103,20,122,10
96,30,50,2
85,20,124,25
110,0,25,2
73,20,139,45
100,5,89,20
67,20,64,20
38,2,91,20
114,20,153,40
100,0,79,20
75,22,135,40
151,30,37,0
109,22,110,30
85,40,100,0
66,20,171,30
122,40,47,0
117,0,64,20
30,10,169,20
14,2,41,20
23,0,29,0
51,0,57,12
30,2,36,5
9,0,36,10
42,2,56,3
21,2,78,3
40,0,57,3
24,3,61,10
34,20,34,2
22,0,60,3
75,2,52,2
35,2,31,3
80,20,51,3
64,22,37,0
103,3,40,3
41,10,58,8
14,0,58,2
28,0,111,20
107,20,73,25
20,0,167,45
22,0,51,0
114,50,56,30
123,20,48,6
95,25,106,5
39,2,19,0
74,25,71,30
73,20,105,20
79,26,92,20
66,12,37,0
63,25,96,45
22,0,118,0
96,27,103,40
76,10,51,0
79,25,95,25
141,24,45,2
87,10,71,25
62,20,18,3
103,40,148,48
139,25,32,0
10,0,119,28
75,20,119,26
58,0,116,23
137,28,87,0
46,0,18,0
166,45,50,20
161,49,160,49
16,2,74,23
32,20,176,25
180,20,128,25
145,24,89,40
69,23,67,23
126,25,75,3
163,22,49,0
77,24,28,20
117,49,118,22
113,40,18,2
73,3,53,20
2,0,34,13
77,22,117,23
47,10,60,20
132,38,79,20
28,3,116,0
69,23,39,10
83,3,46,2
21,10,36,6
56,23,20,20
61,20,96,0
14,0,24,0
9,0,25,2
27,0,13,0
45,0,45,2
51,20,23,2
83,20,56,20
4,0,38,2
18,3,47,40
40,4,45,3
8,0,0,0
20,20,9,2
19,3,51,20
66,22,7,2
55,20,49,22
52,5,2,0
14,0,13,0
132,33,10,0
46,20,21,0
11,0,101,13
64,0,21,2
79,20,17,2
35,2,17,0
17,0,127,28
70,20,134,23
24,0,61,20
21,2,54,0
22,2,32,2
31,0,90,20
92,10,37,0
107,30,38,0
12,2,113,20
41,0,88,26
58,20,111,26
57,10,18,0
141,44,25,10
59,10,33,5
103,23,11,0
22,0,47,0
77,27,124,20
34,3,25,10
51,20,44,0
26,0,24,0
88,23,33,1
25,0,105,20
44,0,64,23
86,3,95,34
69,23,52,0
91,23,35,0
44,10,34,4
110,20,81,20
5,2,64,20
59,21,86,25
16,0,108,40
61,20,67,8
122,24,34,20
89,44,61,20
73,0,112,26
56,25,59,1
72,24,47,0
105,20,112,40
4,2,144,45
65,21,17,0
112,5,91,30
75,10,86,24
78,45,100,20
65,0,25,0
59,2,108,25
51,20,44,20
143,44,26,0
50,22,24,0
72,40,37,22
60,20,19,0
48,0,128,44
14,0,33,0
69,44,82,22
62,0,78,24
26,0,93,22
58,0,86,20
111,26,51,20
57,20,86,20
100,20,16,0
13,0,75,20
40,2,83,20
55,20,121,20
92,22,64,5
140,24,42,20
58,0,87,7
163,47,14,0
166,37,114,22
162,44,74,25
52,0,118,20
6,0,113,40
114,27,116,44
81,5,75,20
84,5,66,3
39,20,90,0
128,20,134,45
29,0,35,0
106,22,53,5
73,25,139,24
68,20,138,25
40,0,59,22
87,20,33,5
4,2,81,24
54,0,56,0
136,24,35,12
37,0,27,0
2,0,116,24
24,2,80,20
10,0,82,22
95,20,5,0
50,22,46,22
48,0,87,20
69,20,47,0
85,20,70,0
54,20,45,2
167,44,12,0
44,0,36,20
18,3,78,7
75,20,58,20
40,4,32,20
29,20,119,24
113,20,41,20
76,22,31,0
20,0,60,20
14,2,131,44
127,44,48,20
76,2,11,0
29,0,79,40
50,22,14,0
117,22,86,25
85,20,30,20
45,20,59,25
83,20,40,20
125,27,8,0
85,20,64,24
112,24,18,0
75,5,68,40
1,0,96,25
20,0,21,5
84,5,106,44
43,0,122,45
15,0,200,48
70,20,15,0
93,4,54,20
24,5,93,9
116,24,21,0
94,25,82,31
94,25,204,64
71,22,99,41
199,52,103,40
45,20,122,23
41,2,140,21
99,40,171,48
126,24,68,24
106,22,120,40
151,43,76,22
138,46,156,41
32,20,60,3
104,42,133,20
118,23,189,28
53,21,176,24
64,20,51,20
66,25,92,20
82,22,53,0
100,27,144,27
155,44,59,0
165,45,94,25
78,0,125,44
121,23,96,24
115,20,77,25
92,0,110,46
94,34,149,40
127,20,66,12
69,20,135,40
83,20,67,0
49,25,158,45
63,0,129,24
136,25,137,21
162,40,154,26
116,20,65,42
57,0,74,5
61,2,112,0
106,24,168,50
185,23,81,20
40,20,20,10
78,0,102,20
22,20,58,0
110,20,38,0
91,0,80,20
63,0,52,20
21,2,77,3
51,10,53,20
83,0,140,20
53,5,43,20
81,0,66,0
106,23,118,20
65,20,83,30
92,20,46,20
89,23,63,0
91,10,42,20
87,0,46,2
42,20,48,2
20,0,37,4
109,25,35,2
13,0,37,2
67,20,14,0
26,20,37,2
48,0,92,40
33,20,93,20
78,22,31,0
82,20,49,20
34,2,48,0
86,20,107,40
49,2,84,0
69,24,81,40
59,20,159,25
25,0,58,0
62,10,74,20
87,20,94,20
153,16,13,0
56,2,29,4
35,0,48,10
89,6,99,0
12,0,55,1
43,12,162,40
45,12,64,20
164,40,24,0
21,2,80,12
195,26,23,2
59,22,87,10
66,20,98,16
37,11,36,0
102,34,178,56
112,2,39,24
54,5,67,20
89,20,120,40
192,44,43,2
109,20,56,2
69,20,219,60
90,25,94,20
105,3,39,0
217,49,71,20
74,2,65,0
44,0,134,44
72,40,101,24
56,21,106,20
172,45,166,65
33,2,235,40
45,0,70,20
185,32,32,0
92,20,165,44
124,23,93,0
97,40,65,20
99,42,46,0
44,0,125,40
120,40,34,0
101,28,48,20
146,20,59,0
130,47,88,40
118,25,102,43
34,0,50,0
59,42,91,20
62,0,120,23
77,40,77,20
48,0,63,5
88,0,95,20
18,0,85,25
108,20,134,42
76,5,60,20
38,2,71,25
63,20,10,0
109,10,38,10
153,34,86,20
70,27,55,10
46,24,88,40
99,20,39,0
45,14,25,2
54,10,68,22
174,34,17,0
48,22,95,25
69,30,43,20
66,25,23,2
143,14,18,2
21,0,56,14
33,20,38,0
18,0,106,45
37,20,105,40
55,10,212,60
62,24,45,0
79,0,223,43
68,11,113,23
189,44,87,30
74,40,139,40
73,0,105,24
117,20,102,20
190,54,141,20
114,31,35,0
210,64,131,44
39,20,44,0
159,55,61,2
51,0,26,3
74,24,78,20
132,40,55,20
61,3,50,10
126,20,45,20
122,20,149,44
62,1,60,5
13,0,37,0
91,20,19,2
87,10,128,24
46,20,136,44
126,13,110,29
35,0,149,44
78,23,102,23
53,24,87,24
84,20,88,23
23,1,107,39
29,20,57,22
91,20,79,23
89,20,73,24
2,1,31,1
116,20,59,20
140,34,31,23
89,20,48,20
142,20,95,24
63,2,57,24
132,35,96,20
45,20,99,20
68,0,86,24
65,20,55,22
57,3,75,0
83,24,140,24
123,5,42,0
17,0,102,0
49,23,72,1
75,24,100,20
55,20,47,0
52,10,121,3
65,24,82,0
6,0,21,3
111,25,118,10
5,0,4,0
56,11,111,25
36,0,10,0
36,0,6,0
107,25,3,0
58,10,73,21
3,0,110,25
7,0,80,10
75,10,40,0
4,0,107,20
39,0,71,1
75,10,3,0
134,26,9,0
15,0,8,2
27,2,10,0
27,0,21,3
18,0,25,3
26,0,16,0
6,0,40,0
20,3,27,0
15,3,20,0
83,24,38,20
47,0,132,40
47,0,64,10
144,30,73,20
36,0,45,3
99,0,89,30
14,0,104,4
62,0,13,0
68,27,133,45
98,24,17,0
104,24,114,38
44,3,15,3
181,50,71,3
96,20,37,3
48,10,120,20
124,25,36,0
74,10,80,20
56,0,62,20
65,0,79,40
49,20,98,27
28,0,16,2
45,10,11,0
50,20,64,20
7,0,84,40
72,40,31,2
34,10,6,0
11,0,95,20
69,20,32,10
54,2,50,20
12,2,26,0
114,45,31,0
26,0,50,0
23,2,82,20
22,0,114,25
62,0,17,0
15,0,39,2
25,2,14,2
32,0,18,2
12,2,15,4
13,10,21,2
15,2,45,2
78,4,11,0
46,2,41,12
17,2,15,0
34,4,15,0
26,0,23,0
63,22,11,0
62,30,116,43
99,24,98,20
26,0,164,40
15,0,75,37
88,23,51,20
71,20,146,40
20,2,134,34
52,20,41,0
92,43,53,0
69,34,20,3
119,30,116,46
4,0,42,3
79,23,105,40
0,0,160,42
25,3,84,0
94,23,21,0
135,43,22,0
97,23,28,0
78,23,51,5
40,0,63,0
38,4,119,21
69,1,104,20
23,0,29,3
55,20,29,3
129,20,72,25
20,0,98,23
34,21,54,20
32,0,26,0
114,40,10,0
19,0,24,0
47,0,58,20
55,0,12,0
89,20,34,20
106,20,19,0
45,21,35,20
44,0,68,20
18,0,90,40
26,1,85,20
102,20,21,0
27,20,33,0
19,3,22,0
108,44,54,20
56,20,24,0
50,21,30,4
24,0,76,1
90,20,9,0
29,0,43,30
55,24,70,1
18,0,37,0
32,0,48,24
15,0,84,24
32,1,82,40
41,12,19,0
43,0,52,21
31,10,56,22
45,20,36,1
12,10,30,1
41,0,50,2
4,0,21,0
49,11,64,2
23,0,55,10
159,41,21,2
37,4,20,0
65,1,38,20
134,29,10,0
110,30,5,2
88,40,152,52
37,20,83,11
119,3,67,20
71,20,182,30
107,31,40,10
46,3,39,22
104,0,13,0
85,0,55,3
134,48,91,20
100,25,128,32
83,24,31,3
60,30,66,0
11,0,51,3
35,0,177,40
84,3,39,20
65,3,57,3
112,45,85,30
65,2,122,39
54,4,140,28
58,20,228,44
103,23,135,20
48,20,84,24
176,48,125,21
35,0,66,10
62,0,105,24
80,7,80,44
124,24,79,0
78,3,35,3
163,34,97,29
62,0,112,46
97,20,46,0
24,0,138,38
73,20,141,20
46,10,15,3
133,20,26,0
52,0,6,3
39,4,30,0
65,30,63,28
64,3,108,20
103,20,36,10
46,0,174,20
8,3,100,20
53,0,74,10
42,23,128,44
86,20,19,0
74,0,78,30
34,3,17,0
83,10,104,44
35,2,19,0
51,20,59,24
71,22,63,20
42,2,37,22
18,2,41,0
29,2,158,40
89,0,35,2
128,24,25,2
8,2,59,20
91,20,22,5
106,23,21,0
38,4,22,3
46,3,67,20
69,20,98,20
79,20,17,2
45,3,29,3
47,20,52,3
98,24,29,3
10,2,101,20
55,3,144,47
84,6,110,24
23,0,92,23
3,0,40,0
52,0,132,40
52,0,60,3
35,2,31,3
71,2,80,44
108,23,105,32
76,4,29,3
171,31,32,20
56,23,138,24
70,0,24,2
207,51,79,4
30,0,28,0
15,3,45,3
54,20,22,20
60,19,82,22
75,20,57,10
22,20,25,0
40,10,90,24
23,11,33,0
110,45,10,3
18,10,31,20
107,25,48,20
41,1,28,4
43,1,66,20
110,29,37,3
28,0,35,0
66,5,55,0
50,1,25,20
25,0,32,3
33,10,21,3
9,0,104,20
138,45,8,0
14,3,28,3
14,2,78,22
54,0,15,2
32,1,42,2
73,0,9,0
52,0,15,2
15,0,23,3
67,21,53,2
55,20,82,20
65,4,72,40
15,2,36,0
25,20,88,20
40,0,75,2
39,0,72,2
93,20,5,0
42,12,117,40
84,2,50,20
64,22,97,20
46,2,104,20
109,2,52,0
76,2,15,0
78,22,19,2
97,40,49,22
54,22,70,0
40,2,43,20
16,0,89,2
16,0,141,20
139,3,16,0
73,20,36,2
152,23,103,0
74,10,160,20
181,45,53,2
66,0,146,40
186,26,68,0
45,2,74,2
130,30,90,23
63,2,52,12
110,20,140,20
82,20,52,2
54,3,113,24
106,40,123,20
109,20,52,2
66,2,169,31
110,20,65,22
160,48,67,0
147,20,60,2
59,0,89,22
122,25,72,6
71,2,105,20
98,8,67,7
132,20,138,22
103,30,95,20
107,40,135,5
69,0,122,22
98,23,91,0
7,2,178,35
85,0,53,2
161,43,93,10
74,0,74,25
128,2,183,40
115,0,65,2
60,20,78,0
139,30,67,0
146,7,38,3
110,7,106,22
159,48,128,20
47,10,80,0
115,23,25,0
136,20,107,25
127,22,38,2
101,23,54,20
33,0,6,2
73,20,33,0
54,4,103,10
77,20,21,2
69,4,30,2
100,10,29,0
61,20,79,25
25,0,36,2
67,0,108,10
45,0,101,22
59,2,65,24
29,10,162,25
66,0,68,0
71,2,114,20
62,0,47,2
85,22,54,0
35,0,69,0
131,27,99,20
113,35,58,7
104,20,67,6
93,5,103,25
97,33,94,0
38,2,119,11
51,25,91,5
115,20,43,0
47,2,51,0
64,2,54,2
124,25,41,10
114,24,65,0
48,2,106,5
87,0,72,20
61,2,105,40
85,23,138,25
50,0,140,50
85,3,89,22
110,43,88,25
69,0,86,0
34,0,149,24
26,3,9,0
36,2,39,2
47,0,34,0
19,3,62,3
44,2,14,2
32,2,48,3
79,2,14,0
41,2,113,23
25,3,35,2
38,3,17,2
35,0,77,2
38,2,41,3
50,3,19,3
54,0,12,0
39,0,21,3
30,0,72,3
78,0,16,0
82,10,94,2
70,20,132,35
53,20,129,30
83,22,75,10
50,0,51,12
93,25,113,40
39,10,55,2
116,25,69,25
104,20,36,20
126,25,69,20
108,23,11,2
89,30,51,4
52,0,139,45
25,0,85,0
78,12,112,20
80,0,39,0
133,27,90,27
60,2,91,3
55,2,110,10
97,25,60,12
76,20,40,20
100,5,36,0
58,20,34,2
118,45,87,22
129,10,52,20
113,45,83,0
56,22,107,22
68,2,47,0
175,65,100,22
53,2,127,45
65,2,113,0
27,20,142,15
94,30,76,2
60,2,40,2
76,2,27,0
87,40,115,20
76,4,48,2
57,20,26,2
104,20,85,27
42,10,57,0
68,27,56,0
74,20,35,2
4,0,117,27
30,20,93,25
22,4,64,4
140,50,50,0
51,2,11,0
50,2,90,20
86,24,95,2
100,40,114,5
80,0,168,37
109,22,40,20
79,4,156,45
87,20,154,30
66,30,171,35
93,24,92,25
109,5,40,0
93,20,122,25
26,0,90,20
205,50,63,0
30,20,62,10
97,20,81,4
47,2,88,22
100,22,92,20
82,25,79,0
36,2,163,29
60,2,83,0
65,2,77,22
132,47,24,10
137,23,97,14
78,24,74,20
203,52,71,27
59,0,185,47
69,24,144,33
95,20,94,20
110,23,24,5
122,33,101,20
64,4,105,25
143,48,119,37
68,13,123,24
27,0,110,25
46,4,98,30
61,0,43,0
94,5,57,0
91,20,84,20
124,44,151,23
42,10,44,0
140,25,60,0
104,30,154,34
64,0,85,12
98,0,40,0
0,0,179,44
83,0,73,0
61,2,19,0
88,0,101,0
112,24,52,0
33,0,132,27
66,0,108,3
54,10,133,20
193,51,120,30
34,0,81,0
131,0,142,20
87,24,87,40
161,20,120,20
145,28,75,20
87,44,130,32
150,48,81,24
225,48,110,40
67,20,218,45
96,7,110,28
69,3,123,24
161,43,52,20
125,20,149,20
127,23,155,31
104,20,204,40
106,25,98,34
122,52,192,40
190,44,110,24
79,24,137,48
70,20,214,49
96,25,117,20
101,20,104,44
133,26,180,44
93,20,125,20
106,23,93,0
110,20,120,24
60,40,12,0
86,33,15,0
82,20,10,10
48,0,80,20
8,0,73,0
31,0,66,5
65,10,83,40
52,20,16,0
54,14,43,20
124,25,29,10
37,20,72,33
38,10,93,30
68,20,25,0
29,0,37,0
64,20,60,10
47,20,134,20
33,10,107,20
141,31,50,0
23,0,12,2
2,0,98,26
96,0,89,2
143,45,4,0
85,20,48,4
91,10,35,0
44,2,27,0
36,2,14,0
103,22,117,23
42,0,30,0
37,2,110,24
38,0,113,25
58,0,98,24
134,23,42,2
66,0,102,20
81,3,69,0
10,0,46,2
175,49,56,4
128,40,41,0
44,3,139,24
50,2,99,20
215,48,147,45
193,44,66,5
5,0,63,0
24,2,93,20
81,20,11,2
83,17,196,44
30,0,90,24
169,20,18,0
52,0,35,2
105,24,104,3
81,0,114,6
148,20,67,22
29,2,130,20
148,22,101,24
90,0,86,20
173,45,96,2
102,23,134,34
17,2,40,10
98,25,9,0
137,24,104,10
153,28,166,40
66,10,176,45
64,10,89,3
141,20,61,20
24,0,97,20
35,0,75,0
119,33,116,0
95,20,117,23
164,39,43,10
30,2,152,23
95,40,8,2
56,2,37,5
54,10,67,20
8,2,44,4
78,20,18,4
64,23,49,10
85,3,31,20
71,3,49,0
72,22,70,10
90,3,10,0
28,0,63,5
80,20,130,23
43,0,46,3
64,12,105,15
6,3,88,10
87,21,71,25
98,20,12,2
33,2,33,2
79,23,33,20
83,15,112,10
67,20,67,0
41,3,50,2
14,2,40,3
78,23,87,25
114,11,36,0
61,0,80,30
87,6,37,0
124,0,32,3
89,22,165,45
77,0,60,21
101,3,36,10
28,20,145,44
49,2,173,50
36,10,113,0
55,0,128,33
111,25,80,20
58,24,137,35
98,28,109,25
18,0,69,0
64,3,121,45
61,40,140,14
113,20,53,4
82,0,113,24
113,33,140,40
87,2,84,0
81,20,76,20
61,0,81,20
105,32,92,34
50,6,217,43
44,0,112,25
23,2,72,0
57,13,62,22
101,40,194,43
87,5,70,20
43,2,114,23
31,0,63,0
33,0,108,20
60,20,86,0
10,3,60,10
97,25,34,7
19,4,21,2
24,20,66,14
33,20,58,3
57,20,72,12
27,10,30,20
82,13,49,3
44,5,39,0
17,0,65,15
34,0,93,22
140,10,31,3
56,22,59,22
46,1,63,20
60,20,95,23
18,10,9,0
14,0,66,22
60,20,115,5
59,13,98,12
65,20,47,3
63,12,65,44
66,16,9,0
41,0,40,0
122,23,72,23
35,0,16,12
14,0,122,23
101,40,61,12
131,34,47,3
30,0,126,20
53,21,94,50
116,44,31,0
123,28,27,2
226,60,6,2
102,21,72,24
159,60,127,30
124,21,185,48
25,0,23,0
62,0,44,2
34,20,39,23
97,35,108,24
57,0,125,21
38,20,139,23
36,0,21,0
102,1,117,32
23,10,72,23
52,20,115,25
55,20,182,40
70,20,132,30
123,24,72,24
47,2,94,40
18,0,110,25
252,59,81,0
15,2,108,21
73,2,122,45
128,32,65,23
202,51,45,26
99,21,67,20
37,18,68,20
42,0,118,20
120,23,62,0
66,5,275,2
87,20,47,0
59,4,100,20
75,30,56,0
172,21,64,0
74,23,38,24
20,0,95,50
154,25,125,34
33,0,129,40
36,5,126,23
25,0,82,0
103,40,158,29
38,0,67,20
54,0,89,10
65,20,121,35
140,40,59,0
152,32,144,44
152,20,119,29
156,27,220,50
81,7,127,29
147,52,123,40
218,61,132,40
94,43,252,62
83,5,201,24
56,0,108,24
63,0,191,37
108,30,83,32
159,32,129,27
304,72,86,20
201,60,204,40
105,0,114,27
138,7,271,46
209,62,101,44
169,50,151,50
204,61,146,44
63,41,261,61
245,48,30,0
120,20,78,20
89,29,186,35
130,20,236,38
138,24,165,0
143,43,140,52
166,30,258,29
165,31,145,0
155,25,106,40
113,20,140,30
140,50,209,60
125,24,122,40
179,52,179,44
174,57,139,24
225,43,168,24
194,32,169,44
214,44,24,0
183,40,59,20
124,5,199,44
198,40,105,48
167,48,184,64
177,55,96,25
181,64,87,20
136,29,132,26
168,56,241,56
146,45,47,0
135,54,224,45
68,25,127,30
9,0,0,0
53,25,106,20
101,5,139,40
66,20,78,25
74,2,37,0
78,25,91,20
106,20,77,20
304,0,86,0
85,25,121,25
84,25,161,48
76,0,59,0
157,54,83,25
84,23,111,20
103,25,77,25
68,25,49,25
160,49,63,20
132,25,4,0
147,68,172,50
64,20,120,40
44,0,95,25
35,20,41,20
90,27,167,80
153,40,62,40
81,20,90,24
84,45,47,20
72,45,180,30
65,25,67,40
96,20,119,32
105,20,148,49
64,20,63,40
132,35,61,0
76,20,176,42
85,29,154,60
140,55,71,20
39,0,132,25
96,44,109,40
124,32,40,23
24,0,88,0
225,67,94,45
97,40,84,22
70,0,167,44
91,23,45,0
76,40,58,0
27,0,104,40
122,40,41,0
70,22,181,50
123,20,69,20
144,22,20,2
152,20,105,30
76,20,59,0
176,5,91,20
171,43,54,20
166,20,59,20
47,20,117,20
89,20,174,20
100,20,92,25
41,10,132,40
73,0,152,43
102,22,182,20
117,50,86,0
67,10,41,20
136,25,142,43
60,0,96,20
58,20,139,25
139,30,88,20
115,31,45,20
70,25,6,0
15,0,183,16
51,7,154,30
77,25,10,3
167,50,32,20
192,55,54,25
97,7,95,20
130,12,69,25
33,3,4,0
131,50,13,0
102,20,65,20
53,25,87,26
91,17,168,50
163,30,12,0
19,0,129,25
36,2,89,2
127,36,123,45
98,20,10,0
87,40,36,0
108,30,61,20
96,37,81,20
18,3,46,5
65,20,23,0
139,35,72,7
47,5,182,52
20,0,26,20
42,0,103,0
26,4,11,0
18,0,75,20
17,2,28,2
44,0,38,4
23,2,59,20
16,0,19,0
69,2,33,6
14,0,9,0
37,0,18,0
54,20,153,0
39,2,24,4
9,0,32,2
35,4,80,20
84,30,30,0
38,0,119,7
46,4,124,6
74,20,16,0
29,0,193,37
67,20,108,2
102,20,94,27
113,0,35,25
33,0,141,44
31,20,150,40
104,30,91,22
66,0,165,50
96,20,28,0
109,20,68,2
88,31,134,41
25,0,108,20
110,40,158,50
60,3,141,20
121,23,39,0
137,0,29,5
110,41,91,25
67,5,102,20
52,23,165,40
184,48,77,21
59,0,61,0
88,20,133,30
110,20,91,41
103,41,81,22
83,41,67,0
143,45,114,22
94,11,2,0
99,20,131,42
70,25,88,20
172,25,166,24
130,40,60,7
144,30,60,20
223,52,75,25
109,57,191,70
166,30,116,27
188,61,146,30
90,26,1,0
136,45,98,25
187,27,136,23
26,21,82,0
103,45,114,40
161,53,98,0
112,20,186,50
79,45,105,25
212,40,87,20
109,38,197,32
72,9,145,48
74,8,48,2
44,0,75,25
156,54,103,20
50,2,40,20
15,0,61,10
76,0,21,0
76,20,116,34
62,13,119,3
183,32,78,25
102,43,49,20
111,44,52,20
107,20,12,0
114,16,77,20
53,0,170,44
39,3,87,25
80,23,19,0
134,25,35,20
37,0,104,25
140,25,50,20
28,0,184,36
45,0,93,32
51,0,37,0
29,0,143,30
30,2,162,52
123,36,93,20
108,49,57,5
119,20,41,0
34,2,22,2
35,22,35,0
45,0,182,54
113,22,61,0
0,0,46,20
78,35,79,1
122,20,42,20
201,55,91,0
37,2,45,3
135,29,28,6
55,23,48,0
57,23,152,35
29,0,105,0
75,0,60,20
92,25,16,2
135,40,52,4
68,0,33,3
40,23,60,20
40,21,14,0
80,25,81,0
157,44,97,31
12,3,135,40
88,0,24,0
88,2,107,30
33,0,43,20
81,3,133,35
5,0,45,20
47,0,106,20
144,45,91,40
115,22,36,0
27,3,91,20
127,25,82,28
135,1,34,0
2,0,26,0
6,0,23,0
65,20,58,20
58,20,42,0
40,0,18,0
22,0,60,0
12,0,31,0
21,0,50,20
70,0,47,20
23,0,48,22
36,20,92,40
34,5,49,0
4,2,108,45
50,2,32,0
29,0,51,0
79,26,115,45
0,0,127,37
63,5,36,0
63,20,30,20
18,0,20,0
65,22,61,0
4,0,86,5
50,20,106,30
29,2,57,20
5,2,2,2
29,20,65,20
196,30,41,2
73,0,58,11
57,2,23,2
81,25,45,5
202,0,22,2
12,2,96,6
73,5,63,8
85,26,55,10
37,0,82,0
133,20,97,3
94,1,57,10
136,28,60,0
77,23,112,27
53,0,86,0
94,26,55,2
19,0,61,3
74,20,77,20
55,0,92,3
134,41,123,30
92,20,49,2
122,16,132,40
33,20,91,21
26,0,37,0
28,0,85,20
41,20,4,0
26,1,31,0
82,40,69,20
37,0,15,0
33,0,84,24
40,20,59,14
86,25,57,20
101,30,21,0
77,20,43,21
31,0,85,40
54,3,63,1
77,20,48,20
2,0,53,20
42,0,54,0
8,0,78,20
90,0,49,20
32,0,29,20
140,4,155,25
180,64,74,22
113,40,57,20
223,58,102,5
25,0,157,40
115,20,93,20
96,40,87,0
74,20,73,5
79,5,74,20
139,32,147,28
110,26,183,35
89,43,111,24
105,0,92,0
137,45,222,62
61,20,124,50
65,0,99,20
52,25,97,20
199,60,108,40
172,50,98,23
78,20,172,28
167,20,91,41
138,55,91,20
70,20,164,37
180,50,101,15
48,0,97,40
129,40,188,35
191,20,70,40
199,40,155,49
134,3,104,45
153,35,115,40
164,55,114,40
125,30,208,44
157,45,93,40
89,16,83,2
151,44,199,49
34,0,54,26
54,24,97,2
42,22,77,2
87,40,86,20
124,25,68,40
63,2,21,0
67,0,77,2
86,20,52,24
94,40,100,25
78,2,20,0
128,40,44,2
93,20,88,25
161,49,45,2
113,20,76,20
31,20,155,40
59,26,80,20
141,25,42,2
113,21,167,40
97,20,99,44
94,22,101,20
59,20,133,20
77,22,58,0
49,20,73,20
107,0,69,5
89,40,82,20
113,27,64,0
174,22,43,0
105,25,102,43
65,0,43,20
59,20,74,3
78,24,95,30
197,40,128,34
24,2,109,20
72,40,74,22
77,20,153,53
43,0,185,35
91,40,168,25
60,7,155,32
90,10,69,20
68,23,129,25
177,31,71,40
80,20,186,25
140,40,90,20
112,40,64,23
82,0,47,0
176,53,84,44
60,4,160,25
23,3,53,20
48,21,70,2
53,5,40,22
78,20,73,20
51,3,83,2
30,2,33,20
70,20,127,5
9,0,125,24
64,0,117,25
113,25,7,2
44,2,42,0
88,0,0,0
53,20,39,0
140,25,24,20
132,20,84,22
43,5,21,0
35,0,90,20
97,45,130,0
54,22,4,0
120,25,51,23
75,0,55,20
71,2,107,20
26,0,58,0
60,20,50,0
20,2,42,0
114,45,29,0
33,2,150,33
26,0,40,0
114,22,14,0
45,0,78,20
61,25,58,2
139,47,111,40
102,25,90,25
71,7,56,20
120,32,86,30
51,20,85,20
77,20,74,22
138,5,97,20
30,5,124,30
35,0,90,40
21,0,60,0
53,22,6,2
110,25,72,20
45,0,7,0
92,7,115,20
69,22,56,20
85,40,96,40
129,25,133,45
138,20,144,50
104,20,130,52
86,20,252,50
195,60,151,7
94,45,127,47
82,25,203,52
170,39,155,30
106,41,134,32
47,24,61,0
172,43,132,44
195,55,76,24
129,30,127,24
42,40,91,6
122,50,110,40
236,45,108,45
159,50,185,74
126,10,197,43
160,50,115,20
30,20,118,0
122,4,120,40
128,35,65,20
134,54,211,70
218,32,97,29
79,40,161,40
96,44,207,55
213,40,268,60
120,43,180,60
190,27,153,57
154,20,135,45
107,56,202,56
199,52,155,59
119,30,84,20
128,35,141,32
96,23,43,20
209,59,133,45
135,27,148,33
123,40,124,37
100,26,115,23
130,20,227,40
80,20,173,64
172,5,102,40
113,44,111,20
170,41,144,45
164,55,152,49
169,50,62,20
142,58,196,33
233,62,126,40
89,28,136,27
177,45,118,30
47,20,214,60
189,35,180,45
67,20,99,55
156,24,180,72
86,24,178,43
89,24,135,24
147,45,140,50
95,20,143,39
148,48,116,30
111,24,114,20
157,45,100,27
75,23,28,0
51,20,116,28
33,15,122,23
61,1,134,43
45,20,74,40
185,51,144,52
105,48,104,28
63,4,44,20
86,22,66,32
90,20,86,25
87,20,114,43
72,26,43,1
156,32,46,0
125,49,88,50
109,30,61,23
32,2,71,20
39,5,80,21
82,45,134,27
70,20,74,20
37,20,78,20
245,55,46,3
106,40,88,23
46,40,81,20
97,0,91,21
167,22,14,0
50,25,139,23
93,50,65,22
41,0,51,20
130,14,20,0
49,0,122,7
53,0,103,40
127,30,64,35
66,22,24,0
41,0,36,20
93,40,186,32
20,2,24,0
54,23,18,10
146,35,8,2
178,45,28,2
28,2,114,45
171,34,28,3
18,2,35,0
156,31,55,23
22,12,206,65
57,20,171,52
98,4,28,2
107,32,49,0
16,2,50,20
49,5,64,0
33,22,180,32
21,0,95,20
36,0,143,32
86,25,64,22
38,20,11,0
55,5,164,29
81,0,14,0
92,20,42,4
52,22,32,22
199,47,40,0
19,0,102,24
37,3,27,3
124,20,89,45
10,0,0,0
118,25,17,0
92,47,47,25
17,0,29,2
79,26,20,11
46,2,124,27
188,49,16,0
47,22,6,0
55,24,52,7
33,0,90,25
20,1,12,0
17,2,111,0
2,1,43,3
40,5,69,0
109,24,50,20
107,25,31,2
28,10,66,3
149,0,20,0
9,0,162,28
45,10,54,2
167,47,12,1
18,0,22,0
75,4,139,34
28,0,32,1
62,3,134,25
130,27,32,2
7,0,3,2
69,20,13,0
20,0,10,0
67,20,69,10
35,0,22,20
5,0,71,20
40,4,101,16
20,2,2,0
60,22,78,27
67,24,60,20
120,30,59,20
53,20,36,4
17,2,74,20
24,20,88,17
11,0,86,25
33,4,31,22
48,20,68,20
48,20,34,6
87,40,84,20
40,2,31,14
92,25,68,30
98,26,104,6
65,24,35,0
21,4,84,10
33,22,128,0
65,20,67,10
146,31,48,21
88,28,31,2
60,22,89,25
18,4,52,0
7,1,25,3
70,20,89,4
85,40,91,35
41,20,70,2
129,27,78,20
31,4,60,3
48,0,38,7
119,24,40,20
167,48,32,10
33,5,67,20
107,19,15,0
90,20,48,3
27,10,40,0
45,20,61,3
127,26,95,28
27,0,51,22
91,40,46,20
36,5,93,10
65,20,46,20
54,24,18,0
84,26,10,0
71,40,174,48
12,0,80,27
31,20,152,50
69,22,38,2
31,3,103,21
79,23,28,0
42,20,58,2
88,20,36,20
70,26,16,0
158,49,97,40
44,24,48,20
33,3,45,0
124,38,80,20
53,20,65,0
40,20,51,3
114,13,27,0
146,47,83,3
2,0,143,43
32,2,179,52
5,3,92,20
113,20,46,20
102,0,84,20
58,20,154,49
88,23,136,29
25,23,39,22
79,23,87,25
60,20,128,31
172,48,46,20
77,21,103,8
91,40,8,0
48,2,184,52
91,32,19,0
28,0,30,2
79,20,52,23
130,45,86,45
186,55,68,23
72,33,146,22
75,2,23,20
44,1,39,0
89,23,57,0
114,52,136,40
108,23,86,20
84,23,178,52
15,0,39,3
17,2,93,2
82,20,57,20
90,20,108,45
126,49,45,4
63,24,55,0
61,2,87,44
141,45,16,2
139,30,94,20
31,4,78,0
2,0,79,26
50,6,132,20
91,40,116,44
10,0,110,25
54,5,79,2
94,49,140,30
89,20,102,40
96,20,141,40
14,2,92,45
109,40,36,20
65,20,104,20
91,0,95,40
73,20,94,20
100,0,35,0
161,40,115,25
112,24,84,28
54,24,102,40
141,20,32,20
46,20,74,20
32,2,94,20
192,40,57,0
81,20,95,22
138,34,68,20
70,20,51,9
190,1,20,0
43,2,67,20
123,20,130,40
93,2,89,24
107,22,22,2
119,20,27,2
130,24,159,41
71,20,83,20
52,22,86,20
96,22,146,39
87,7,134,45
43,2,104,20
67,4,128,0
54,21,12,2
163,40,134,40
26,0,147,39
71,0,92,27
77,20,147,40
67,20,181,21
80,3,62,20
91,20,152,40
42,20,90,40
65,20,60,12
156,40,71,24
52,22,80,22
123,20,28,0
81,23,98,20
124,40,19,2
117,27,78,2
72,40,115,40
103,40,90,21
91,6,78,40
83,40,22,0
38,0,107,26
59,22,115,23
68,0,102,20
52,21,122,2
50,23,102,20
50,25,103,20
78,0,66,22
59,22,121,40
53,25,79,20
52,22,125,20
38,0,153,40
108,1,52,2
15,3,55,0
13,0,65,0
88,20,32,20
55,3,38,3
28,22,104,0
34,0,75,22
40,3,47,20
163,40,70,20
26,3,75,2
13,0,188,40
76,20,32,4
37,0,57,23
57,2,89,0
25,0,72,22
154,40,115,3
42,2,32,3
123,40,59,20
67,0,54,2
20,0,33,2
35,0,118,40
18,0,55,0
43,2,52,0
29,20,24,0
64,20,40,2
54,2,98,20
20,0,67,0
42,0,11,2
53,25,26,0
27,0,20,0
134,20,29,20
112,2,39,0
9,2,80,20
60,2,75,20
15,2,194,40
84,2,65,0
49,2,45,0
82,40,88,0
8,0,22,0
80,20,82,22
72,0,56,25
97,20,57,20
139,0,15,2
47,10,101,0
102,20,46,20
62,0,21,0
88,20,43,5
52,2,94,40
63,0,77,20
54,20,88,44
37,0,58,20
57,2,100,0
70,20,128,49
76,0,9,2
20,2,119,40
66,20,66,0
90,24,47,20
84,23,67,25
52,20,72,0
42,22,53,20
89,41,75,20
71,20,57,0
102,0,62,20
102,44,102,40
72,40,49,20
94,20,85,20
56,22,75,11
125,40,85,25
65,20,71,25
85,20,116,40
54,20,43,1
88,0,66,20
58,3,28,0
33,20,45,0
68,20,135,44
93,40,80,20
88,40,130,45
55,23,27,3
86,40,28,0
80,0,89,24
28,3,50,20
101,40,39,20
89,26,92,20
20,0,65,0
111,20,69,22
36,20,43,0
61,22,164,25
36,0,70,22
15,1,102,20
71,20,86,20
94,20,34,2
126,20,66,24
42,22,46,0
32,22,77,20
109,20,111,20
91,20,22,22
95,25,71,2
90,20,79,20
74,40,103,41
54,4,31,10
87,43,101,25
85,21,124,40
67,22,74,2
114,23,35,0
52,2,97,3
34,2,86,25
71,23,223,43
102,40,78,22
46,2,107,40
144,40,45,30
109,22,92,22
107,40,60,23
25,2,176,45
87,40,125,25
84,25,83,20
71,20,47,40
40,22,41,0
63,40,126,40
70,25,62,20
122,40,105,40
57,20,8,2
65,0,85,20
124,20,313,3
74,40,146,25
82,40,36,2
92,40,89,20
74,23,73,22
8,0,80,21
33,1,190,45
60,0,114,25
74,22,137,22
53,23,48,20
65,20,41,20
151,45,38,0
108,21,81,21
63,40,89,40
144,20,63,27
15,0,73,20
16,0,136,45
191,21,126,33
84,40,124,41
0,0,35,20
34,0,56,20
77,20,33,0
17,0,39,20
76,20,32,1
24,0,75,20
27,0,30,20
45,21,81,20
31,0,40,1
67,20,68,20
26,3,130,40
36,1,20,0
21,3,19,0
74,20,13,0
71,40,62,1
23,0,79,24
120,45,74,8
158,40,31,20
61,20,99,45
3,0,113,50
103,20,70,40
30,0,137,45
95,23,61,0
23,20,37,20
19,2,54,0
98,25,70,24
66,0,128,40
63,11,121,23
0,0,6,0
74,20,97,45
122,25,54,20
60,20,60,20
100,24,90,26
86,5,89,27
154,45,21,0
119,45,115,20
83,24,94,33
24,0,55,20
130,33,97,45
80,20,119,5
150,62,27,0
140,30,66,0
85,0,79,24
127,40,149,49
111,28,64,20
149,52,68,0
30,20,251,64
126,45,75,20
85,0,40,0
114,20,60,20
164,30,62,20
16,4,141,24
9,3,130,40
105,40,111,24
112,4,98,35
72,20,178,25
67,24,65,4
69,20,117,21
149,40,55,23
104,40,55,0
42,2,78,20
129,24,17,0
107,32,136,40
107,20,113,35
60,20,89,20
80,2,2,0
51,4,77,26
65,6,129,43
87,22,28,5
8,0,101,17
81,20,112,2
53,24,87,25
7,3,102,2
83,23,55,22
53,0,85,0
114,31,46,10
43,0,112,23
59,0,133,40
93,25,13,2
109,36,18,3
105,30,31,2
111,5,108,30
17,3,75,23
27,3,29,0
34,2,107,44
81,23,63,3
143,25,63,20
129,20,0,0
34,4,16,0
119,29,38,13
89,26,54,5
69,20,95,20
74,3,91,20
44,10,44,0
63,24,38,0
41,3,30,0
33,0,12,10
17,0,56,26
62,20,41,0
21,2,29,0
91,40,93,23
82,23,135,36
53,4,26,2
92,22,36,0
47,4,97,20
31,13,13,3
95,20,26,0
10,0,100,23
90,23,33,7
47,20,101,24
110,23,95,34
38,3,87,23
76,20,12,0
47,0,12,0
115,40,13,3
39,0,69,23
55,3,86,23
111,44,48,20
22,0,20,2
60,5,39,0
31,4,129,20
25,0,193,43
76,20,54,0
37,3,91,20
72,0,24,5
107,23,55,20
93,20,48,0
38,3,86,23
51,2,113,25
69,10,54,3
12,2,76,3
131,28,31,0
97,20,128,30
69,23,59,2
90,23,83,25
85,20,73,3
101,2,65,20
13,10,123,25
46,2,113,20
45,22,76,20
11,3,37,2
27,0,148,14
54,0,37,0
105,26,0,0
81,22,76,24
18,3,59,3
126,2,22,0
46,3,159,43
28,0,104,15
91,28,167,27
53,10,96,0
89,24,53,3
64,20,52,3
135,28,79,2
48,0,77,0
86,24,88,20
15,0,79,6
69,4,57,2
54,5,27,10
141,45,54,20
90,4,89,52
107,0,57,3
116,10,77,27
67,22,87,12
119,22,79,10
85,13,138,20
100,2,70,25
118,10,44,3
114,32,106,25
127,35,138,23
84,10,119,20
95,25,61,0
78,40,133,27
69,20,47,0
15,2,78,6
130,20,81,26
100,45,66,10
141,5,49,0
95,24,92,31
65,20,98,45
115,2,67,23
49,0,83,27
111,2,45,20
127,50,123,23
72,0,74,20
145,27,58,2
147,44,79,0
134,26,72,20
43,22,143,36
72,0,120,40
96,25,117,20
84,40,99,5
50,0,151,24
114,25,125,40
84,23,123,23
56,3,98,20
92,24,33,0
121,40,82,28
34,20,150,60
64,20,78,40
93,40,42,3
91,20,10,0
79,20,92,45
36,0,43,20
103,27,140,24
91,45,46,20
81,20,6,0
71,20,42,10
64,25,98,20
80,40,103,27
55,20,76,9
50,3,61,0
115,23,81,45
9,0,29,2
88,24,88,40
124,25,92,40
99,43,112,45
26,20,28,5
168,36,58,20
45,0,69,20
108,25,72,20
97,0,47,20
71,2,82,32
84,32,80,30
64,25,83,25
94,20,94,22
19,0,137,40
59,20,70,2
22,0,84,20
83,20,66,44
27,5,41,0
95,24,62,26
112,23,46,0
104,28,59,20
45,3,46,10
68,23,33,3
73,23,73,44
67,5,77,23
81,23,49,13
56,20,98,43
3,0,122,20
34,13,85,20
75,20,112,23
42,10,92,20
137,45,73,28
1,0,56,20
99,20,189,30
76,20,32,2
53,10,118,40
190,30,46,20
83,0,122,25
120,23,47,22
48,25,168,40
72,20,89,14
104,20,91,20
103,45,46,20
115,20,25,4
222,50,68,30
61,20,85,2
80,22,79,23
79,20,129,45
168,45,106,29
208,28,28,0
76,40,110,44
70,22,134,45
127,25,41,2
114,27,100,20
68,2,91,20
62,0,69,27
69,20,89,24
29,2,44,5
18,0,59,0
92,20,132,55
94,0,109,20
98,24,43,24
56,20,122,40
43,22,116,30
38,20,101,5
34,2,141,40
92,5,101,45
107,40,109,40
200,49,4,1
178,30,76,25
73,0,41,2
42,2,40,20
96,20,117,20
46,20,104,25
40,20,157,40
30,3,103,1
52,20,143,40
54,0,97,0
167,20,33,5
102,40,85,10
19,0,46,0
59,20,99,20
157,45,87,0
101,20,22,0
49,28,115,26
185,40,87,5
13,0,102,0
2,0,44,1
87,25,58,20
55,20,55,21
25,0,373,30
66,20,46,10
101,21,65,0
13,2,69,3
88,45,81,0
69,21,136,20
98,3,50,20
14,0,150,30
84,3,89,21
39,0,105,0
115,20,73,20
39,3,100,20
84,22,83,10
73,0,99,0
60,30,26,1
45,2,23,3
35,2,63,0
138,44,97,25
67,21,31,0
66,0,85,21
57,2,24,3
148,44,79,42
26,3,104,20
55,0,82,24
0,0,14,5
68,23,33,0
78,24,74,21
84,20,72,18
75,10,58,0
37,3,73,27
163,20,4,3
42,23,59,10
39,20,100,23
63,3,97,25
11,10,13,2
71,22,70,4
32,2,67,20
36,3,95,21
98,40,89,23
38,0,70,24
103,20,37,13
164,21,55,4
137,25,40,3
29,3,144,21
27,23,124,43
99,20,105,20
37,20,32,0
118,26,33,0
75,22,78,25
209,35,35,2
57,2,22,0
80,0,144,20
109,35,86,20
164,0,19,3
32,2,78,20
83,21,80,25
88,13,42,2
53,20,67,0
172,27,61,3
73,20,142,21
48,0,219,50
14,3,49,2
177,55,49,20
36,1,100,35
33,0,107,20
51,2,111,23
59,12,104,23
42,2,271,84
43,20,180,45
112,45,35,20
87,20,103,40
79,10,58,20
47,0,69,23
171,45,77,21
135,35,169,58
97,40,89,25
199,33,52,0
6,0,165,22
35,0,109,20
47,20,99,20
114,27,87,23
94,20,92,23
44,0,61,20
83,10,21,5
128,29,131,20
155,25,46,0
68,23,71,20
43,0,93,20
65,20,41,22
74,23,54,2
96,40,94,22
136,49,26,0
74,3,31,3
105,30,62,20
65,20,94,40
47,23,97,20
53,22,16,0
185,40,67,23
86,25,107,40
65,20,111,12
22,0,69,23
70,0,95,20
115,40,77,20
18,0,86,23
76,23,139,50
87,40,84,20
152,29,76,25
40,0,52,0
109,30,61,13
27,2,120,20
126,30,49,10
68,0,15,0
81,24,46,10
37,4,84,2
10,0,128,10
87,10,48,23
61,13,118,23
122,30,68,24
26,2,48,24
116,23,78,0
126,13,52,13
53,30,98,9
37,2,72,40
100,40,49,0
172,70,23,2
82,20,45,20
133,44,31,0
79,20,92,40
64,20,200,50
126,20,77,0
64,22,121,25
32,0,80,0
155,25,64,24
51,20,191,35
108,22,82,7
134,29,128,45
95,30,61,20
21,0,133,0
77,40,59,20
172,20,97,24
85,7,22,0
67,5,53,0
94,20,84,40
109,47,85,25
82,20,45,0
108,20,30,5
170,25,54,0
107,5,51,20
131,44,100,20
185,65,205,50
41,0,82,10
176,35,24,3
45,3,23,10
117,37,58,0
91,15,177,30
61,0,64,3
55,5,83,20
37,0,89,35
88,20,9,3
136,0,182,55
65,15,77,3
50,3,106,0
54,0,39,10
110,45,89,20
151,30,63,23
17,3,139,45
109,35,19,0
44,23,65,21
50,0,92,20
55,41,29,3
43,0,6,0
34,0,30,21
40,20,21,3
69,21,20,0
54,0,33,20
56,20,35,3
90,21,25,0
22,0,133,45
59,20,58,14
106,43,90,6
26,0,151,28
101,20,92,22
117,40,80,40
133,45,141,20
41,40,155,45
115,5,58,20
225,70,59,20
106,20,72,20
169,60,97,10
62,20,136,40
79,40,77,20
108,45,126,43
49,0,35,0
104,25,92,40
107,40,102,25
93,40,58,10
208,65,62,40
136,40,47,20
92,20,38,30
104,20,19,3
88,40,108,45
51,20,125,48
61,20,73,3
49,10,91,50
132,25,138,40
35,20,141,50
180,50,52,20
128,25,54,30
116,40,49,20
60,20,124,44
43,10,36,20
77,20,91,25
84,28,57,20
89,40,51,20
102,40,101,25
54,25,109,24
101,40,53,25
66,20,178,45
269,81,109,29
112,43,204,45
64,0,167,60
266,70,114,25
180,20,74,22
171,50,108,40
91,40,101,20
154,50,105,28
35,10,202,60
86,40,230,70
35,20,162,33
126,54,192,60
178,40,35,0
49,2,244,75
167,20,65,25
149,46,81,20
113,25,148,40
244,76,72,20
227,65,192,65
28,2,69,40
150,50,74,40
165,20,81,23
216,60,207,73
55,20,152,31
271,80,55,7
144,25,160,60
198,55,76,20
61,33,230,65
95,23,52,23
125,20,99,45
42,2,41,6
88,4,53,2
108,22,122,25
98,40,107,30
41,2,153,45
159,43,113,15
82,20,17,0
250,70,101,50
122,14,86,20
37,2,109,27
75,22,206,33
80,10,100,23
96,22,103,20
70,20,38,3
63,24,115,25
82,40,112,25
86,23,89,20
68,10,199,45
143,50,36,0
101,35,169,27
93,2,172,40
64,22,140,20
47,0,140,25
196,73,80,27
114,46,101,23
98,24,84,20
211,40,22,0
60,2,81,2
96,23,48,3
56,5,177,65
131,23,95,22
140,6,56,3
129,30,82,24
57,0,79,2
43,4,95,22
119,25,90,40
105,0,130,28
61,24,87,25
56,0,105,20
67,0,105,2
124,26,42,2
33,0,101,0
193,53,98,25
139,40,96,25
39,3,6,0
96,20,18,0
100,30,193,40
53,20,71,20
39,2,45,25
144,10,70,40
57,20,140,35
25,0,34,0
75,20,89,20
64,0,100,25
42,21,140,25
54,10,178,40
41,0,44,12
107,40,18,0
35,0,82,0
119,25,15,2
78,20,46,20
65,25,30,0
51,20,91,20
79,23,62,0
16,0,82,0
177,40,88,0
88,30,88,10
57,0,20,20
105,21,76,20
233,45,14,0
39,0,36,2
119,15,33,10
105,40,99,20
21,0,167,45
9,0,103,0
111,50,64,20
63,2,68,20
16,3,67,40
30,0,53,1
30,0,59,20
83,20,39,0
74,44,43,0
42,20,45,20
103,21,66,23
55,20,67,21
29,20,59,20
62,23,38,0
35,23,40,0
56,40,32,0
97,41,40,20
22,0,139,23
18,0,5,2
36,0,56,23
65,0,28,0
84,20,23,2
58,10,64,20
160,40,23,0
49,10,36,0
35,0,47,20
111,20,68,5
19,0,22,2
63,0,50,10
121,20,151,60
49,2,17,0
54,0,52,25
82,10,65,0
43,20,180,40
23,2,137,25
78,20,98,22
7,2,182,40
61,30,51,20
71,2,28,20
110,53,25,2
16,0,58,3
140,20,75,2
92,45,35,2
57,0,48,0
66,20,33,20
168,60,7,0
27,3,93,27
42,22,111,20
43,2,68,4
32,2,51,3
111,25,146,20
64,20,24,2
28,20,71,3
161,25,4,0
77,25,22,2
104,4,187,50
74,2,26,0
37,0,76,45
98,0,43,0
66,0,62,2
27,3,103,40
35,0,14,3
21,0,33,0
147,25,16,0
40,23,43,2
55,0,18,0
30,0,15,0
0,0,133,25
76,20,33,0
26,2,7,3
28,2,58,2
84,20,58,20
35,23,72,0
55,0,29,0
92,20,64,20
63,20,93,3
69,28,51,20
56,0,58,20
58,0,73,20
72,3,44,0
36,0,58,21
52,0,38,3
48,5,49,20
47,0,45,2
40,0,42,2
41,0,18,4
37,0,27,2
73,20,36,10
66,0,34,4
21,2,27,0
62,13,24,0
75,3,33,5
65,0,27,2
58,20,121,24
113,45,15,0
53,4,53,5
23,4,59,0
56,20,37,2
85,26,58,7
81,20,49,2
52,2,96,0
17,2,154,28
38,4,36,2
58,0,49,20
58,20,65,10
66,24,15,0
83,3,46,0
25,2,62,7
118,20,52,22
65,2,106,23
55,22,123,20
27,2,141,40
24,0,80,2
28,2,100,25
111,22,35,2
21,0,57,22
72,26,95,10
145,25,39,2
110,22,13,0
97,26,49,2
28,2,63,22
37,2,55,2
18,0,65,2
97,3,20,2
59,0,7,0
38,20,83,12
11,3,28,0
33,0,68,5
3,0,53,4
76,5,70,12
26,2,30,2
49,0,25,0
80,2,27,0
38,0,30,0
72,7,79,5
41,4,7,0
64,10,1,0
31,2,0,0
30,10,45,10
19,0,34,4
13,0,11,0
12,0,7,0
102,34,13,0
8,0,14,0
19,0,13,0
14,0,75,4
13,0,68,10
97,10,22,2
5,2,12,0
46,0,45,10
70,14,88,15
41,0,0,0
25,0,65,20
68,0,35,4
76,10,70,20
17,3,25,2
46,2,74,0
63,10,13,2
51,20,29,10
64,12,85,20
48,20,34,2
57,25,71,10
47,5,7,3
38,20,39,0
53,20,93,22
58,12,70,0
77,7,65,5
60,20,13,2
78,25,38,0
52,20,4,0
33,22,22,0
58,20,29,0
143,30,19,2
20,0,179,46
6,0,24,2
39,25,163,43
96,26,44,0
37,0,80,15
19,2,105,25
147,44,23,0
44,0,7,0
84,30,88,2
41,10,30,0
63,5,83,15
25,0,56,20
14,0,72,0
57,0,22,2
144,24,21,2
52,20,112,20
94,30,24,3
22,2,101,20
53,10,79,3
43,22,127,43
147,40,37,10
165,40,23,10
40,2,21,0
5,0,54,0
15,0,188,48
39,2,103,20
84,22,11,0
74,22,17,10
109,23,3,0
82,35,183,25
41,2,42,10
21,0,110,10
63,20,149,34
17,0,96,14
93,23,68,22
127,20,32,0
61,16,131,27
60,0,40,0
63,20,112,5
15,0,77,40
85,2,2,0
67,4,15,0
67,20,63,0
93,30,38,0
78,7,37,0
68,24,93,22
68,0,60,20
30,0,35,20
83,34,46,0
147,40,53,2
71,10,74,7
28,2,68,14
82,40,87,3
105,23,56,2
92,20,46,0
25,0,102,30
29,3,58,20
63,0,55,20
61,20,73,3
85,9,88,30
38,7,54,0
4,0,144,26
24,0,115,35
93,20,118,20
73,44,30,20
34,0,177,53
27,0,81,23
123,40,49,20
94,20,23,20
107,6,62,20
24,0,83,20
180,46,54,10
44,2,72,0
97,49,127,25
112,20,29,20
88,30,124,44
37,20,85,20
127,20,38,0
117,20,112,33
135,45,115,26
40,24,31,0
71,30,57,20
119,20,95,45
81,40,71,22
39,2,95,20
124,23,100,25
104,20,104,26
42,0,122,20
42,20,44,20
66,20,70,30
97,20,128,33
136,44,112,40
179,51,97,25
37,4,37,20
72,20,86,30
71,0,109,20
61,20,184,33
165,44,63,0
151,24,194,44
118,0,160,3
140,16,108,25
171,48,59,10
72,20,164,20
198,44,67,2
153,20,110,29
102,3,171,45
131,45,169,32
157,20,109,23
202,28,200,51
113,20,116,20
121,0,130,24
200,32,192,45
195,50,39,0
97,8,183,40
121,3,139,56
202,53,101,20
170,45,129,26
177,45,149,45
217,57,65,20
99,24,198,52
180,34,158,29
129,0,116,20
111,24,123,20
172,55,169,57
156,24,167,20
135,33,158,40
94,20,59,20
147,24,109,0
168,43,133,40
37,0,117,5
135,44,40,1
68,0,137,36
88,20,116,27
44,0,73,3
229,36,30,21
84,0,74,23
4,0,64,0
69,24,89,17
20,0,83,0
142,0,22,20
100,28,78,0
132,27,100,36
76,20,75,0
47,2,160,57
141,5,113,45
63,0,79,24
29,0,99,22
15,0,195,52
112,36,96,24
113,30,53,20
55,35,103,24
53,9,162,4
118,49,81,20
59,0,77,0
14,0,110,0
91,0,84,30
85,0,20,0
94,20,83,40
65,0,128,23
102,0,105,20
111,24,115,0
50,0,147,56
126,24,1,0
124,25,113,10
60,45,158,40
81,20,70,0
121,24,127,20
59,20,85,0
86,3,71,24
120,20,154,25
129,45,105,25
147,25,72,20
189,45,74,24
47,0,111,20
100,20,111,0
109,20,161,45
25,20,124,20
27,0,177,50
147,40,164,53
52,20,144,38
149,24,77,28
115,20,87,25
60,0,97,0
36,0,133,25
123,20,123,23
49,25,11,0
22,20,62,24
66,22,71,20
97,23,111,26
59,23,101,24
64,20,9,2
95,29,91,4
63,5,88,40
164,20,33,2
15,2,82,4
43,0,154,50
78,3,24,0
130,23,94,20
2,2,117,26
66,0,117,24
48,22,22,3
96,33,85,22
133,44,41,0
80,20,48,2
51,0,38,0
143,28,98,26
94,26,112,15
59,20,40,20
15,0,15,0
113,20,24,0
15,2,56,21
51,0,44,20
50,0,97,0
70,40,147,20
26,0,99,0
20,0,125,45
14,0,72,0
100,20,23,0
95,25,83,20
95,0,88,25
137,18,8,0
18,0,35,20
45,0,84,20
117,3,126,45
60,20,199,44
49,0,38,2
67,20,13,0
59,0,114,0
140,24,37,20
72,20,88,20
91,2,41,0
33,0,139,50
57,0,42,0
107,27,139,23
40,24,92,40
87,24,83,20
12,0,112,45
132,24,66,15
40,3,103,26
113,20,108,40
158,45,52,13
37,2,62,20
103,23,181,44
72,28,38,3
92,20,122,40
133,22,96,34
33,0,55,20
83,0,22,2
92,23,70,4
61,10,101,40
94,23,105,22
103,20,59,23
65,0,132,48
36,5,68,20
116,43,86,23
165,25,145,2
45,0,117,40
64,40,140,27
130,3,60,13
189,44,2,2
100,43,119,25
72,0,113,24
130,16,75,20
96,20,61,5
120,44,120,28
35,0,140,42
47,20,88,22
103,20,68,23
70,23,122,20
71,25,87,24
126,0,118,45
127,24,108,20
110,20,168,29
74,0,114,22
86,20,139,44
74,23,69,23
122,40,63,0
141,20,85,20
83,34,145,43
136,43,122,20
2,0,65,26
100,20,54,22
39,0,59,10
62,20,99,23
49,20,150,43
70,0,127,20
69,22,198,56
59,0,87,20
72,20,106,20
88,10,57,0
155,40,107,5
79,25,93,30
78,3,147,24
34,20,146,40
90,40,131,10
52,30,197,55
66,0,72,29
87,0,136,43
95,20,115,25
26,0,73,0
121,44,60,20
217,60,67,20
64,24,133,0
105,20,149,50
84,0,128,20
122,45,140,35
88,20,176,3
188,45,170,24
93,20,59,20
147,50,98,40
45,20,96,14
85,20,93,20
118,20,120,23
155,54,127,20
138,25,96,0
98,20,90,40
219,60,84,35
15,0,84,0
54,20,40,10
29,4,111,6
79,0,62,0
173,20,0,0
43,20,53,20
41,2,31,0
35,20,30,0
35,0,102,0
19,0,58,2
35,0,52,0
54,0,143,20
33,15,51,0
70,24,86,34
63,20,45,2
19,0,39,0
33,22,104,20
61,14,48,20
30,2,38,0
13,0,68,0
10,7,47,2
56,20,74,2
26,2,88,40
124,14,25,0
22,0,37,20
92,30,43,4
13,0,18,0
91,0,85,25
17,0,98,43
65,20,30,0
35,0,106,20
56,0,71,0
32,0,64,0
77,40,49,20
41,3,10,0
132,40,138,27
95,30,82,10
75,44,30,0
37,2,77,40
47,0,105,0
62,20,68,17
21,0,88,20
82,25,83,4
40,0,98,0
64,23,82,20
52,10,44,0
70,5,46,10
95,20,77,0
81,24,41,0
76,0,59,20
98,23,136,24
79,25,86,5
29,10,93,10
98,20,3,0
150,40,26,0
80,25,16,0
58,10,63,20
87,15,68,20
80,0,85,20
58,0,75,0
85,40,68,10
44,5,109,20
66,20,142,44
79,10,91,43
119,20,86,30
9,0,107,40
65,2,113,34
91,20,75,40
112,40,138,44
140,30,25,0
157,23,122,45
103,10,57,0
26,0,29,0
83,34,92,40
48,0,117,35
85,40,85,15
80,27,71,20
46,20,72,40
79,24,57,20
138,55,107,44
74,22,98,20
65,20,71,25
73,23,87,20
59,12,80,5
76,20,99,49
42,40,57,20
57,0,128,27
138,37,18,0
90,40,69,20
83,0,38,0
61,0,69,8
118,40,59,0
79,20,36,0
30,0,20,2
59,20,72,2
138,0,30,0
7,0,46,3
77,0,106,5
12,0,98,20
39,0,62,0
32,3,40,3
40,0,60,10
59,12,68,1
41,5,0,0
86,20,34,3
41,2,79,2
10,0,22,20
75,0,99,21
21,3,71,10
82,0,21,3
14,2,53,0
127,27,68,0
81,15,2,0
49,0,60,10
38,1,21,3
86,27,44,2
26,2,18,0
40,0,26,0
26,10,66,20
13,2,42,2
25,7,6,0
27,1,48,0
64,10,29,0
67,20,109,20
86,15,28,0
55,0,42,2
27,0,53,20
27,0,81,0
30,0,19,0
25,0,51,0
0,0,66,0
12,0,45,0
71,20,29,2
43,0,78,20
27,0,51,20
84,0,31,0
21,0,12,0
21,4,2,0
45,20,35,0
20,0,84,24
24,0,47,0
68,20,13,0
21,0,47,24
78,20,22,0
13,0,32,0
86,20,61,22
85,20,35,2
67,20,36,0
7,0,34,0
25,0,54,0
80,40,18,0
52,20,43,20
68,0,10,0
35,0,49,2
70,20,96,40
50,0,27,0
31,0,52,0
55,0,42,20
60,0,50,0
76,23,101,24
50,0,27,20
32,0,68,0
12,0,22,0
108,25,23,2
20,0,0,0
29,20,21,0
110,0,123,10
120,30,13,10
28,0,76,25
62,20,60,2
56,20,60,20
59,10,175,50
56,20,41,0
98,30,91,20
50,20,75,20
231,40,35,8
53,0,19,2
81,0,47,20
50,0,129,20
93,2,92,10
50,0,62,20
65,20,68,20
58,10,70,20
130,2,43,20
88,30,38,2
56,20,63,0
42,2,254,70
87,40,90,7
19,0,50,20
49,20,34,0
16,0,90,0
184,35,67,10
63,22,26,0
123,0,82,23
97,20,93,20
22,3,7,0
56,20,43,20
20,0,74,5
56,22,102,22
15,0,115,22
130,45,41,3
22,0,98,26
0,0,69,20
110,20,60,20
17,3,34,22
68,22,78,20
0,0,190,43
73,20,83,0
21,3,9,0
19,2,3,0
41,20,23,0
101,23,77,23
59,0,111,40
50,0,61,25
27,3,11,0
41,22,54,23
105,20,63,3
67,23,41,0
18,0,115,20
165,26,22,3
116,23,59,5
27,20,136,43
47,20,72,20
121,20,9,3
41,2,110,10
144,69,133,17
70,25,254,55
135,20,120,20
228,70,87,30
145,50,51,0
183,50,93,35
138,20,78,28
160,40,154,44
159,44,142,40
69,9,48,20
64,28,251,70
91,40,101,25
114,20,144,28
77,40,157,40
131,25,258,70
136,22,55,20
172,25,23,0
189,45,95,20
202,70,120,55
82,0,117,40
178,50,116,48
193,20,168,64
42,20,221,63
164,40,103,0
165,40,109,45
175,40,18,0
153,48,151,50
87,5,161,20
119,40,125,30
93,20,120,40
100,10,109,0
62,20,205,45
68,20,247,65
115,25,142,45
169,73,171,40
39,0,10,0
25,0,2,0
7,0,24,0
21,0,18,0
51,0,38,0
34,3,9,0
78,0,26,3
34,0,14,0
39,0,53,0
43,0,74,3
66,20,172,50
93,20,109,20
39,0,10,0
49,20,63,0
81,40,42,12
96,10,91,20
19,0,113,45
118,20,31,0
87,40,86,20
101,22,149,5
102,10,104,25
120,40,102,20
88,20,51,20
100,20,102,20
101,12,209,70
177,20,45,0
83,40,79,0
112,20,86,20
120,20,91,22
80,40,78,20
83,10,57,20
59,20,73,40
146,40,89,20
169,45,160,50
76,20,44,22
87,20,97,30
135,25,73,20
72,0,140,40
67,22,67,0
151,60,153,40
93,0,107,20
70,20,158,20
86,30,200,45
131,49,154,20
127,35,32,23
67,2,140,50
13,0,32,0
102,20,37,20
15,0,74,5
92,40,52,0
46,2,99,20
90,0,56,15
121,40,73,20
84,0,80,25
91,20,43,22
96,20,123,45
82,20,67,22
63,20,30,20
144,25,48,22
54,2,80,35
124,43,63,40
150,45,73,20
77,25,80,7
99,2,64,0
45,0,60,22
36,0,154,25
42,2,88,20
141,45,65,20
103,22,114,30
132,40,0,0
80,1,58,20
187,30,7,3
44,20,74,2
144,40,147,25
33,20,249,65
70,0,105,30
74,20,123,45
64,3,55,20
29,0,107,0
73,20,93,0
36,0,70,20
12,0,5,1
42,0,102,20
26,0,79,20
4,0,50,0
75,10,50,0
117,20,37,2
77,22,53,24
56,0,61,3
79,22,46,0
44,20,133,44
105,20,36,0
64,0,35,20
32,3,103,40
129,20,40,0
63,0,110,22
84,24,79,20
57,23,94,25
72,22,7,0
61,24,90,40
79,20,135,40
24,0,72,25
80,40,98,20
14,0,34,0
99,40,62,23
83,20,65,20
65,0,35,0
122,25,52,40
160,20,51,0
96,25,151,40
15,0,92,20
103,20,131,45
59,20,61,20
10,0,138,20
15,0,76,2
88,20,39,0
74,0,40,0
38,0,75,20
82,20,42,20
42,0,30,20
56,20,28,0
19,2,66,20
32,0,52,20
80,20,29,4
30,0,14,0
41,0,36,20
99,22,30,0
57,20,50,20
62,0,38,2
42,0,85,0
24,2,33,0
64,20,72,20
26,2,36,0
0,0,60,30
134,0,63,4
75,20,67,0
16,0,93,30
48,3,33,2
19,0,38,0
43,20,18,2
17,0,76,20
105,44,17,0
79,20,54,20
8,0,34,20
4,2,87,20
111,23,50,20
31,2,47,0
43,20,27,0
116,40,51,0
0,0,8,0
111,3,99,22
44,20,23,0
83,20,55,20
73,10,72,0
9,0,12,2
50,20,81,20
57,3,2,2
73,5,18,0
50,20,57,0
12,2,30,0
67,0,16,2
40,0,13,0
40,20,29,0
51,2,171,20
22,3,40,22
39,20,10,0
37,20,51,3
153,25,50,0
11,2,35,0
2,2,20,2
8,0,86,3
28,0,24,0
0,0,21,0
100,20,23,2
27,20,30,5
43,3,53,2
31,2,26,0
91,0,50,2
30,0,18,3
74,0,95,5
64,20,30,20
102,19,41,0
29,5,23,0
101,30,122,0
143,25,120,25
59,0,51,3
145,22,113,22
161,35,83,23
66,0,103,14
107,0,54,2
40,0,113,20
165,35,82,5
29,0,36,0
110,27,107,25
112,17,131,20
54,0,87,0
31,5,87,23
108,25,78,5
79,10,105,0
11,0,195,30
72,0,135,40
70,0,25,0
61,22,41,0
147,43,80,22
50,0,106,25
40,2,133,5
126,25,20,0
46,2,153,23
123,10,74,5
180,35,57,0
191,53,77,0
46,0,28,0
123,35,100,20
44,5,98,20
79,0,38,3
157,25,123,15
49,0,34,22
119,25,76,20
55,20,48,22
93,20,55,25
64,35,118,27
63,10,96,10
46,15,93,22
76,0,23,0
132,20,75,23
66,25,96,31
28,0,92,15
83,22,70,24
102,25,37,0
46,2,61,10
183,44,40,20
40,23,48,16
75,40,64,10
142,10,20,0
46,1,176,28
107,30,86,10
68,25,52,20
49,3,38,22
70,10,51,20
92,30,121,44
46,20,118,35
63,2,105,25
70,40,125,40
150,25,132,44
102,40,193,28
184,49,90,20
121,0,144,27
38,0,147,32
197,51,142,44
201,40,176,59
141,40,206,55
134,44,179,40
116,20,84,30
92,20,134,22
139,28,81,44
217,52,145,44
200,27,174,47
153,41,121,23
154,20,58,4
197,35,167,47
102,40,120,34
120,44,183,22
93,32,91,20
122,5,92,20
98,25,179,44
120,20,151,29
172,20,166,44
200,30,34,20
85,0,141,25
208,44,179,44
99,27,126,20
89,20,215,48
161,40,158,48
169,24,310,54
140,22,87,23
205,50,214,43
158,39,152,24
224,29,100,20
54,5,196,48
186,3,96,40
91,0,151,25
90,40,104,20
39,20,204,40
205,44,159,20
166,40,156,15
39,20,87,24
132,45,216,60
139,27,231,29
131,20,99,20
73,20,143,40
76,24,128,40
138,45,40,0
120,34,63,40
48,20,151,30
82,20,84,20
131,44,66,10
73,24,171,25
87,20,73,4
149,30,15,0
48,4,123,34
134,20,79,30
14,0,51,20
125,50,90,14
135,0,112,40
79,20,103,24
46,15,97,55
4,0,45,1
46,10,36,11
63,5,45,4
74,4,39,10
106,25,39,0
52,6,22,10
98,25,40,21
37,4,66,25
58,20,130,36
98,10,50,6
5,2,54,0
40,20,43,10
88,34,90,24
45,0,40,10
86,20,22,0
35,14,139,35
4,0,66,20
4,0,83,14
71,25,54,10
119,25,41,20
9,0,43,10
67,14,48,20
138,35,71,20
32,0,27,10
77,40,63,3
128,14,64,30
102,25,23,0
35,20,49,0
70,10,54,20
92,10,33,4
75,30,164,54
121,40,26,10
72,10,33,0
98,30,55,4
52,10,100,20
61,20,51,20
93,24,103,34
85,20,154,34
75,10,50,10
59,2,147,50
82,24,85,45
100,46,114,40
44,0,71,1
30,2,92,24
167,48,95,25
97,0,82,8
134,47,55,20
96,40,105,30
88,28,146,43
119,45,150,45
178,47,79,0
125,35,119,47
104,45,68,20
122,40,96,20
103,20,216,50
102,40,109,20
126,25,64,5
162,54,117,43
105,0,70,5
88,20,134,20
109,29,71,0
89,41,146,44
137,45,99,12
135,30,56,2
87,0,110,35
91,13,94,43
119,29,153,25
95,46,203,57
80,40,99,20
116,40,67,30
65,15,113,40
32,0,154,25
79,0,24,0
70,17,10,0
65,0,66,4
29,4,48,23
74,20,56,5
28,3,11,2
19,0,88,2
78,3,48,20
26,15,34,0
6,2,157,44
9,0,60,14
33,0,15,0
42,3,86,20
21,0,120,24
33,10,28,0
22,0,56,0
34,20,100,40
38,0,55,0
21,2,52,0
61,0,26,0
19,0,65,0
23,0,69,20
96,20,85,20
48,20,103,20
90,10,121,20
47,0,62,6
79,30,41,0
165,8,10,0
29,0,195,45
52,0,107,0
121,3,33,0
95,3,34,7
118,20,59,20
73,4,13,0
44,20,118,0
56,20,100,5
84,25,161,4
105,25,81,20
69,3,56,25
47,0,29,0
36,0,75,20
88,0,115,5
108,20,114,20
44,4,49,2
130,25,83,3
51,0,90,5
63,0,7,0
78,0,48,0
81,20,37,0
109,5,154,45
147,35,67,0
116,0,120,43
24,0,64,25
65,0,126,5
130,25,45,20
119,25,40,0
47,0,135,43
65,5,38,0
129,0,99,29
108,15,136,45
63,3,104,23
88,5,102,20
110,20,151,20
43,0,160,30
43,20,104,23
177,38,111,20
167,30,82,24
17,0,116,15
102,20,129,20
110,43,110,20
93,10,145,25
28,0,160,30
56,20,141,40
196,43,38,5
99,20,137,40
28,5,178,44
86,10,23,0
130,0,67,23
109,20,133,37
48,0,84,10
93,22,196,43
151,20,60,20
91,1,39,0
92,0,208,25
83,10,68,0
95,20,41,0
44,0,79,5
112,30,108,44
17,0,67,1
50,5,129,0
83,10,48,20
62,1,165,53
34,10,89,40
19,0,102,22
61,22,50,0
97,46,82,20
16,2,119,30
56,0,140,45
82,0,102,23
92,25,81,3
15,0,72,4
55,25,65,22
76,5,41,2
156,30,36,10
70,20,89,0
135,43,25,0
57,20,121,3
55,24,100,25
142,31,78,27
84,34,40,2
118,44,49,0
107,26,186,50
65,23,146,35
11,0,76,23
70,25,93,0
92,46,105,6
67,20,81,5
139,43,40,0
106,25,99,30
50,20,100,23
136,35,45,0
81,24,38,0
110,14,105,24
55,20,145,40
91,0,81,40
0,0,72,20
86,14,69,0
117,24,155,20
41,7,129,23
107,20,83,20
106,30,75,20
154,43,49,20
32,0,91,10
44,0,81,20
117,23,126,47
98,40,142,49
28,10,164,46
68,10,117,20
133,23,47,20
88,23,84,20
139,20,68,23
86,27,142,28
24,0,92,33
99,10,74,23
151,40,14,10
93,20,157,43
126,20,39,20
109,50,72,10
190,45,109,43
173,40,132,3
73,0,98,40
146,29,142,32
71,3,183,52
171,4,67,20
114,0,176,34
86,40,101,28
105,0,63,26
120,47,182,44
118,20,145,49
77,0,99,3
70,10,103,52
122,25,74,25
128,43,119,23
177,24,174,45
62,24,202,45
116,20,119,24
130,28,181,55
129,10,124,49
55,7,114,20
86,23,166,48
248,73,51,0
132,23,141,28
144,30,61,20
94,40,191,53
117,27,91,23
114,4,83,25
137,24,98,25
123,20,143,40
160,38,129,45
111,27,231,20
94,29,82,0
151,27,202,70
114,28,114,45
122,30,202,43
92,25,88,0
126,40,202,48
109,32,240,62
133,20,171,52
99,0,195,40
24,0,113,46
140,29,210,55
94,32,93,20
106,20,138,40
110,48,179,44
61,0,32,0
89,16,107,21
183,22,188,44
71,23,56,21
44,20,8,0
131,29,66,33
44,0,49,10
158,49,62,20
131,20,54,20
90,23,74,23
94,30,85,27
106,25,50,4
111,18,35,0
133,25,146,28
186,7,17,3
42,1,130,22
116,12,88,20
85,20,35,0
100,33,134,26
178,52,156,25
82,22,4,0
113,23,45,2
212,35,40,2
63,10,150,32
123,20,51,11
85,20,236,36
109,9,33,10
39,2,95,1
38,2,103,20
46,0,133,27
102,23,138,20
60,0,88,4
110,41,131,32
82,2,130,25
83,23,77,25
101,2,95,0
73,0,73,40
48,3,38,0
79,30,125,44
39,20,144,38
85,0,34,0
109,37,96,40
53,5,149,20
37,0,71,20
132,27,117,24
113,20,46,20
103,40,99,45
104,20,41,3
114,5,57,21
76,23,122,20
81,20,269,54
51,0,158,36
52,1,144,4
26,0,22,0
42,0,96,0
104,27,179,28
33,0,146,20
41,10,52,23
124,20,93,25
251,28,45,0
121,23,75,40
73,40,115,2
124,40,49,3
96,25,60,24
126,0,22,0
173,27,23,3
44,0,92,0
84,25,121,24
95,40,91,20
171,40,43,0
60,20,56,3
21,0,195,47
59,20,113,13
46,0,127,20
143,20,103,33
117,20,12,0
69,2,63,13
36,2,100,22
32,2,45,0
139,28,42,3
52,2,52,2
103,22,41,3
70,15,76,0
44,20,126,9
72,5,45,3
92,5,16,3
33,10,90,0
68,10,106,22
56,15,35,3
69,1,28,0
78,17,68,3
22,10,46,20
70,0,56,20
58,20,43,5
52,20,27,0
87,20,41,20
89,20,32,0
50,5,66,0
78,0,51,0
93,0,68,30
68,20,53,20
39,2,55,20
84,20,82,40
88,20,51,0
41,0,83,20
46,5,33,2
78,0,27,0
63,0,48,2
37,2,9,0
38,0,81,28
41,0,18,0
28,0,60,3
66,2,28,3
76,0,92,1
10,0,91,31
6,0,41,0
51,3,55,6
94,8,29,0
51,2,32,0
84,3,41,2
23,3,68,0
25,3,64,2
72,5,80,2
51,0,105,0
173,42,15,0
6,2,85,20
10,0,150,23
65,23,63,24
130,20,101,33
76,23,56,20
190,48,27,0
66,10,86,3
86,20,61,0
78,23,11,0
148,24,42,0
20,0,80,0
66,4,129,40
101,30,86,20
94,23,113,25
48,0,171,20
196,42,25,20
124,3,48,0
54,2,20,20
57,21,120,20
106,20,69,20
47,0,47,0
46,0,13,0
48,0,82,25
63,0,85,43
24,0,68,20
25,2,58,0
62,20,34,0
88,21,29,0
101,0,92,2
134,23,22,21
31,20,88,0
18,0,99,20
31,0,17,0
17,0,73,2
131,0,135,40
41,0,25,0
59,0,59,20
88,0,19,0
12,0,49,22
21,3,33,0
38,0,98,20
47,0,42,3
15,0,30,20
75,0,39,0
58,0,84,40
28,3,78,20
30,0,49,0
55,5,67,20
29,0,97,20
88,25,35,5
63,0,54,3
88,20,28,0
123,25,62,20
64,0,110,24
7,0,60,20
87,30,6,0
89,27,82,20
153,48,31,0
27,3,46,20
68,20,161,47
125,28,115,30
16,0,91,40
35,0,37,3
34,0,113,20
41,3,123,7
200,50,46,23
26,0,119,8
88,20,122,25
23,0,143,25
36,0,107,5
129,20,31,20
213,52,16,0
74,3,112,27
74,11,89,44
43,3,35,0
158,45,32,0
150,40,38,2
66,28,218,52
32,2,116,41
53,40,47,40
118,21,42,20
40,20,52,20
56,1,65,6
75,0,40,23
53,20,96,41
21,0,101,20
30,2,37,20
96,41,91,20
5,0,36,0
59,22,25,20
135,0,9,0
103,20,126,41
105,20,34,6
29,0,4,0
61,2,46,0
17,3,126,20
105,11,19,10
70,3,20,0
44,0,18,0
38,24,76,3
75,11,37,0
69,1,67,5
45,21,32,0
80,1,65,3
59,0,85,10
44,10,126,11
13,0,46,20
53,20,77,23
65,4,53,23
86,25,55,0
115,5,18,0
95,3,22,3
52,2,44,0
21,3,85,23
24,3,89,26
79,5,80,0
39,20,116,29
14,2,8,0
14,2,71,0
27,0,12,0
33,0,22,0
118,18,104,29
38,2,19,2
95,11,37,0
10,0,15,2
28,2,151,10
30,0,31,2
105,7,10,2
96,17,10,0
74,0,21,2
23,0,67,0
25,0,76,10
50,5,22,0
115,22,17,0
17,0,21,0
61,3,12,0
22,0,39,0
22,0,11,2
100,28,26,0
24,0,38,0
54,0,12,0
50,4,52,20
43,0,130,7
95,20,60,0
53,0,80,0
4,0,149,23
117,30,43,0
22,3,129,23
135,23,60,20
19,2,34,3
81,43,62,20
117,23,44,25
124,32,55,22
69,20,59,28
66,23,40,2
118,2,59,0
11,3,80,20
41,2,58,0
112,43,33,2
71,23,140,22
32,0,0,0
27,0,145,8
152,0,67,43
116,23,39,0
146,3,60,23
58,0,79,3
70,0,33,0
122,23,26,0
15,0,83,10
10,0,55,20
65,20,29,0
57,5,62,20
139,43,3,0
59,20,67,40
51,20,70,23
18,0,6,0
35,0,50,20
97,23,55,0
122,40,73,30
43,2,29,0
13,0,123,20
30,0,111,23
19,0,37,0
25,0,71,20
23,0,26,10
37,0,4,0
58,20,8,0
82,20,14,0
19,0,98,40
53,0,13,0
10,0,21,0
8,0,94,20
16,0,26,0
11,0,10,0
81,20,44,0
43,0,33,0
71,23,37,0
14,0,50,2
59,0,26,2
108,23,23,10
4,0,70,20
8,0,79,23
25,0,74,2
45,2,21,10
92,20,24,0
22,0,116,23
5,0,35,0
73,23,139,43
7,0,99,23
12,0,43,20
51,0,74,20
25,2,20,0
86,20,29,0
27,0,117,23
26,2,19,0
6,0,32,0
47,0,34,20
17,0,28,2
2,0,129,40
62,20,37,0
38,0,3,0
80,20,68,20
36,10,32,2
1,0,14,2
54,0,7,0
61,0,50,0
19,0,47,0
101,6,25,0
53,0,102,20
17,5,41,0
52,20,45,0
22,2,88,23
62,0,25,0
56,11,65,5
96,23,12,0
72,0,30,10
24,0,70,22
80,15,42,2
27,0,37,2
56,0,26,0
31,0,8,0
93,15,27,3
29,0,76,10
81,3,52,0
64,3,86,9
27,3,74,26
2,0,59,15
70,0,10,0
31,3,29,2
69,10,44,6
51,23,41,0
52,24,31,1
7,0,140,20
38,30,32,6
28,0,55,20
112,0,66,28
69,30,47,0
86,6,54,20
87,3,50,5
50,20,46,0
67,23,86,0
60,25,81,8
82,20,40,10
71,0,108,40
91,11,41,2
22,2,122,48
29,3,61,2
89,30,142,30
98,8,44,25
94,40,78,20
54,20,106,23
91,28,137,20
60,30,36,20
44,10,78,10
62,0,91,23
118,8,16,0
97,0,18,0
107,20,34,0
53,0,62,2
38,5,32,2
63,15,112,45
54,28,39,20
74,10,110,0
79,30,38,23
56,20,101,40
33,3,32,0
103,25,46,20
92,25,36,2
32,3,95,45
52,0,153,13
16,0,84,0
40,0,23,13
32,0,2,0
30,0,36,0
17,0,29,0
36,10,23,2
21,3,25,0
70,22,36,0
6,3,44,2
98,20,32,3
28,3,50,15
119,25,120,40
78,35,45,10
44,20,87,25
95,30,14,0
11,0,119,22
127,55,28,0
71,20,87,30
61,20,45,22
79,5,19,0
96,35,45,2
36,2,12,2
27,0,22,0
11,2,107,22
122,30,12,2
15,2,47,7
54,0,38,2
26,2,52,0
30,2,22,2
47,3,67,20
43,2,28,7
69,30,21,2
29,4,69,22
48,0,64,40
43,0,57,12
35,0,32,2
65,10,53,0
73,40,45,20
54,22,125,5
48,2,44,2
49,0,61,20
34,2,49,24
43,17,59,2
0,0,0,0
45,12,0,0
17,0,0,0
13,0,24,0
27,0,50,20
2,0,34,2
35,10,11,0
0,0,7,0
2,0,71,20
41,20,51,3
43,3,6,0
22,0,54,22
47,3,2,0
25,20,19,0
84,20,46,0
76,20,3,0
129,22,18,3
50,2,94,20
81,20,27,3
23,0,69,20
48,20,129,20
80,30,56,23
44,20,57,40
35,20,67,20
75,2,50,20
86,25,50,2
33,20,67,23
118,40,25,0
40,2,50,20
33,4,80,34
47,0,129,22
29,0,98,46
35,0,71,20
72,20,127,30
45,2,91,30
56,20,113,40
28,20,82,29
85,23,98,0
87,20,61,22
28,0,99,20
86,44,143,44
35,0,83,43
49,0,71,20
32,2,91,20
15,2,117,0
79,1,123,43
112,44,95,20
39,0,67,4
64,24,99,5
41,3,48,0
43,0,15,0
0,0,92,30
52,23,55,0
39,0,23,0
144,25,21,0
28,3,96,3
5,0,105,0
7,0,32,3
62,20,91,23
53,0,17,0
118,23,61,20
56,20,72,3
164,25,38,0
33,3,2,0
15,0,118,25
110,5,178,41
11,0,17,0
45,2,79,23
24,0,143,22
4,0,139,25
182,30,19,0
25,0,20,0
56,3,96,25
206,58,19,0
16,2,89,3
46,0,150,27
109,25,97,23
185,35,35,0
24,2,59,2
27,0,41,0
185,50,160,43
51,20,43,20
201,20,15,0
36,3,127,28
13,0,51,0
71,5,193,50
34,0,74,40
125,28,51,40
129,20,34,0
124,25,79,40
284,78,19,0
82,20,55,20
48,2,97,25
114,43,248,50
104,25,107,25
185,45,76,3
125,55,113,40
38,0,46,22
121,20,48,20
133,23,201,65
101,23,78,20
222,45,52,5
62,20,108,20
170,48,85,0
154,30,107,20
132,28,154,40
31,2,120,20
70,20,172,35
153,46,36,20
58,0,104,5
83,22,148,25
217,45,144,45
142,30,51,20
59,3,81,20
53,40,144,28
225,60,68,20
30,20,107,47
39,4,134,38
12,0,69,0
57,5,28,0
140,24,19,0
120,20,32,0
51,0,17,10
70,23,162,36
32,0,44,20
103,26,75,10
53,20,79,4
40,2,57,0
103,24,129,26
23,0,7,0
70,0,70,25
134,28,28,4
100,0,42,0
92,20,25,0
123,31,118,0
0,0,25,0
89,0,48,20
13,0,201,53
93,8,54,4
102,0,27,0
108,0,86,24
71,0,32,0
81,40,140,26
71,30,65,5
42,20,134,20
111,26,141,31
202,30,49,10
55,40,158,49
121,40,69,20
93,40,144,20
50,23,80,20
179,45,98,28
74,25,58,20
74,20,135,24
104,20,208,25
45,20,95,40
92,0,126,25
100,40,131,20
80,27,134,45
99,25,169,20
83,20,60,0
106,20,60,0
64,23,66,10
19,11,7,0
157,39,31,20
85,0,67,14
23,1,118,15
43,2,15,0
17,0,75,20
99,24,33,0
69,30,55,20
60,20,73,23
39,0,46,0
87,25,100,29
56,20,50,0
28,20,141,20
69,0,114,25
53,0,152,31
36,20,106,24
116,5,108,40
155,31,21,0
29,0,70,0
83,40,50,30
18,0,110,30
9,0,94,25
65,20,76,5
27,20,58,12
23,12,77,10
38,12,44,0
69,23,87,23
72,20,25,2
48,10,23,10
55,13,3,0
27,2,61,5
49,20,101,31
149,43,38,14
29,13,61,13
66,20,28,2
147,20,52,20
120,30,13,2
18,3,17,2
65,21,26,3
47,12,92,35
2,0,98,25
23,0,126,20
70,10,58,21
42,22,49,10
67,10,52,0
23,0,11,2
64,33,20,0
39,10,65,35
61,2,74,13
43,20,133,47
35,0,61,10
120,5,49,10
14,1,98,20
69,5,50,0
62,2,56,23
116,23,41,20
25,1,110,23
48,20,139,40
38,3,44,7
28,1,59,20
121,40,101,30
69,13,137,29
66,30,29,10
49,0,109,15
55,10,39,2
73,30,88,13
127,0,35,30
22,0,119,30
72,2,18,0
77,24,23,0
29,20,5,0
27,0,31,2
69,0,98,20
53,0,84,40
85,26,107,25
132,20,41,0
42,1,27,2
91,20,31,2
17,0,84,0
130,28,96,26
54,22,72,30
95,0,107,23
33,3,9,2
84,5,37,0
28,0,110,23
105,28,36,30
71,20,33,20
23,0,126,23
48,0,35,10
32,20,139,4
43,2,118,24
92,12,59,10
4,0,2,0
24,0,26,0
3,0,7,0
9,0,18,10
22,2,16,0
22,0,20,2
21,10,18,0
37,0,17,0
11,2,42,10
24,0,22,3
22,4,12,0
25,10,65,20
23,0,15,2
0,0,10,10
0,0,2,0
10,0,8,2
57,0,1,0
12,10,24,20
20,2,7,0
6,0,23,0
12,0,24,2
4,2,4,0
22,0,20,2
4,0,7,2
41,0,4,0
48,2,4,2
19,0,6,2
11,2,38,2
0,0,20,2
39,0,26,2
12,0,22,2
85,2,70,20
8,0,5,4
44,25,103,25
35,0,83,0
36,20,6,0
128,20,42,2
22,2,67,20
28,0,16,0
111,43,20,10
7,0,126,20
40,22,3,0
26,0,37,2
13,0,40,20
40,2,79,3
23,0,30,1
106,25,58,20
4,0,57,0
64,22,53,22
64,22,72,33
66,0,17,0
25,0,101,20
27,5,54,20
29,0,95,20
193,50,30,10
118,14,43,2
11,0,158,23
103,20,84,20
41,10,70,3
53,23,173,50
192,48,64,20
9,0,35,3
51,0,87,20
45,24,131,25
243,55,55,20
34,3,39,0
16,0,148,29
179,25,53,20
124,20,30,0
131,6,51,30
28,0,209,50
82,20,117,40
134,23,61,0
210,46,68,0
47,23,17,2
27,3,78,20
125,5,174,50
69,27,109,23
201,35,130,58
58,20,148,45
136,22,117,45
110,44,172,20
83,12,167,25
138,40,126,30
88,4,170,60
186,55,94,20
160,52,238,51
148,20,75,30
141,51,196,56
240,29,124,43
176,57,204,70
232,70,131,46
105,29,132,25
202,28,90,24
149,50,212,65
122,40,27,20
155,44,122,28
88,20,159,10
222,55,105,25
148,26,121,50
92,25,249,83
204,53,33,10
94,4,151,46
174,43,153,30
132,49,184,59
126,44,184,29
144,50,238,51
196,58,65,0
178,51,126,33
161,55,187,55
223,51,99,26
75,20,124,20
251,60,68,20
236,71,154,49
146,0,176,44
205,45,154,29
203,47,199,70
74,10,167,45
119,35,172,73
94,49,166,40
154,50,122,28
2,0,104,35
75,10,63,34
0,0,45,0
123,21,65,10
54,0,16,0
85,27,22,20
4,0,38,0
49,10,63,0
6,0,29,0
125,45,36,0
105,20,29,0
16,0,50,20
34,5,77,0
56,2,81,44
28,0,44,20
37,0,15,0
92,21,76,2
145,54,65,20
17,3,51,9
61,15,47,0
43,20,63,41
62,20,68,10
184,23,25,0
33,20,35,0
50,0,51,5
34,0,35,0
67,25,69,2
114,24,149,55
78,28,41,5
102,23,60,20
59,25,161,20
93,1,93,23
89,0,151,30
139,18,64,15
122,40,85,11
147,45,106,3
39,3,190,53
78,30,184,43
69,25,108,34
103,46,128,50
88,40,75,23
68,15,98,20
93,26,138,45
211,61,49,20
46,11,91,25
211,53,26,0
147,20,57,23
192,26,52,0
55,23,68,21
60,20,76,20
59,2,19,2
71,10,143,42
97,20,113,48
21,3,38,10
100,3,38,10
73,0,210,49
54,30,44,20
172,20,59,26
96,35,35,0
10,0,155,45
120,30,4,0
163,55,76,30
114,41,43,20
33,3,186,40
127,20,84,10
18,0,47,0
72,10,50,21
64,0,152,61
20,0,111,20
22,0,161,26
140,31,13,2
65,10,108,45
131,35,28,0
80,37,26,1
50,21,125,20
56,20,76,20
54,20,55,0
69,20,62,0
106,29,149,25
80,4,120,24
39,20,161,20
44,2,162,25
45,10,92,20
107,20,53,0
97,22,127,28
0,0,58,20
37,20,156,40
162,50,74,24
60,0,91,20
149,30,134,16
127,3,93,20
123,34,72,0
133,40,93,40
137,20,52,0
53,23,107,0
98,20,142,10
175,30,153,31
74,5,137,24
64,20,63,23
99,24,56,3
139,20,78,40
108,20,83,20
101,26,125,13
122,23,90,20
87,20,75,45
79,20,104,28
98,20,66,12
103,20,111,20
67,10,71,20
66,22,84,40
98,46,230,59
177,37,113,24
140,45,106,23
120,20,194,50
32,20,49,3
78,20,59,20
54,22,70,1
8,2,223,51
167,25,151,39
149,32,71,1
100,26,140,32
188,50,62,20
149,44,202,59
69,11,62,20
112,44,121,28
28,1,67,0
104,20,99,20
267,75,189,56
177,48,133,35
136,38,183,39
29,20,120,29
179,46,54,20
58,12,108,20
76,40,115,20
256,57,30,1
93,26,190,42
139,4,83,23
35,0,184,39
30,0,139,22
1,0,82,26
113,25,205,57
103,9,105,24
89,40,99,40
36,3,137,44
72,25,206,55
134,49,156,40
69,20,118,27
99,27,73,20
97,20,96,40
156,20,141,40
113,25,80,20
59,20,64,20
165,47,94,24
158,30,45,0
121,21,88,29
185,54,89,20
95,47,74,20
70,20,75,20
120,24,111,36
33,0,165,20
87,43,68,24
82,24,144,24
76,20,155,40
67,0,160,44
91,20,141,46
74,20,163,72
77,21,76,25
54,0,75,0
83,20,177,43
171,49,72,20
130,53,108,45
66,0,48,20
83,34,125,24
154,43,94,40
40,1,50,3
14,0,62,22
19,0,73,22
54,0,22,0
105,8,65,0
38,20,26,0
2,0,40,2
25,0,27,0
30,2,127,20
26,0,75,4
63,0,30,0
34,20,34,0
38,20,56,0
111,44,35,20
29,0,16,0
41,20,23,3
86,20,28,0
91,40,18,2
92,40,62,0
41,2,59,24
90,20,89,0
63,0,27,3
46,0,52,2
41,0,52,0
15,0,66,20
67,20,68,0
47,20,56,0
53,0,32,0
72,3,69,0
56,4,36,3
11,0,72,2
22,0,91,0
51,22,49,20
152,2,67,20
78,20,61,0
41,0,54,20
56,20,35,6
46,2,41,0
27,0,40,2
65,20,80,14
44,0,45,0
19,3,98,40
79,20,21,0
133,20,115,41
68,0,89,20
84,16,85,20
112,20,62,2
137,24,83,20
57,3,135,45
48,10,49,20
50,10,54,0
127,24,20,12
117,20,115,44
77,28,73,22
79,30,61,25
86,25,77,32
160,41,25,0
99,26,85,24
103,35,74,0
92,4,36,0
75,25,121,40
130,21,29,20
95,40,79,40
103,35,99,0
99,20,51,2
19,0,135,10
70,0,114,23
112,24,120,55
95,21,65,20
96,30,77,20
28,0,118,40
93,28,95,20
132,34,36,0
118,27,48,20
80,20,49,20
63,0,52,3
42,0,34,0
131,40,55,14
88,0,191,46
120,26,81,24
117,40,67,24
131,43,67,20
245,27,8,0
192,45,29,21
115,40,185,31
61,33,266,54
94,40,57,20
90,25,3,0
112,20,137,25
130,46,46,11
149,52,107,26
51,4,89,26
63,7,154,25
76,22,179,40
136,43,87,3
70,23,112,22
71,15,144,26
115,40,179,44
150,29,96,26
87,1,116,44
96,13,35,0
118,27,158,44
38,20,161,50
115,20,70,43
130,2,68,20
80,1,63,20
108,2,48,0
156,20,111,30
123,24,134,45
84,20,104,45
169,40,107,20
151,20,104,20
135,22,115,20
189,0,67,25
21,2,154,27
164,45,138,55
58,0,103,20
47,0,147,23
127,30,54,40
151,45,173,44
139,33,47,0
94,24,106,23
103,23,148,40
119,27,86,0
127,5,119,45
124,20,101,23
121,41,138,20
58,20,97,24
121,20,61,0
74,5,90,25
70,3,168,20
37,20,122,24
154,41,159,35
52,0,150,8
109,27,156,40
96,25,69,20
146,24,185,20
64,1,138,23
70,20,87,25
207,20,121,44
186,26,55,4
0,0,33,2
36,0,81,20
27,2,112,25
135,24,0,0
70,0,69,21
51,2,60,2
25,0,46,21
72,0,82,21
19,0,61,6
220,45,70,0
101,21,74,0
37,0,121,20
83,21,83,21
64,0,32,0
65,21,112,0
118,0,72,11
101,0,36,2
58,0,47,0
10,0,7,0
33,2,14,2
60,20,61,2
43,20,42,0
4,0,7,3
83,20,35,20
41,20,5,0
52,3,34,20
44,21,5,0
27,1,14,0
19,0,104,5
24,2,30,0
9,2,30,0
36,0,53,0
75,20,7,3
24,3,9,0
46,3,64,21
43,0,26,0
58,0,41,3
8,0,45,2
21,1,18,0
15,0,81,20
119,23,52,21
52,2,19,4
96,22,70,26
18,12,89,24
71,20,111,22
15,2,112,2
64,20,34,0
35,3,62,20
80,20,107,20
114,5,17,0
63,3,72,20
63,20,44,2
59,20,72,20
129,20,38,2
66,20,72,22
69,20,51,2
19,0,79,22
76,5,47,2
111,20,33,0
37,0,38,5
37,20,58,21
65,20,41,0
132,15,52,20
40,0,65,20
47,10,64,20
38,20,140,41
86,30,43,0
40,20,82,15
85,21,75,0
47,0,83,30
91,20,74,20
79,21,51,30
50,20,110,25
147,25,51,15
95,40,58,20
69,3,47,15
120,40,75,20
58,40,62,10
40,20,98,21
54,20,22,0
69,20,12,0
53,0,32,2
97,20,21,0
42,3,28,20
2,0,61,20
103,20,43,0
50,0,29,0
128,23,84,20
34,20,57,23
58,0,26,0
55,40,91,20
65,20,22,0
41,0,57,0
76,23,85,23
27,0,50,20
42,20,71,20
90,20,104,20
14,3,72,0
120,20,10,0
149,43,37,20
77,20,76,20
36,20,52,23
103,23,49,20
35,0,79,20
99,20,76,20
101,40,138,40
80,0,105,40
43,0,104,40
100,51,123,30
50,20,131,31
87,2,127,20
84,0,25,0
8,0,96,47
90,24,119,14
23,2,121,40
195,53,95,20
54,0,89,20
117,25,95,40
109,24,71,2
61,3,41,0
108,20,116,45
54,20,91,25
145,25,101,40
111,35,61,34
68,20,90,22
88,20,70,0
155,47,135,48
61,20,171,25
79,20,22,0
64,10,76,20
49,0,121,20
105,20,93,24
101,30,127,40
60,0,24,0
61,24,95,8
42,10,80,0
128,20,123,40
164,44,101,40
25,0,95,44
123,25,47,0
129,23,43,0
121,30,49,3
32,20,65,25
90,30,92,40
36,20,81,20
118,40,66,20
13,0,97,20
78,40,92,20
98,23,53,20
104,20,17,0
77,20,84,25
82,20,61,0
91,20,113,20
113,40,54,25
75,20,60,20
73,0,49,0
59,20,118,45
123,40,35,0
150,45,56,20
14,0,2,0
20,0,52,20
45,0,30,0
31,0,86,20
38,20,61,22
26,0,77,0
39,2,95,40
50,0,30,0
24,1,79,20
36,0,65,0
58,0,32,2
127,40,26,20
70,0,16,0
49,0,78,20
54,20,140,40
28,20,109,2
13,4,48,20
81,2,8,0
20,2,3,0
10,0,57,22
41,20,25,2
34,0,50,3
8,2,111,20
70,0,22,2
35,2,30,3
52,0,22,4
30,0,22,10
10,0,76,13
22,2,36,4
14,2,13,0
59,2,14,0
34,2,14,2
46,4,18,4
9,3,12,2
15,0,12,4
54,24,19,0
20,20,33,2
24,0,3,0
31,20,65,20
50,20,28,0
36,3,28,20
17,0,5,2
61,23,12,2
22,20,53,20
11,3,46,20
11,0,38,5
4,0,55,20
50,20,5,0
26,3,36,20
2,2,7,0
27,0,12,0
43,10,22,0
38,0,19,0
10,0,9,0
35,20,40,10
6,0,47,0
17,0,14,0
15,0,44,0
27,0,29,0
29,0,48,10
20,0,14,0
19,2,54,3
14,2,74,21
107,0,3,0
30,2,66,23
38,0,43,10
76,11,9,0
71,1,4,1
31,10,37,10
52,12,65,11
86,0,11,0
88,29,101,7
69,10,84,10
70,15,29,5
43,0,204,70
26,0,78,0
138,40,62,0
180,45,56,0
85,25,31,20
115,35,101,49
64,15,61,0
64,20,70,0
163,10,84,0
24,10,78,40
55,0,158,50
58,2,81,20
137,43,100,34
124,25,46,0
27,0,62,20
50,2,63,0
83,5,88,0
124,4,73,40
164,30,51,0
144,20,16,0
55,20,64,20
63,0,106,25
39,0,112,20
40,0,175,2
103,29,46,23
58,20,114,20
60,5,54,1
152,20,79,0
3,0,84,4
80,13,119,8
36,2,96,40
175,32,141,0
79,10,91,22
19,0,0,0
42,0,2,0
20,10,33,0
40,0,4,0
10,0,33,10
13,2,38,0
16,2,32,0
31,0,5,0
44,2,29,0
94,20,61,22
52,0,84,20
48,10,18,3
59,0,33,1
47,2,44,9
140,20,62,5
58,22,21,3
74,6,47,10
114,17,20,4
41,3,35,1
115,20,29,2
51,0,45,10
22,2,65,1
49,5,31,3
67,20,76,10
2,0,62,0
68,12,35,5
89,26,68,0
54,10,14,0
98,0,16,0
47,0,106,10
25,3,50,1
28,0,33,4
44,20,13,0
76,20,60,3
41,10,154,20
65,20,84,20
58,24,105,20
50,20,44,0
46,20,143,43
28,0,195,60
158,50,64,0
210,53,68,40
0,0,0,0
86,21,150,20
63,0,141,20
114,2,162,52
157,47,80,30
135,65,139,40
146,40,108,44
128,10,114,20
42,0,117,35
114,40,113,20
33,0,85,20
172,60,48,0
145,20,13,0
27,0,104,4
75,20,96,37
149,46,147,60
169,20,92,20
80,20,116,24
119,20,78,0
147,35,111,40
97,24,68,20
131,26,90,44
147,22,75,0
42,20,69,10
122,40,78,40
75,21,158,45
82,24,71,20
101,4,100,32
72,40,105,0
87,10,130,48
35,0,210,55
75,3,134,20
86,10,73,20
37,20,106,1
93,32,101,0
76,25,91,25
136,24,131,45
121,20,49,0
207,50,91,4
123,40,52,20
153,24,64,0
118,40,108,20
54,0,143,28
184,50,77,20
152,45,103,20
57,0,108,20
166,55,85,20
130,20,94,0
122,2,118,20
132,40,61,12
63,10,157,12
100,20,57,11
93,4,69,20
209,49,118,40
140,55,161,42
28,0,58,3
144,20,16,0
126,25,66,0
104,23,127,40
169,40,120,24
128,0,148,34
94,31,178,64
93,20,120,24
43,3,75,13
136,45,90,20
22,3,190,45
120,15,33,20
206,68,136,26
179,48,92,27
154,32,108,2
85,35,117,40
161,20,95,0
131,27,145,32
61,26,92,40
63,1,74,23
44,20,202,55
101,27,85,0
106,10,49,10
105,28,105,20
161,4,184,44
172,45,113,20
113,3,71,0
61,0,120,25
138,20,130,22
79,24,105,15
211,76,153,34
162,26,123,21
88,10,145,34
181,45,58,1
166,35,197,45
50,25,177,23
75,0,26,0
87,0,171,15
156,20,78,0
45,20,174,0
90,0,141,40
188,12,116,0
76,15,110,40
184,40,105,0
188,65,100,35
22,2,196,35
23,0,8,0
73,0,98,10
117,40,180,45
138,20,40,10
143,44,96,30
161,36,54,0
39,0,92,3
3,0,146,4
38,3,116,3
48,22,115,20
77,20,98,0
101,20,15,0
197,32,121,25
63,5,104,0
90,25,66,0
132,23,30,0
135,24,151,40
110,40,192,45
263,70,81,10
139,36,82,15
171,30,12,0
20,0,6,0
88,25,160,70
195,51,40,20
145,27,139,28
48,5,93,22
163,24,78,0
176,50,159,60
152,20,76,5
85,20,79,30
7,0,207,45
130,40,102,20
77,20,59,20
45,10,200,55
154,20,78,40
25,0,212,45
153,53,123,4
157,68,164,20
208,64,120,48
216,60,205,60
120,0,84,4
95,20,169,24
243,58,125,24
149,0,255,50
129,40,125,40
77,20,154,37
107,32,190,48
210,36,87,25
75,0,207,54
128,44,175,27
239,28,113,20
165,56,194,53
68,27,196,25
76,0,130,23
102,20,176,40
141,25,132,28
182,20,214,50
236,65,79,48
209,20,150,40
251,52,77,33
131,40,140,32
141,40,154,25
149,55,220,69
175,25,105,28
226,65,203,30
50,20,167,0
176,60,134,28
220,24,135,52
244,100,149,32
220,64,138,34
157,35,141,0
166,37,200,57
243,50,198,5
154,36,186,28
169,20,115,4
153,20,145,24
146,45,174,40
267,73,148,52
174,65,151,24
120,37,246,48
124,23,127,28
151,36,110,24
256,84,143,40
158,37,142,45
132,20,210,58
174,48,176,20
256,80,181,44
216,74,152,40
181,40,159,48
165,40,96,5
106,20,207,48
97,12,226,53
206,64,165,40
170,65,187,40
165,45,232,35
204,68,173,44
170,23,244,95
158,55,195,51
153,26,156,32
256,70,40,0
29,0,280,79
224,28,220,60
257,55,211,65
44,10,185,43
264,70,102,23
117,28,258,74
202,48,154,45
239,52,190,52
110,40,97,28
198,67,65,20
97,3,260,78
183,60,127,30
124,0,130,45
211,50,185,64
111,45,79,5
188,45,178,55
106,20,193,50
207,42,151,28
198,46,144,65
202,65,101,20
242,70,225,74
165,22,242,57
239,58,88,20
226,27,125,27
160,40,230,75
177,27,208,65
206,34,180,51
199,55,24,0
162,60,202,24
137,40,272,64
88,45,144,45
103,43,189,24
257,43,149,43
206,45,144,28
232,45,71,3
165,45,170,50
108,20,256,70
158,37,142,45
132,20,210,58
174,48,176,20
256,80,181,44
216,74,152,40
181,40,159,48
165,40,96,5
106,20,207,48
97,12,226,53
206,64,165,40
170,65,187,40
165,45,232,35
204,68,173,44
170,23,244,95
158,55,195,51
153,26,156,32
256,70,40,0
29,0,280,79
224,28,220,60
257,55,211,65
44,10,185,43
264,70,102,23
117,28,258,74
202,48,154,45
239,52,190,52
110,40,97,28
198,67,65,20
97,3,260,78
183,60,127,30
124,0,130,45
211,50,185,64
111,45,79,5
188,45,178,55
106,20,193,50
207,42,151,28
198,46,144,65
202,65,101,20
242,70,225,74
165,22,242,57
239,58,88,20
226,27,125,27
160,40,230,75
177,27,208,65
206,34,180,51
199,55,24,0
162,60,202,24
137,40,272,64
88,45,144,45
103,43,189,24
257,43,149,43
206,45,144,28
232,45,71,3
165,45,170,50
108,20,256,70
158,37,142,45
132,20,210,58
174,48,176,20
256,80,181,44
216,74,152,40
181,40,159,48
165,40,96,5
106,20,207,48
97,12,226,53
206,64,165,40
170,65,187,40
165,45,232,35
204,68,173,44
170,23,244,95
158,55,195,51
153,26,156,32
256,70,40,0
29,0,280,79
224,28,220,60
257,55,211,65
44,10,185,43
264,70,102,23
117,28,258,74
202,48,154,45
239,52,190,52
110,40,97,28
198,67,65,20
97,3,260,78
183,60,127,30
124,0,130,45
211,50,185,64
111,45,79,5
188,45,178,55
106,20,193,50
207,42,151,28
198,46,144,65
202,65,101,20
242,70,225,74
165,22,242,57
239,58,88,20
226,27,125,27
160,40,230,75
177,27,208,65
206,34,180,51
199,55,24,0
162,60,202,24
137,40,272,64
88,45,144,45
103,43,189,24
257,43,149,43
206,45,144,28
232,45,71,3
165,45,170,50
108,20,256,70
236,69,157,25
196,48,139,60
228,75,106,20
107,53,139,28
159,50,150,24
173,65,163,60
151,40,72,4
259,29,142,48
179,50,162,43
171,45,170,45
111,30,186,40
199,32,64,20
233,63,164,50
218,50,149,30
146,25,184,55
211,40,209,69
214,54,144,41
233,75,125,45
143,40,163,31
216,75,118,24
199,52,141,9
76,25,179,44
249,73,169,40
163,51,185,53
304,90,169,49
148,30,166,60
108,0,123,28
158,26,170,44
158,46,174,45
206,40,180,38
161,59,215,55
333,89,62,0
211,32,155,44
192,65,135,40
181,55,234,65
198,40,147,65
65,24,197,55
143,55,211,36
150,24,221,70
122,20,196,64
186,52,177,45
165,16,219,60
144,30,206,42
199,48,141,50
195,45,138,44
213,53,59,20
243,73,150,47
108,24,207,64
169,45,162,20
82,5,169,40
248,65,131,45
161,9,78,20
170,55,150,45
107,30,190,70
10,0,76,10
57,20,35,20
37,0,62,4
10,2,22,20
100,20,77,20
36,20,139,20
37,2,36,0
97,40,106,25
113,20,38,0
62,0,77,20
69,0,60,20
124,20,44,20
120,20,53,20
1,0,68,0
137,35,40,20
56,10,19,2
77,20,76,30
142,20,47,20
169,45,88,10
87,0,27,2
40,20,189,35
122,5,17,2
49,0,106,20
114,35,146,22
5,0,31,22
115,0,27,0
101,20,59,20
192,0,41,11
113,40,108,20
58,20,70,4
73,14,28,0
75,2,17,2
84,2,37,0
59,13,79,20
56,20,53,2
64,30,29,0
36,3,115,20
36,20,45,3
53,0,75,22
71,23,84,0
61,20,109,30
27,13,25,2
31,4,135,20
28,0,108,20
74,13,46,10
41,12,27,0
12,0,102,2
45,0,55,20
64,10,2,0
82,2,104,22
42,0,2,0
71,0,43,22
153,20,10,0
28,2,29,3
45,0,58,10
45,2,42,20
67,22,145,10
105,0,16,0
47,22,66,1
26,2,65,0
40,0,113,20
86,12,81,3
60,22,82,0
29,3,79,20
24,2,32,2
40,0,29,0
26,0,125,23
121,20,47,20
40,0,62,10
122,37,125,37
12,0,47,0
30,2,134,27
126,27,100,20
183,48,60,0
2,0,51,15
65,2,204,66
115,20,51,0
21,3,89,24
151,52,5,0
105,23,44,10
80,8,36,2
86,20,157,22
155,32,55,20
57,20,147,14
127,25,167,40
45,22,62,0
152,49,17,2
123,0,107,25
64,20,79,20
139,29,146,40
119,0,39,0
168,30,41,2
99,20,178,60
107,30,122,40
80,2,19,0
95,40,23,0
201,40,43,2
114,45,247,45
36,2,51,0
13,0,68,0
19,1,0,0
8,0,36,0
16,2,85,25
20,0,28,2
77,22,2,0
48,0,50,0
17,0,10,0
71,0,54,30
47,0,32,0
35,2,26,0
30,0,109,20
30,10,23,0
41,10,27,0
121,20,22,2
8,2,60,0
9,0,166,25
19,4,50,0
117,30,43,2
30,0,30,0
57,5,10,0
85,0,172,55
67,0,20,2
111,25,4,0
114,25,80,0
31,0,54,2
84,25,14,0
163,40,41,25
135,0,82,0
27,0,11,0
75,0,28,0
167,25,7,0
5,0,13,3
51,17,105,0
46,20,147,28
98,40,143,50
109,20,218,40
133,34,103,5
110,20,78,0
99,28,105,20
78,25,110,20
212,64,159,55
155,25,137,52
128,5,47,20
182,47,143,14
60,0,136,32
137,40,32,23
209,60,68,23
135,20,12,0
224,65,134,24
77,40,146,44
73,22,147,25
117,20,101,30
107,23,158,48
248,64,85,5
124,20,246,71
112,30,97,0
145,50,165,20
186,56,194,56
112,24,120,27
45,30,109,0
117,25,242,64
51,2,137,30
157,4,118,55
110,20,117,44
165,40,166,43
170,45,132,35
105,24,60,22
139,20,17,0
188,52,168,29
133,30,198,55
138,41,93,20
136,23,104,25
149,45,65,20
197,64,162,28
163,48,142,40
100,35,99,20
114,20,64,40
47,0,91,0
150,12,58,20
191,44,7,0
93,20,230,56
30,20,170,25
1,0,116,41
105,20,207,66
7,1,89,20
46,20,131,0
65,20,332,59
74,0,178,55
95,22,60,24
182,44,44,20
90,23,137,40
87,11,36,0
123,20,130,40
29,20,113,20
81,0,7,0
138,24,139,25
187,46,36,20
106,41,86,30
102,25,114,24
63,1,59,23
89,25,129,4
129,20,32,0
65,20,80,20
155,20,83,24
33,1,135,10
118,21,43,20
70,41,38,20
160,49,151,41
200,50,4,0
54,1,138,40
101,24,70,20
83,20,216,58
125,40,194,41
80,20,101,30
36,0,66,0
106,50,146,40
47,25,102,24
82,23,77,20
97,3,117,35
88,16,40,20
142,20,69,0
27,21,156,30
71,20,148,50
162,39,16,0
56,0,123,5
114,40,186,56
82,43,150,25
76,20,99,5
144,45,13,0
40,0,83,20
75,23,135,12
134,32,89,41
138,35,42,0
86,20,124,44
115,45,190,55
58,3,91,4
81,24,130,40
172,20,102,4
155,30,109,2
83,22,7,1
162,40,133,15
102,20,180,41
118,32,53,0
137,3,130,32
37,0,157,40
131,20,44,23
75,45,106,40
153,20,41,4
184,48,146,30
98,15,32,6
108,4,133,20
81,0,200,63
126,30,100,40
58,20,113,43
174,55,102,10
112,20,156,43
60,20,214,25
117,20,219,24
147,25,141,20
94,24,150,20
160,26,99,20
12,0,63,0
29,3,79,22
40,0,99,20
39,10,112,22
31,0,46,0
49,4,46,10
15,0,70,2
34,0,116,50
30,0,96,40
54,0,103,4
95,12,71,22
73,7,49,0
42,0,69,20
101,22,42,2
36,2,128,30
56,0,77,22
119,20,46,2
165,37,51,20
99,20,22,1
78,2,37,0
214,72,54,3
102,29,86,40
109,10,76,20
37,22,27,2
54,5,117,53
73,0,141,20
120,40,31,2
47,0,56,0
97,19,156,21
90,22,77,3
117,0,138,20
86,20,135,40
74,23,115,0
25,3,188,20
137,53,85,24
29,3,84,0
124,23,141,55
20,0,149,33
62,3,46,0
73,20,160,24
85,22,154,45
42,1,40,4
12,0,104,20
48,16,37,2
41,0,12,2
133,25,56,0
120,30,31,0
36,11,87,10
140,32,61,0
84,11,44,0
94,13,17,2
26,0,135,50
123,20,65,10
32,0,75,0
37,3,20,0
55,11,114,30
16,3,140,25
16,0,66,3
84,0,48,10
20,0,43,12
2,0,112,20
38,0,2,0
12,10,4,2
76,20,65,0
26,0,20,0
17,0,22,0
9,0,42,20
84,20,23,2
18,2,13,0
53,22,57,10
10,0,82,20
85,10,12,2
16,2,84,20
67,20,17,0
84,20,84,15
70,13,42,2
10,0,71,10
18,2,86,0
35,0,78,13
17,2,114,20
101,5,82,10
42,0,59,12
17,3,122,20
107,5,8,2
94,8,50,0
131,20,10,0
23,2,94,2
21,2,82,20
22,0,137,30
37,2,106,20
20,2,57,0
29,0,99,20
134,25,64,2
36,2,152,25
44,0,18,0
80,12,110,25
75,0,39,0
61,0,64,25
40,0,118,20
75,13,29,0
66,20,55,0
41,2,113,10
68,20,71,2
125,20,29,2
128,25,48,2
38,0,50,3
133,25,75,10
87,23,23,0
31,2,76,20
77,0,24,0
32,3,59,0
15,2,49,22
163,53,97,40
99,25,122,22
38,0,36,8
90,27,45,0
62,20,114,20
26,10,9,4
30,11,170,52
43,3,36,20
61,23,64,0
149,20,8,0
71,7,5,2
58,22,44,0
67,5,31,2
110,20,25,0
53,0,52,3
127,20,55,10
53,22,48,22
41,0,52,2
64,11,26,3
56,20,145,45
50,20,103,20
27,0,40,0
35,1,66,22
33,5,24,1
36,2,79,0
150,44,41,0
37,2,97,20
39,20,89,23
79,3,91,22
42,1,84,20
59,0,17,0
25,2,95,0
29,1,156,52
71,15,81,0
117,14,45,2
11,2,58,0
87,22,64,20
58,4,12,4
18,2,87,20
21,2,12,2
1,0,0,0
83,22,49,2
37,2,34,3
24,4,23,0
29,2,6,0
17,2,136,32
13,2,18,4
26,5,12,0
10,2,11,0
28,23,45,5
35,3,121,27
11,2,2,0
24,2,16,4
23,2,14,2
126,35,34,3
20,2,13,4
30,2,36,5
5,0,33,5
16,4,15,2
15,4,40,4
17,3,114,25
43,0,11,0
10,0,6,0
25,0,35,2
59,5,28,2
25,0,38,0
36,2,12,0
44,2,36,10
23,2,37,2
37,2,23,0
24,2,5,2
33,2,43,0
22,0,75,2
28,2,54,4
38,0,45,5
30,2,24,0
22,12,72,0
33,2,48,0
48,2,36,0
23,0,8,0
70,2,47,2
14,0,21,2
130,2,34,0
38,2,21,0
27,0,43,2
12,0,46,20
36,2,37,0
3,2,49,3
84,40,184,51
70,0,23,2
35,10,37,2
31,0,84,20
92,41,111,35
46,0,46,2
35,0,42,22
66,20,104,41
9,0,143,36
50,20,60,0
61,20,58,22
41,1,45,5
65,20,26,3
31,0,67,30
73,0,60,20
98,22,111,33
23,2,29,2
20,0,8,0
96,21,74,0
42,20,37,20
28,0,85,1
59,20,31,0
26,2,20,0
35,2,34,0
62,23,46,3
33,0,61,0
32,2,82,25
13,0,59,2
52,22,72,3
21,0,55,2
39,0,20,0
192,20,37,0
39,3,25,0
34,5,79,0
104,23,38,20
38,0,34,5
17,0,82,20
34,3,33,2
15,0,72,0
10,0,26,0
84,21,11,0
59,20,81,20
91,2,37,0
68,2,14,3
13,0,15,0
19,0,180,53
69,20,63,25
21,4,25,0
214,50,41,10
41,2,67,10
53,22,14,3
25,0,32,0
30,2,171,45
103,22,25,2
46,1,21,10
86,20,20,0
172,50,71,10
23,0,32,2
60,20,142,40
39,10,22,0
28,0,158,37
53,23,62,23
80,20,60,2
32,10,26,0
37,0,168,52
64,0,32,2
84,5,35,0
45,11,54,2
2,0,30,0
24,0,25,0
8,0,46,22
93,40,25,0
6,0,32,3
53,5,15,0
80,40,43,20
48,0,22,0
80,3,29,2
65,20,86,22
46,20,27,0
36,0,70,0
78,20,40,3
58,23,43,2
53,20,33,20
86,0,58,10
24,0,18,0
76,13,90,40
35,0,76,20
46,3,22,0
41,0,33,3
75,10,53,30
65,3,6,0
22,0,127,40
5,0,9,0
27,0,16,0
34,0,30,0
26,0,27,0
17,0,29,0
23,0,74,0
22,0,20,0
27,0,28,0
52,0,22,0
13,0,29,0
72,0,38,0
19,0,27,0
1,0,44,0
38,0,17,0
15,0,67,0
10,0,2,0
59,0,19,0
37,0,25,0
54,2,53,0
38,0,24,0
30,3,23,0
29,0,77,2
32,0,23,0
44,20,21,0
57,25,21,0
18,0,22,0
49,2,43,2
3,2,51,5
17,0,30,4
43,0,81,2
25,2,19,1
22,0,62,22
59,0,7,0
27,0,30,1
51,5,42,3
59,0,34,2
32,0,35,0
16,0,16,0
16,3,7,0
72,20,44,0
64,0,24,0
3,0,59,0
88,25,162,32
91,0,34,0
82,26,94,4
233,61,0,0
73,20,94,20
83,0,141,0
191,20,28,5
64,21,73,2
141,33,107,22
99,0,123,25
136,20,98,20
116,25,84,0
160,43,42,20
129,0,110,0
169,40,67,21
53,0,105,25
143,36,60,22
77,0,99,2
116,20,110,0
136,40,167,20
66,20,64,5
176,44,61,11
175,50,178,33
33,0,34,0
106,40,160,43
52,0,48,22
132,20,134,27
39,21,169,30
106,40,216,57
124,40,87,24
122,20,83,9
107,20,88,20
118,20,105,40
118,27,91,0
50,21,27,2
211,48,115,40
128,0,77,0
50,0,76,20
193,37,89,20
119,25,83,40
98,20,151,45
90,0,96,20
19,2,32,10
67,20,76,10
82,20,130,23
45,0,86,2
66,0,12,0
104,40,81,10
101,13,95,28
91,2,69,30
58,20,81,0
59,25,61,22
42,2,186,50
59,0,119,3
78,22,21,4
155,40,104,20
63,4,73,20
105,20,78,0
109,23,105,2
158,23,46,0
90,2,24,15
75,22,127,23
121,20,51,2
82,10,109,0
215,65,99,3
171,31,85,20
49,20,19,0
207,40,102,0
23,0,116,20
83,23,139,31
118,28,112,40
90,2,31,2
21,0,110,3
76,20,167,40
100,28,105,20
99,28,90,20
152,23,86,20
59,0,82,0
32,20,138,28
10,0,85,8
131,22,9,0
25,0,10,0
10,0,84,21
103,20,84,25
23,0,11,1
115,20,60,31
16,0,29,10
19,12,83,26
93,0,42,0
106,0,4,0
24,10,118,31
78,25,49,0
87,20,3,0
51,20,39,10
43,12,7,0
136,20,83,35
40,5,106,20
46,5,18,0
94,30,25,2
161,40,30,2
30,0,40,2
65,10,6,0
102,20,62,10
84,0,22,0
23,0,34,0
30,2,16,2
117,20,101,20
93,20,13,0
4,0,34,10
32,10,64,23
41,10,24,0
109,23,28,11
10,3,125,20
98,10,30,10
38,3,10,0
53,0,112,23
127,23,35,13
58,20,40,3
6,0,120,20
13,0,86,3
62,10,20,0
10,0,6,0
56,3,89,0
20,0,56,3
21,2,210,0
80,20,13,0
52,2,14,0
56,20,26,0
61,0,26,0
12,0,14,2
40,20,36,2
17,0,90,2
24,0,18,0
20,0,56,0
17,2,82,2
160,2,15,0
14,0,39,4
140,9,56,0
19,0,27,0
54,0,18,0
43,20,116,25
154,40,29,0
40,21,121,34
37,0,45,20
203,40,35,5
157,41,151,40
46,0,72,24
98,20,74,41
47,25,134,35
88,0,72,1
157,20,73,20
90,20,72,25
78,20,67,20
75,25,99,20
138,40,69,20
82,30,57,20
13,0,62,7
50,20,77,2
19,0,13,2
79,30,92,40
33,2,75,22
80,20,20,2
36,0,53,0
17,0,114,40
39,2,71,0
72,5,21,0
79,2,73,2
59,20,39,0
39,0,31,2
29,2,9,0
137,50,38,15
61,2,111,20
28,2,128,30
94,0,130,0
105,20,21,2
102,20,82,22
116,22,55,25
60,25,56,2
44,0,181,45
63,0,144,22
50,7,99,2
116,30,82,2
80,0,34,2
11,0,102,4
146,24,77,28
19,0,112,25
29,0,95,2
45,0,29,21
131,40,75,15
11,0,164,20
130,29,124,41
124,22,21,0
67,20,130,20
184,40,20,0
61,21,103,40
105,40,100,20
87,20,98,25
56,25,105,20
76,40,187,39
144,0,101,4
53,20,202,49
170,55,210,60
134,25,16,0
85,45,102,3
141,23,66,20
137,40,104,4
167,45,167,48
152,50,76,0
171,20,44,0
186,60,53,20
212,27,129,40
179,20,92,7
93,0,112,5
149,40,124,43
111,40,107,20
85,20,86,11
120,20,149,45
167,44,144,40
183,23,118,40
87,20,178,52
161,24,62,2
151,30,63,20
169,44,195,50
135,45,84,20
93,23,133,20
190,56,225,60
71,0,107,21
116,20,81,0
92,1,198,59
155,52,157,25
74,0,111,40
99,30,143,23
90,20,0,0
126,24,149,51
116,40,51,10
113,40,125,22
54,4,104,20
168,29,125,40
186,44,68,10
75,10,133,24
107,20,61,20
126,30,68,10
115,0,55,40
82,30,96,26
109,24,143,40
97,30,97,15
175,30,51,20
202,44,95,40
75,10,32,11
73,20,22,0
116,24,35,23
38,1,53,3
55,20,86,3
123,24,56,23
68,20,73,20
19,3,96,21
55,20,74,26
64,20,169,32
37,20,82,3
47,2,31,23
41,0,191,52
137,41,60,21
88,20,102,40
87,40,20,0
204,44,35,0
50,23,119,20
115,23,181,51
60,0,149,49
70,40,126,45
144,20,96,20
54,20,113,23
129,24,31,10
80,1,123,48
54,0,128,5
88,23,90,20
77,40,87,20
116,28,72,20
135,40,79,20
127,44,139,26
148,40,71,25
133,40,85,1
133,25,34,0
141,44,122,24
59,20,101,20
41,30,44,20
99,27,112,40
88,4,45,20
18,0,146,40
72,0,48,0
60,5,70,25
80,30,73,20
152,32,37,0
85,20,58,2
68,5,46,20
83,3,149,40
50,0,68,40
74,20,83,20
49,0,138,32
67,20,64,23
106,40,114,20
83,20,120,24
135,40,88,20
55,23,78,20
98,40,176,40
125,31,3,0
79,20,49,30
113,20,89,20
44,3,38,2
32,0,147,25
33,20,136,25
36,20,68,20
101,20,48,8
98,20,87,20
107,25,60,40
71,25,79,27
26,20,80,22
56,20,46,21
96,25,89,45
53,40,55,3
19,0,60,21
36,0,107,20
103,27,87,40
37,0,30,10
35,0,43,3
27,0,16,2
190,25,8,0
81,20,99,21
38,0,12,4
25,0,31,1
33,20,158,45
53,30,20,0
59,20,41,20
54,22,53,3
40,10,115,25
82,2,59,20
31,0,91,44
91,13,64,30
75,0,52,2
147,25,8,0
26,0,259,94
34,10,41,20
0,0,89,20
121,40,42,0
91,20,88,20
9,0,31,0
51,0,173,58
108,27,79,25
117,20,80,20
8,0,22,2
222,70,37,20
10,0,54,20
47,10,50,10
1,0,19,0
30,20,35,0
31,10,17,0
43,10,50,10
74,25,8,0
7,0,32,0
10,0,54,20
143,23,61,10
75,20,141,35
12,0,84,0
49,0,133,30
91,20,110,20
128,20,30,10
23,0,25,0
65,0,45,0
150,0,92,20
32,0,8,0
129,0,68,20
143,30,22,0
141,45,45,0
2,0,84,2
95,20,10,0
72,2,18,0
150,0,150,2
27,0,64,0
95,28,85,0
0,0,32,0
96,20,11,0
56,0,10,0
171,20,63,2
40,20,145,28
127,4,58,0
59,23,101,20
71,25,68,30
203,10,124,20
89,7,91,30
195,44,109,24
84,20,152,28
85,22,127,0
45,20,168,45
49,3,123,40
144,44,114,25
121,40,132,0
104,7,187,35
133,25,95,40
171,45,22,0
146,47,54,23
116,40,152,47
138,45,119,35
188,40,64,40
147,20,53,40
104,40,179,29
58,0,193,50
101,20,129,0
111,25,96,25
130,50,146,49
161,45,120,34
195,51,101,32
147,44,75,23
222,70,149,40
44,0,117,45
80,20,80,25
99,20,94,20
107,15,51,7
142,45,115,40
197,61,95,23
187,54,71,23
177,53,84,20
115,3,42,20
64,18,136,40
37,6,150,20
148,44,129,45
96,25,187,50
42,20,72,22
13,10,13,3
32,20,46,20
32,10,43,23
43,0,45,13
33,2,34,20
20,3,55,0
20,2,44,33
26,0,9,2
9,0,36,20
9,3,31,3
83,20,29,13
96,40,14,0
11,0,45,3
54,0,23,3
81,23,7,3
58,10,52,23
8,3,52,3
5,5,7,4
4,2,2,2
4,0,2,0
4,2,4,2
1,0,17,0
0,0,13,0
8,0,7,0
4,2,0,0
7,0,9,0
0,0,17,0
7,0,6,2
0,0,0,0
5,2,4,0
35,22,2,0
4,0,23,20
2,0,4,0
0,0,9,2
0,0,0,0
40,20,27,20
10,0,2,0
34,20,22,0
2,0,5,0
14,0,30,20
58,10,0,0
1,0,4,0
12,0,35,0
3,0,14,0
8,2,14,4
15,0,55,2
6,2,36,0
64,20,18,4
2,0,20,0
12,5,49,20
7,0,17,2
62,20,24,0
13,5,7,2
4,0,41,26
52,20,20,0
6,2,8,2
48,10,10,2
8,2,41,20
43,0,9,0
13,2,44,20
13,3,12,0
33,0,48,23
4,0,23,0
29,2,16,0
38,20,4,0
44,20,56,20
18,10,16,2
43,20,44,3
40,20,49,10
50,20,53,40
16,0,32,2
0,0,0,0
0,0,0,0
0,0,0,0
20,0,0,0
170,37,77,20
43,20,47,10
17,0,90,22
70,10,98,20
176,45,66,0
114,34,21,12
86,20,73,20
68,0,113,10
151,25,78,20
76,20,27,10
79,2,151,40
61,14,51,0
20,20,73,20
52,13,61,20
52,20,67,25
49,23,22,0
19,0,8,0
114,38,77,13
77,29,40,13
86,20,38,10
45,0,26,20
37,0,102,13
32,20,43,10
44,20,43,0
71,3,27,0
20,20,31,0
54,20,10,0
56,20,34,20
14,0,47,0
47,20,72,3
37,1,40,0
66,0,49,0
25,0,85,20
45,0,50,20
56,0,52,14
55,25,17,0
27,2,91,14
44,10,68,14
55,12,28,5
39,14,44,4
91,14,0,0
36,10,52,20
68,2,61,20
125,50,24,0
64,10,23,20
60,10,43,4
41,0,81,40
179,50,99,23
190,45,63,20
142,45,132,30
74,4,44,0
90,25,90,20
117,45,192,48
65,12,70,5
79,20,128,40
170,50,127,45
98,40,175,35
131,50,87,23
112,27,120,25
130,30,154,49
176,55,43,0
87,20,49,0
77,20,149,20
92,20,188,52
127,40,180,57
113,35,58,5
124,40,114,23
121,40,145,48
85,20,153,49
126,45,101,22
20,0,53,5
64,0,93,44
74,22,35,5
59,7,52,20
63,5,92,40
31,2,123,4
28,0,116,25
65,20,25,15
56,25,53,20
77,24,46,7
36,0,117,27
41,10,94,20
133,40,19,0
46,20,72,2
100,30,87,40
73,20,71,20
136,44,46,15
62,25,147,20
70,14,57,12
89,40,83,20
127,35,16,0
87,10,24,0
95,20,62,0
111,20,104,20
56,20,84,40
52,20,76,20
165,44,91,10
84,25,83,40
77,20,65,0
120,44,118,9
103,40,100,45
86,20,86,25
46,10,100,45
103,48,156,40
151,50,95,25
93,30,71,20
57,20,163,45
124,40,128,45
96,25,97,45
117,30,57,20
78,20,112,40
98,40,58,0
111,45,102,10
156,45,95,30
59,20,124,14
135,55,121,45
125,49,59,20
62,20,184,52
165,53,92,42
112,28,153,48
67,43,54,4
74,30,59,4
45,20,177,55
167,48,132,49
134,30,66,20
96,29,19,0
99,20,105,20
136,48,120,41
82,25,116,33
136,48,134,27
86,30,168,45
120,25,78,20
180,35,51,20
97,25,144,48
55,27,147,32
99,45,67,25
96,40,164,48
53,20,60,20
37,2,127,44
145,50,76,25
167,30,86,40
105,24,106,20
134,50,37,2
55,20,119,40
70,0,121,40
49,22,31,0
67,27,154,30
28,0,125,40
124,32,165,55
137,40,30,2
54,20,147,30
176,44,120,40
71,25,45,2
72,25,46,0
11,3,51,2
0,0,92,25
73,10,16,2
98,0,13,0
106,23,28,0
99,24,25,2
63,20,117,23
4,2,32,2
15,2,134,40
89,23,40,0
28,4,15,0
28,2,113,25
17,0,81,24
47,0,43,2
102,26,40,2
1,0,57,20
77,4,123,25
54,2,7,0
105,25,58,4
127,44,86,2
132,20,4,0
24,3,83,24
47,0,104,22
2,0,120,27
36,0,63,20
78,20,97,22
154,41,51,2
158,40,43,20
90,20,96,20
17,0,30,20
51,15,135,50
156,40,45,10
14,0,19,3
114,32,151,48
98,20,14,0
37,20,109,20
73,0,114,22
76,20,37,10
180,55,49,2
32,0,71,22
126,23,81,28
104,20,79,20
37,0,170,30
26,0,176,25
54,22,26,12
62,2,40,6
78,11,58,25
81,14,27,2
92,23,12,0
14,10,29,12
55,3,39,3
68,13,36,13
86,13,51,23
62,3,99,30
107,30,38,3
38,20,107,27
62,10,43,2
39,0,105,30
55,5,52,23
84,3,40,10
81,0,105,22
7,2,0,0
4,2,20,4
17,15,54,2
10,10,32,2
11,0,17,10
12,2,17,2
15,2,14,2
10,2,8,2
47,15,30,2
34,2,41,0
42,0,35,0
12,0,23,4
26,2,3,0
9,0,21,0
21,2,26,0
36,4,42,4
31,0,29,2
43,20,57,22
34,0,9,2
63,4,11,4
19,2,34,2
81,22,22,0
65,2,8,3
94,22,31,10
13,0,16,10
13,2,14,12
22,2,11,2
12,0,14,2
12,2,23,4
36,2,77,22
19,2,42,0
42,4,7,2
25,2,22,2
19,2,52,22
39,2,25,2
37,10,45,20
48,2,63,12
70,2,32,3
26,2,35,0
29,4,138,0
66,3,29,3
50,2,34,2
24,3,58,0
29,13,40,2
44,6,22,10
36,23,21,15
40,0,97,25
61,13,52,10
19,7,75,20
19,3,38,2
57,3,36,4
18,2,31,0
44,2,130,22
114,0,73,22
173,65,94,40
111,20,36,2
34,0,109,20
89,25,77,2
158,25,77,40
4,2,135,20
178,40,24,0
90,20,52,20
107,27,58,40
88,20,185,40
64,40,119,25
79,20,49,2
62,22,57,20
16,0,112,20
115,20,185,50
47,22,46,2
186,40,38,0
93,40,57,20
3,0,117,30
40,2,41,20
149,65,125,5
80,40,134,20
32,2,74,20
129,45,74,20
176,25,22,0
120,45,50,22
35,0,43,0
105,25,60,2
33,0,32,20
152,34,177,60
42,2,67,40
109,1,57,0
131,45,66,20
78,24,55,20
56,5,127,7
83,40,133,40
18,0,41,20
70,20,2,2
60,0,20,0
46,5,56,4
107,45,35,0
40,0,10,0
47,0,66,10
23,4,10,4
46,0,182,60
47,20,15,0
67,2,22,0
118,20,62,20
128,45,8,0
82,8,65,2
66,10,58,20
171,50,6,3
15,10,108,20
86,20,70,10
19,0,192,50
96,30,105,0
109,20,51,2
80,20,55,20
114,20,60,20
68,2,22,2
74,20,90,40
54,20,35,0
77,23,69,30
70,20,133,40
30,20,73,2
113,40,112,20
66,0,99,34
71,3,145,20
33,4,122,20
83,0,74,30
52,10,45,0
52,2,54,22
10,0,84,10
98,0,2,2
91,20,44,2
84,20,3,0
28,2,2,0
20,0,92,20
57,20,71,0
69,2,60,0
49,0,75,0
61,20,18,0
67,20,35,0
29,0,26,0
90,20,59,20
12,4,16,0
27,10,105,20
28,0,5,0
36,0,51,0
7,0,13,0
25,10,2,0
22,0,10,0
36,10,66,10
0,0,0,0
33,20,27,0
47,10,25,0
60,40,29,2
21,0,23,0
42,10,29,20
56,20,65,20
6,0,17,0
80,0,19,0
46,0,8,0
11,0,105,22
68,0,18,0
119,40,31,2
38,0,82,10
110,40,20,0
23,2,65,0
58,0,39,0
22,3,68,0
69,0,70,20
58,3,35,20
78,20,126,20
34,2,21,2
86,20,68,20
0,0,58,20
70,0,66,0
87,20,80,20
173,40,79,20
27,20,156,15
152,40,107,24
152,25,132,55
57,25,29,1
35,0,221,55
44,20,69,3
108,20,100,40
77,40,141,40
170,45,34,0
65,40,137,55
185,51,77,40
138,23,83,24
52,20,79,40
56,0,124,40
152,40,111,46
57,11,93,20
145,48,78,10
88,40,128,20
61,0,18,0
144,40,75,0
72,20,133,48
50,2,80,20
226,60,71,25
33,0,40,0
29,3,110,25
91,22,78,40
153,40,137,50
91,10,152,45
96,24,156,53
25,0,86,31
113,40,105,40
128,35,107,20
195,60,117,40
80,25,140,24
42,20,195,43
77,5,98,10
181,57,156,46
47,20,74,20
29,2,12,0
81,20,17,0
32,0,83,22
55,20,48,20
52,20,25,0
73,20,2,0
21,2,74,40
85,20,28,2
53,0,45,20
52,0,20,0
14,0,53,0
10,0,31,2
6,2,41,2
17,2,32,22
11,2,116,20
84,40,34,2
52,20,122,22
22,2,54,4
74,10,26,3
29,2,48,0
127,20,32,0
53,20,21,0
47,20,53,20
52,20,21,2
55,2,43,0
130,20,29,3
84,20,48,23
57,6,61,0
32,12,70,5
58,2,58,20
72,20,37,20
40,0,29,0
13,3,67,0
46,24,64,0
59,24,11,2
54,40,143,44
48,23,47,0
80,0,15,2
9,0,12,0
66,20,42,2
106,30,22,5
33,0,62,20
82,0,3,0
167,34,45,23
32,0,86,20
24,3,28,3
10,0,24,4
38,3,34,0
61,20,73,20
107,23,56,22
93,2,62,33
53,3,58,20
27,2,78,4
18,2,73,27
12,3,53,20
59,0,137,50
57,40,38,2
36,2,90,20
67,30,92,20
50,4,59,0
54,2,15,0
17,2,110,28
89,45,92,0
71,14,34,0
44,0,80,0
11,0,34,0
53,20,126,38
188,30,34,22
37,1,162,40
135,40,28,2
125,20,32,2
93,14,65,25
50,20,48,22
65,20,152,20
56,20,62,0
84,20,108,20
5,0,107,20
59,12,37,20
149,65,178,49
51,21,76,22
74,20,83,22
39,2,92,40
43,0,62,2
23,0,91,22
110,22,25,3
150,40,80,40
146,44,65,40
199,49,70,4
29,3,139,2
13,2,48,20
56,0,48,0
116,40,8,0
151,20,108,34
85,40,41,10
39,0,131,40
204,58,68,24
183,45,33,22
17,10,65,20
56,20,3,0
42,0,31,0
30,0,2,0
58,20,12,10
39,20,49,0
6,0,15,0
44,0,35,20
24,0,32,0
40,40,47,20
40,20,69,20
22,0,33,0
24,0,56,20
39,20,42,20
73,20,28,10
54,20,13,0
31,20,7,0
20,0,35,0
59,0,96,40
21,0,27,0
12,0,9,0
87,20,84,20
23,20,59,20
21,0,115,20
13,0,19,0
25,10,66,20
55,0,7,1
68,25,95,40
52,10,39,3
37,20,3,0
18,0,115,0
0,0,17,0
26,2,62,20
7,0,81,20
50,10,36,0
12,0,158,45
71,20,61,10
12,0,26,0
46,0,10,10
96,0,67,30
15,0,41,0
61,0,27,4
169,45,32,0
49,0,53,20
84,20,24,0
101,20,33,0
52,0,7,0
84,20,82,20
23,0,45,0
35,0,59,0
117,5,105,20
102,20,33,0
22,0,46,20
35,0,41,20
96,20,71,0
92,0,108,20
48,20,63,20
59,10,54,0
148,20,17,0
37,0,134,25
135,10,116,40
79,0,46,0
36,0,9,0
60,0,27,0
31,0,29,0
97,30,64,20
139,20,168,35
105,24,27,0
41,0,71,5
38,0,95,20
55,0,56,0
87,40,29,0
191,49,56,10
7,0,122,20
81,0,103,20
73,20,183,40
282,55,198,58
100,34,129,43
186,30,30,20
49,20,143,25
192,44,46,20
158,52,169,40
85,5,243,40
63,35,80,20
118,24,133,40
225,74,152,20
151,24,108,27
85,23,105,25
83,20,151,29
196,40,78,20
161,40,47,20
144,40,100,20
232,51,162,24
181,65,99,40
187,60,229,69
93,45,10,0
180,40,109,46
195,26,91,24
214,55,64,23
134,49,48,0
133,3,143,26
229,70,114,25
55,0,94,10
95,20,159,40
143,45,99,43
152,40,63,25
125,25,160,20
132,48,177,47
252,45,169,61
127,50,80,20
101,45,214,50
163,0,52,20
142,40,119,44
169,50,95,20
201,63,114,10
124,40,138,3
83,23,93,29
102,24,115,30
222,65,179,70
176,40,111,53
120,44,68,20
102,24,142,45
154,23,117,49
171,23,138,5
173,45,168,38
175,50,106,40
152,35,204,65
162,45,154,45
225,70,78,26
150,20,36,20
68,0,112,15
136,43,221,50
120,40,154,25
150,40,91,43
71,23,218,50
125,40,183,50
68,5,27,0
140,20,133,5
165,25,58,25
76,40,85,20
95,20,130,40
121,39,132,38
70,5,17,0
75,45,127,30
106,13,90,40
111,45,133,12
30,20,174,59
32,0,71,20
47,10,98,44
66,40,123,20
131,45,156,53
91,44,111,10
8,0,54,10
96,24,111,25
27,0,130,20
87,30,130,20
138,20,54,20
134,20,86,36
144,40,40,0
70,20,73,40
100,10,43,10
177,59,33,0
128,8,121,20
98,5,90,26
180,44,101,20
141,20,15,0
153,40,102,27
71,20,57,5
87,0,88,20
122,40,60,20
160,47,141,45
20,10,82,25
130,45,92,24
60,25,35,0
126,40,58,25
30,20,79,20
40,2,60,20
10,0,22,20
21,3,59,20
46,0,45,20
62,22,11,2
59,20,44,20
19,0,23,5
40,20,19,0
89,40,59,0
21,0,59,20
37,3,73,20
37,3,64,20
48,20,79,0
35,3,41,22
28,0,12,2
85,20,14,0
20,4,52,3
37,20,42,20
76,20,38,2
66,40,57,20
45,0,22,0
19,0,51,20
57,20,73,20
32,0,40,21
88,32,38,0
34,20,90,40
70,20,27,0
120,56,115,40
52,20,68,25
111,20,73,40
119,40,90,52
78,25,50,21
86,20,174,0
96,20,110,32
142,40,67,40
32,0,44,0
85,0,36,0
88,25,79,45
51,20,55,0
89,0,54,20
119,20,58,0
37,0,100,20
4,0,25,0
64,0,23,0
121,40,15,0
23,0,75,0
45,23,100,40
57,10,85,40
27,20,84,0
67,20,108,20
84,24,41,20
76,40,79,20
137,20,93,48
35,20,76,0
100,20,100,25
95,40,48,20
112,35,96,12
70,20,6,0
47,0,28,0
71,20,121,20
17,0,84,20
88,20,68,25
29,0,41,20
56,25,30,0
148,40,87,20
50,0,72,25
58,0,183,28
63,20,74,0
48,0,86,5
105,20,127,20
82,10,68,0
123,50,134,25
65,0,50,0
92,45,56,2
57,20,60,20
90,20,87,0
128,50,101,0
33,0,74,23
111,20,46,20
51,22,30,20
126,40,59,20
38,10,14,2
149,40,88,20
40,20,175,25
79,20,26,0
26,0,78,20
5,2,66,3
82,0,55,0
97,5,18,0
109,30,133,50
107,25,52,10
26,0,47,20
92,20,50,0
76,0,58,0
153,23,89,0
74,40,144,40
65,2,138,35
176,19,49,20
86,20,50,0
84,0,101,20
70,20,52,2
66,20,74,0
60,1,37,15
33,20,40,20
48,24,30,0
13,0,38,2
49,0,62,24
26,0,60,2
106,24,24,20
22,2,43,20
30,3,51,0
115,40,25,1
36,3,137,28
48,2,66,20
59,20,181,53
33,2,39,3
62,0,34,3
43,2,33,3
37,2,124,28
48,20,30,3
61,25,33,3
19,0,60,5
70,40,34,20
51,20,69,43
113,20,9,0
106,20,32,15
34,0,92,20
32,20,0,0
114,29,82,30
74,20,49,15
107,22,15,0
10,0,116,5
83,20,52,20
123,30,41,20
79,20,63,20
61,3,28,0
14,0,48,20
32,0,85,30
3,0,7,3
71,35,75,10
35,0,74,10
68,20,56,44
100,25,71,0
76,20,57,10
90,20,34,20
76,15,111,25
38,22,39,0
154,47,99,22
25,20,50,0
104,20,52,15
68,0,111,24
94,20,70,0
141,20,79,20
137,53,91,10
86,23,53,13
102,40,119,55
57,20,135,49
106,25,63,13
147,45,111,26
128,28,123,45
103,0,69,18
142,30,72,30
121,10,77,7
62,3,94,20
147,25,67,40
115,9,79,23
69,15,133,40
99,30,107,45
55,22,95,0
170,42,56,0
82,25,117,46
173,60,55,40
143,28,75,25
52,20,102,20
110,33,18,10
51,23,178,20
133,20,134,46
34,0,93,43
21,4,52,22
47,20,108,0
47,20,109,32
161,45,11,0
132,25,112,33
156,50,158,41
74,20,118,27
62,3,122,43
62,0,41,20
33,0,58,20
118,30,43,2
151,25,156,50
90,20,73,22
72,3,60,24
70,0,26,0
64,20,83,0
172,44,68,20
70,30,47,20
84,23,91,0
81,40,127,41
116,20,132,25
143,23,61,20
142,24,62,20
60,20,40,0
43,20,27,23
66,40,138,30
116,43,74,25
85,23,165,44
134,35,182,68
74,23,77,20
102,40,102,23
126,35,180,50
42,3,99,22
76,0,111,30
47,2,1,0
101,20,103,40
82,23,178,49
9,0,54,20
177,40,108,40
95,48,113,20
118,40,46,0
97,45,121,25
108,23,40,20
55,20,156,25
81,24,51,20
135,48,49,2
17,0,99,0
27,22,84,20
103,43,93,25
124,20,85,40
85,20,65,20
158,43,44,7
92,44,72,20
93,20,12,3
123,43,79,40
29,0,15,0
143,33,45,0
142,24,58,0
125,50,143,25
138,40,150,48
104,23,81,20
37,20,101,48
45,20,121,40
84,17,78,23
128,40,125,25
58,20,180,40
6,3,93,23
112,20,96,20
110,40,68,24
66,20,85,20
73,20,145,43
130,47,84,27
98,27,86,25
93,24,118,43
54,22,100,20
70,0,135,24
99,24,55,20
68,0,60,20
1,0,16,0
3,2,10,0
39,0,49,0
84,40,32,0
2,0,60,40
33,0,85,0
86,0,5,0
61,20,2,0
14,0,2,0
8,0,25,2
6,0,54,0
13,0,55,0
87,0,26,0
42,10,47,0
40,20,0,0
65,20,49,3
25,0,43,24
11,0,26,0
28,6,20,4
85,20,117,25
61,5,37,0
78,40,176,45
107,0,62,20
68,6,48,20
60,3,126,35
168,50,81,20
74,3,87,49
163,40,58,20
77,51,153,30
43,0,110,20
34,0,175,23
94,20,58,20
108,25,124,25
99,25,146,30
25,20,126,23
138,45,142,20
173,50,76,20
127,43,87,20
43,20,71,20
100,40,109,24
154,45,125,20
151,25,62,0
104,40,142,44
87,20,161,20
89,40,140,40
54,20,147,40
122,43,157,40
116,48,94,20
51,20,167,45
123,20,45,0
82,23,41,10
161,40,108,50
109,25,122,40
89,40,100,20
64,0,114,32
181,40,152,36
74,20,157,46
140,5,67,23
19,3,9,0
12,2,113,40
25,6,31,0
10,0,81,20
36,0,43,4
96,2,55,22
56,0,57,2
29,0,31,2
10,0,24,0
30,2,33,0
40,0,37,20
65,20,62,22
37,20,11,0
33,20,34,1
22,0,96,22
43,25,113,30
49,22,32,2
31,0,16,0
105,23,25,1
31,0,30,0
54,0,59,20
27,3,22,20
36,21,75,3
69,0,34,20
94,5,34,20
96,40,23,3
43,3,29,0
73,25,48,23
70,23,49,22
52,20,56,24
75,20,108,35
98,45,23,22
58,21,116,46
65,20,104,45
107,40,44,20
63,40,9,2
116,43,74,43
116,25,53,20
73,40,51,20
50,20,26,2
38,20,61,20
61,24,61,5
73,40,96,0
18,3,32,3
106,40,13,0
35,0,84,40
100,27,66,1
68,20,114,45
89,21,31,3
45,20,81,24
111,20,50,22
111,28,87,40
18,0,102,43
39,1,126,45
58,3,113,2
66,20,85,40
95,43,9,2
53,40,15,0
37,20,121,3
23,0,15,0
37,20,58,0
72,40,111,40
154,40,10,2
70,0,56,23
87,20,95,20
34,0,113,41
4,0,78,0
147,25,17,2
108,43,64,40
129,25,70,20
64,0,97,40
56,6,45,20
45,20,26,0
118,25,60,21
121,20,61,40
16,3,45,21
81,5,116,40
112,20,90,46
75,24,48,22
147,31,108,25
45,0,161,14
115,44,103,34
61,20,59,0
78,0,48,4
85,14,61,20
142,44,23,10
93,14,83,20
83,30,102,30
141,38,29,0
51,20,215,24
103,34,85,34
71,10,46,2
56,0,105,24
35,20,96,25
132,29,78,10
2,0,15,0
52,10,105,20
97,20,71,16
107,20,115,30
150,50,82,20
113,25,53,2
129,44,95,28
139,25,131,33
20,0,87,20
69,5,116,40
165,51,62,20
69,0,25,0
53,25,101,0
95,20,138,44
56,20,106,20
95,24,93,0
87,20,85,45
73,5,143,43
79,20,165,43
136,43,93,25
105,22,97,30
37,10,171,44
154,25,94,20
96,23,57,25
33,0,0,0
72,0,14,0
35,20,45,4
148,35,10,10
28,0,73,0
8,0,62,0
37,0,155,40
69,24,72,0
22,0,30,3
85,5,10,0
87,24,30,0
30,20,21,0
126,30,11,0
12,0,18,0
7,0,29,20
8,0,73,24
24,1,108,0
12,0,169,40
27,0,13,0
95,20,32,0
35,10,26,0
10,0,45,3
120,40,118,35
98,28,31,0
8,2,69,0
111,50,18,0
42,20,196,70
25,0,38,0
127,30,33,0
27,23,164,24
52,20,37,0
135,30,33,2
58,20,32,0
27,0,94,20
6,0,105,31
150,35,42,20
37,0,135,30
42,0,20,0
20,0,34,0
110,34,142,5
32,0,45,20
16,0,35,0
197,25,19,2
112,20,110,5
64,10,61,40
125,40,32,20
57,20,80,20
83,20,121,35
121,47,23,2
50,0,49,20
74,40,51,20
115,20,17,2
35,0,178,40
52,20,152,53
48,22,21,0
109,20,56,20
164,20,138,20
96,22,107,24
38,0,35,0
71,0,27,0
42,0,177,50
115,25,105,40
54,20,48,0
72,2,27,0
61,20,185,45
157,50,66,20
68,25,70,2
29,0,19,0
2,0,33,0
52,0,5,0
2,0,75,0
33,0,18,0
24,0,91,40
37,20,44,0
18,2,60,14
20,0,58,20
41,0,45,0
54,30,45,0
29,0,33,0
28,0,38,20
52,0,25,10
58,0,4,2
25,0,46,0
33,2,34,20
50,0,9,0
42,20,18,10
59,0,12,0
6,0,93,20
28,0,45,0
46,20,39,10
28,0,19,0
12,0,14,0
48,0,61,0
7,0,55,10
40,0,89,20
16,2,51,20
15,3,129,10
33,0,82,20
7,0,19,0
67,0,59,0
39,0,14,0
32,3,9,0
63,0,22,0
47,0,31,0
32,0,43,20
81,30,13,0
34,20,77,0
5,0,77,15
64,10,36,5
41,0,58,0
31,20,45,0
46,5,9,0
18,0,77,3
7,0,31,5
68,30,63,35
49,0,70,10
7,0,28,0
60,0,29,0
41,0,79,0
78,0,31,20
42,0,74,3
28,0,54,20
40,5,32,0
85,0,37,0
61,0,18,0
51,0,34,0
29,0,89,20
68,0,13,0
51,20,24,0
99,10,65,0
97,20,89,10
14,0,29,2
74,10,50,20
68,0,39,0
24,0,108,20
112,20,33,0
93,40,44,0
50,5,98,4
17,0,161,60
204,50,136,47
42,20,44,0
29,20,100,20
32,0,169,60
38,23,82,20
77,0,47,25
148,44,119,44
140,40,161,50
72,29,54,0
125,40,67,20
133,40,67,3
49,20,167,30
79,0,71,20
115,45,67,12
95,20,34,20
118,40,166,40
76,20,82,20
82,0,193,45
161,35,69,20
57,20,64,20
32,0,67,0
163,45,44,20
109,53,127,44
99,23,114,20
37,0,136,20
85,20,80,0
110,49,105,20
182,52,158,49
142,39,84,0
78,0,103,23
84,20,111,25
80,20,102,20
80,20,70,20
59,30,10,0
33,0,41,25
87,13,67,20
41,20,68,20
36,30,73,20
63,20,35,0
15,0,36,20
79,3,23,20
92,30,55,25
100,20,41,20
25,0,33,20
22,20,96,23
70,25,113,20
57,20,23,0
12,0,22,20
43,20,101,43
32,0,65,20
78,25,36,2
8,0,27,20
20,20,82,20
44,0,46,10
52,40,48,20
61,24,81,10
58,13,21,0
204,30,37,0
58,20,21,0
118,24,21,10
48,0,72,2
73,10,77,34
60,12,78,20
35,0,10,0
56,0,26,0
51,0,77,10
75,30,83,0
102,12,81,0
69,0,58,23
66,10,27,2
56,14,49,0
45,0,76,30
73,20,81,45
117,30,7,2
2,0,101,40
68,20,26,0
15,0,58,7
78,20,37,20
132,25,24,0
58,2,102,25
126,24,18,0
67,20,95,24
102,40,123,30
161,45,10,0
51,20,58,20
43,20,77,20
138,25,43,0
111,40,103,44
68,0,13,0
46,10,73,20
117,26,106,20
160,35,92,25
18,0,91,15
87,20,62,20
20,20,161,44
94,10,43,2
121,0,31,20
106,25,67,0
57,20,30,20
89,10,33,0
152,45,85,20
110,45,56,20
86,20,150,24
61,20,62,10
75,25,75,40
48,4,78,20
53,0,123,30
4,0,55,0
104,6,43,0
69,6,175,60
71,25,31,0
120,29,21,0
91,25,60,20
22,20,36,20
100,25,8,0
71,0,40,0
98,20,92,40
110,10,76,20
90,49,52,20
42,10,77,25
61,20,39,10
101,26,121,25
61,20,113,20
47,0,52,20
95,20,73,10
36,24,111,20
84,40,111,49
92,20,107,25
75,20,10,2
61,20,120,40
81,0,86,23
114,20,113,24
109,40,135,55
79,20,70,20
72,23,147,45
95,20,117,15
83,20,8,0
55,0,56,20
95,29,131,20
106,35,92,34
28,0,132,23
93,20,42,0
58,20,83,0
58,20,44,20
44,4,103,25
113,45,36,0
108,40,118,40
154,35,0,0
50,20,117,46
91,40,110,23
94,20,57,0
113,35,48,20
0,0,62,20
30,0,114,40
136,45,126,10
59,43,221,70
117,12,195,55
60,23,47,20
32,0,95,40
58,7,217,40
73,5,181,44
105,0,45,10
128,20,199,52
131,28,137,40
130,20,72,16
120,34,173,52
163,23,82,40
240,45,40,0
179,40,111,25
251,65,75,20
203,54,103,43
87,23,181,20
137,48,137,40
190,60,162,49
190,49,100,20
145,27,150,45
20,20,144,23
146,45,179,48
237,30,85,20
174,10,49,0
212,40,58,27
112,29,103,28
83,20,171,54
95,23,58,5
175,20,58,20
141,30,135,47
76,10,181,20
107,25,57,20
105,40,167,45
115,20,153,48
140,54,135,30
177,33,118,40
245,70,14,7
175,20,146,45
152,20,91,26
125,48,246,46
113,40,200,40
106,0,156,44
57,0,26,0
79,20,92,50
158,44,192,45
135,25,192,44
159,48,144,34
87,5,111,10
86,20,140,50
169,40,135,27
209,20,77,40
69,26,155,23
96,0,204,54
161,40,266,80
193,45,135,44
157,54,109,20
202,69,178,28
157,47,114,40
188,25,166,55
118,20,125,45
179,20,101,5
218,59,89,26
134,20,210,75
121,24,127,44
59,20,172,28
84,5,195,40
132,47,237,89
188,65,167,24
120,40,176,61
117,40,99,0
100,20,199,43
153,48,149,23
74,0,79,23
45,0,141,36
136,32,122,33
125,44,125,5
150,29,163,20
142,45,102,23
163,30,30,3
136,25,176,33
126,5,196,55
117,40,245,37
99,23,120,22
171,10,130,24
148,26,134,20
220,48,178,45
118,28,150,37
114,20,116,25
139,25,127,27
243,25,117,30
242,33,157,50
149,31,105,20
173,37,158,5
169,45,188,32
120,45,121,28
268,45,112,44
148,40,79,0
120,33,131,40
186,60,101,20
113,47,206,47
102,20,141,25
183,53,94,15
51,0,111,20
172,40,84,2
127,44,123,31
107,20,67,20
169,24,115,20
245,20,113,46
206,54,160,43
163,25,147,0
192,25,138,24
134,25,210,47
172,47,105,20
189,45,139,29
44,0,88,40
130,23,103,3
205,49,101,24
193,52,146,48
184,20,163,30
70,23,195,41
227,29,81,20
97,40,154,45
73,5,175,34
131,45,233,46
141,4,126,40
184,20,89,0
161,47,161,25
170,20,136,20
111,44,140,47
131,27,78,20
66,20,145,40
218,40,244,47
92,25,122,20
177,23,141,20
119,3,129,49
245,49,93,24
47,0,124,33
186,20,150,8
98,20,156,23
102,10,143,40
97,0,208,55
163,47,109,4
79,26,117,24
132,20,107,0
104,20,85,20
158,24,137,20
186,59,177,30
96,32,195,49
100,25,175,47
105,10,153,3
81,24,249,23
129,52,164,50
199,44,115,0
184,40,105,27
77,20,119,25
137,25,96,20
38,0,51,20
120,44,27,0
77,30,25,0
126,24,21,2
144,24,94,20
122,27,125,20
141,24,154,40
32,0,142,23
20,10,131,25
50,0,122,40
103,27,40,0
55,2,71,20
75,20,134,24
91,40,157,20
100,44,31,0
58,0,58,0
43,0,122,24
117,24,119,30
36,2,123,25
113,20,76,6
110,23,133,26
79,25,84,5
176,44,94,20
66,0,96,28
131,0,49,0
136,25,25,0
22,0,167,26
101,25,37,0
108,20,195,47
179,44,19,3
69,4,150,5
127,30,85,22
54,25,128,44
90,20,36,0
99,20,84,20
20,0,58,0
186,44,48,13
63,2,189,45
34,3,13,0
30,0,131,28
136,45,77,23
159,30,91,20
72,20,96,2
42,0,120,20
95,2,29,0
57,0,54,10
1,0,3,2
5,0,3,0
52,30,6,0
12,0,0,0
64,20,16,0
3,0,34,0
18,0,43,20
26,0,22,0
0,0,38,0
37,20,1,0
1,0,33,0
65,20,9,0
27,2,16,0
22,10,48,22
27,10,18,0
28,0,82,20
14,0,23,0
37,0,21,2
42,20,17,2
2,0,6,0
27,20,2,0
18,0,80,20
9,0,50,25
25,0,21,0
25,0,15,0
34,10,59,2
35,2,8,0
18,0,79,22
37,20,39,0
52,20,12,0
49,0,35,10
65,22,13,0
15,0,70,2
10,0,25,2
8,0,25,0
15,0,12,0
29,0,12,0
20,2,42,10
50,0,71,20
55,0,29,10
43,2,39,20
70,22,17,0
34,0,21,0
18,0,44,20
91,20,12,2
63,24,37,14
72,2,18,10
103,20,52,10
50,20,106,26
24,0,37,0
30,30,25,0
26,0,49,5
39,2,77,13
57,24,102,25
9,0,60,20
37,0,18,0
63,20,86,13
49,12,45,0
9,0,126,20
42,0,39,0
58,0,10,0
64,20,44,0
66,20,24,0
65,0,76,23
50,20,68,24
123,48,85,10
42,10,64,27
57,2,29,0
68,0,11,2
38,0,4,2
74,30,51,40
85,23,66,24
26,0,44,0
123,44,61,2
53,0,102,24
12,0,41,20
5,0,21,0
32,2,41,0
24,0,55,20
14,2,35,0
116,20,82,20
59,0,108,29
37,0,66,20
11,0,57,0
54,20,36,10
38,0,30,0
92,30,90,3
37,0,41,0
29,2,107,30
39,2,43,0
36,0,52,0
90,34,10,0
154,48,36,0
188,40,25,2
123,40,15,0
81,0,13,0
61,24,93,0
22,2,148,20
71,20,52,10
151,20,40,0
13,2,86,0
41,20,67,0
110,24,100,23
147,27,82,5
102,20,92,33
121,23,124,40
106,22,44,2
29,0,87,24
106,20,79,24
107,31,79,20
164,25,152,45
60,10,112,48
119,20,58,0
69,20,85,10
41,2,26,0
163,44,141,44
53,2,150,23
96,25,54,10
64,20,74,20
61,20,80,6
110,25,38,0
44,0,126,40
39,2,94,24
111,20,119,45
120,23,44,20
145,23,92,25
101,20,81,20
118,10,96,0
124,20,59,24
20,0,55,20
37,0,24,2
171,43,31,2
66,24,132,40
63,20,172,53
99,26,32,2
154,30,101,23
69,0,110,43
90,40,80,10
142,24,42,0
114,25,26,0
141,44,18,0
96,24,161,40
140,47,28,0
41,0,108,24
55,2,21,0
36,24,99,24
17,0,106,24
86,2,106,24
108,20,131,13
100,25,81,20
60,20,106,20
84,20,122,24
105,44,119,23
115,44,70,2
103,26,46,4
14,0,51,0
73,24,124,24
191,24,68,3
72,20,140,23
135,20,70,20
73,24,158,45
138,44,50,24
108,20,80,30
64,26,122,24
83,43,32,0
76,0,62,0
59,0,160,44
107,20,106,20
180,44,91,24
77,24,137,47
69,10,102,20
81,43,123,40
34,0,88,20
83,24,41,20
160,40,102,40
179,30,26,0
117,24,57,24
113,24,109,24
149,25,70,26
69,20,62,20
50,22,57,12
82,20,35,0
28,0,42,0
12,10,4,2
18,2,5,0
8,2,109,30
57,0,54,20
10,0,20,0
6,0,58,20
37,2,20,12
46,0,17,2
54,20,29,0
29,0,49,20
64,0,32,2
52,10,28,0
34,20,11,0
35,0,74,20
77,20,8,0
26,2,52,10
40,0,21,2
17,0,26,0
56,22,73,20
20,0,56,0
63,2,24,0
30,0,29,0
53,40,54,20
76,0,33,0
69,24,50,0
55,10,63,20
71,2,32,20
8,0,72,20
59,20,33,0
27,10,30,10
56,20,39,0
82,24,49,12
28,0,146,20
74,20,57,20
35,20,80,20
40,0,50,20
46,12,51,0
2,0,59,0
12,0,36,0
37,0,104,22
66,20,142,44
82,0,50,20
50,0,68,12
46,0,38,10
7,0,106,26
64,20,39,0
112,26,41,2
73,20,58,20
102,44,54,2
102,30,58,0
33,0,21,0
67,20,81,20
24,2,47,20
113,24,65,25
92,0,101,20
29,10,99,24
36,0,30,0
63,20,137,20
39,2,31,0
87,40,49,20
32,2,78,23
106,33,95,20
87,20,36,0
53,20,100,20
22,0,90,24
130,4,180,23
88,40,43,0
91,20,67,2
52,20,130,33
138,24,43,0
62,10,71,0
48,20,123,20
109,45,106,2
82,14,21,0
106,25,57,2
125,22,88,2
22,0,23,0
145,20,77,20
108,23,51,4
40,2,125,33
117,0,127,10
12,0,120,20
50,20,96,30
131,20,105,23
103,20,97,20
32,20,52,0
94,20,73,2
124,43,111,24
133,26,71,30
80,33,67,20
72,6,4,0
87,23,51,20
83,22,186,40
154,45,57,23
143,24,89,40
99,0,22,0
111,43,82,0
57,20,113,45
78,25,100,20
197,54,123,34
24,10,180,45
75,29,59,0
177,14,133,34
213,52,42,20
148,29,110,25
181,49,166,44
67,30,162,25
183,48,98,32
166,44,162,30
208,44,101,20
184,44,82,10
176,46,118,45
79,24,123,20
112,40,161,20
83,4,76,10
43,20,192,29
174,45,175,48
47,0,73,20
140,48,9,0
49,0,81,24
100,24,78,0
58,20,56,20
62,0,89,25
85,20,79,20
81,22,138,49
40,2,98,24
147,48,48,20
120,20,56,0
97,22,68,24
30,0,139,40
35,0,147,46
131,29,106,24
100,22,80,20
137,28,55,24
78,25,48,2
68,4,104,24
100,20,120,20
72,25,23,0
170,48,121,27
87,24,76,20
147,38,93,20
62,0,70,25
225,42,37,0
2,0,119,20
129,40,91,34
110,22,128,45
125,28,136,44
112,45,48,0
21,0,114,24
111,25,144,24
92,22,58,10
25,0,113,44
156,46,14,0
66,24,69,40
127,35,51,22
92,24,131,44
108,28,111,2
44,20,138,44
57,24,74,25
148,34,35,0
87,25,117,24
140,42,76,20
162,49,87,20
88,22,102,24
122,49,141,28
79,20,85,10
13,0,83,20
156,46,65,24
96,24,100,44
116,45,53,5
56,0,135,28
165,44,64,20
117,20,133,20
13,0,39,3
138,5,53,5
72,0,130,25
44,20,98,10
164,40,83,23
114,0,128,24
157,49,131,0
48,24,114,0
49,1,81,0
126,20,60,5
65,28,149,14
205,45,105,0
78,26,145,22
74,0,92,2
142,10,68,23
162,40,121,44
84,41,90,10
54,21,136,32
105,25,104,9
132,26,85,40
64,20,56,0
179,38,35,0
69,0,84,3
156,45,216,32
70,13,141,41
77,30,160,45
113,43,119,28
72,25,32,6
86,25,27,0
69,3,73,20
106,5,79,20
135,33,180,32
62,2,86,31
21,2,41,20
158,25,80,35
5,2,66,0
104,15,63,20
22,2,31,2
113,20,106,40
90,15,78,50
90,10,25,2
58,20,52,2
95,23,60,6
94,20,43,0
21,0,30,0
27,0,94,22
77,25,85,14
57,20,73,30
43,0,40,5
29,5,43,10
134,20,54,5
27,0,84,12
128,28,25,0
48,0,58,25
37,0,56,20
79,21,56,13
15,2,180,40
109,20,12,2
45,2,41,20
74,0,35,0
43,20,88,20
24,0,123,23
136,20,50,0
63,0,48,27
25,0,80,10
89,24,94,0
77,5,59,4
62,0,35,21
32,0,134,23
62,5,121,24
50,0,71,30
110,43,73,0
67,24,73,10
48,5,76,10
161,29,45,5
81,6,31,0
84,2,31,0
102,20,59,20
187,47,39,4
91,15,73,20
55,5,107,10
26,0,168,24
43,0,52,23
37,12,166,43
24,2,49,3
140,24,103,0
92,22,70,4
98,10,20,0
121,20,35,0
12,2,105,23
124,40,23,0
48,0,112,20
117,24,64,30
113,47,139,28
76,0,27,0
19,0,37,0
81,0,116,20
95,20,47,10
129,40,55,23
19,2,109,20
114,40,145,50
47,20,42,0
82,24,52,0
103,43,161,24
98,25,131,26
36,0,19,0
18,0,131,44
70,23,108,25
69,1,75,25
48,20,216,44
7,0,221,44
155,45,84,3
86,20,55,2
59,2,183,49
108,20,125,0
93,2,81,25
99,40,105,40
37,0,44,20
51,0,131,40
154,28,28,0
199,49,39,20
70,10,89,24
95,22,74,0
136,0,35,2
117,45,61,2
143,20,47,0
57,20,203,27
13,4,35,0
48,2,74,0
37,4,10,0
82,20,21,2
33,4,40,5
64,30,14,0
67,12,41,0
23,4,57,2
70,13,17,0
42,4,25,3
49,30,12,0
40,4,27,3
88,13,14,0
74,12,26,3
38,22,112,4
26,10,133,20
108,20,95,23
135,40,87,20
167,28,106,53
70,23,185,45
112,27,64,0
147,10,106,5
97,25,55,2
97,45,155,23
85,5,84,30
142,5,132,44
109,20,105,20
84,20,230,41
221,55,100,22
176,43,99,22
125,30,58,20
46,23,177,45
56,20,110,20
135,30,64,24
76,24,231,58
94,40,244,66
159,52,156,43
11,0,45,20
82,0,31,5
147,48,169,40
151,32,117,20
107,40,155,25
133,47,104,5
140,20,109,23
126,34,55,20
134,21,197,40
136,43,108,25
108,20,140,50
110,40,174,52
162,49,124,20
96,40,45,0
103,49,154,44
96,3,129,25
79,0,165,34
76,5,139,20
166,45,73,20
106,24,137,40
111,0,182,55
9,2,172,45
102,23,82,7
72,25,57,0
14,0,20,2
7,0,242,0
91,20,28,0
36,2,104,20
21,0,59,0
86,20,39,0
30,2,90,30
120,20,33,0
26,2,52,20
146,22,10,0
117,20,13,0
56,2,103,20
19,0,94,20
47,0,130,22
89,0,51,0
64,20,61,40
143,20,9,0
47,20,49,10
18,2,92,2
12,0,143,20
87,20,164,40
19,0,43,2
51,0,58,30
154,35,22,0
41,0,2,0
18,0,76,0
17,0,11,0
21,0,10,0
5,0,58,20
24,0,80,20
18,0,35,0
34,0,22,0
47,0,11,0
37,0,35,0
117,25,14,0
41,10,18,0
43,0,54,0
84,10,76,20
25,0,97,0
17,0,33,5
21,0,47,10
52,0,42,0
104,20,28,0
9,0,16,3
41,0,178,45
62,0,17,0
61,20,105,20
106,20,16,0
44,2,110,0
83,0,35,20
50,0,158,25
55,1,71,10
41,0,21,0
103,20,37,5
68,20,49,0
136,25,82,10
33,20,89,0
59,15,129,27
33,0,29,0
23,0,70,10
133,20,82,25
11,0,70,20
105,0,0,0
77,20,88,20
17,2,103,25
48,20,39,20
50,0,128,10
91,22,99,30
90,20,83,25
35,0,30,10
77,30,14,0
44,0,25,2
97,5,64,20
25,0,67,0
115,20,69,20
53,0,44,0
126,0,72,0
81,10,68,20
49,10,56,2
92,30,134,25
25,0,64,0
88,20,91,25
11,0,167,40
29,0,92,22
29,2,120,0
74,0,13,0
37,0,98,20
9,3,29,1
19,0,103,20
28,3,34,3
41,2,4,3
104,20,83,20
28,0,24,3
20,0,33,3
10,0,64,0
30,3,27,3
58,0,92,20
8,0,20,2
55,3,36,0
55,2,10,0
22,3,54,3
47,20,35,23
110,20,26,3
31,3,66,0
104,20,17,2
72,20,98,22
46,1,26,0
46,5,34,0
24,3,14,0
27,3,90,20
38,5,51,20
41,13,5,0
25,0,83,20
27,0,25,3
28,2,28,0
5,0,0,0
7,0,27,3
33,0,21,3
8,0,8,0
18,2,61,20
12,0,18,2
40,0,18,0
17,0,9,0
24,2,50,20
18,2,31,0
5,2,27,3
18,2,40,0
27,0,68,20
18,3,32,2
57,20,11,0
12,2,42,0
16,0,59,3
37,4,13,0
62,20,19,0
29,3,38,0
37,0,22,3
14,2,14,0
20,0,25,2
33,3,13,0
51,0,19,3
9,0,7,0
108,20,18,3
3,0,27,2
20,2,23,3
75,20,8,0
20,0,14,0
15,3,33,2
25,0,46,0
10,0,32,3
11,3,16,2
15,0,16,3
22,0,41,23
21,3,62,0
20,0,10,0
41,3,31,0
15,3,76,20
12,0,27,0
11,0,38,3
8,0,86,23
50,0,57,0
31,3,17,0
85,20,30,0
28,0,54,2
39,23,73,2
100,20,19,3
34,3,39,0
22,2,3,0
21,3,27,0
37,0,92,40
21,2,23,3
37,3,76,20
17,0,63,2
71,20,36,2
43,20,35,20
41,3,67,22
41,3,35,2
32,20,20,3
48,23,46,0
30,0,18,0
37,4,111,20
29,0,75,22
23,0,24,3
44,0,39,3
21,3,35,20
99,20,35,1
156,53,40,0
143,40,29,0
44,3,59,0
81,25,86,21
42,3,27,0
61,3,81,20
87,3,124,35
43,3,146,25
53,20,54,0
20,3,130,8
29,0,141,20
63,20,112,24
36,0,67,3
7,3,180,45
63,3,100,25
83,20,90,29
61,3,32,0
131,40,76,3
102,28,80,20
72,0,22,0
131,28,75,23
86,23,95,45
35,3,114,23
87,0,56,3
89,23,141,28
56,3,107,23
66,0,28,3
63,23,132,20
51,13,57,25
153,35,49,3
41,10,125,25
81,19,39,23
10,0,11,0
33,22,59,20
70,5,20,0
52,22,6,3
41,5,54,30
11,0,30,20
38,0,55,4
63,0,15,5
34,3,21,0
109,16,36,20
72,25,10,0
25,2,71,10
18,8,118,11
83,15,48,0
38,0,31,3
91,45,35,3
8,0,14,3
21,0,71,3
25,3,88,28
40,21,13,0
23,3,69,0
69,25,25,13
50,8,31,2
30,7,14,0
68,0,18,0
35,20,23,20
33,0,62,22
1,0,14,0
12,0,4,0
29,3,118,40
40,3,119,28
45,3,19,2
36,0,78,17
102,18,8,2
65,20,29,2
3,0,94,2
38,10,12,0
25,4,36,13
90,23,66,20
19,3,83,20
90,20,19,4
105,30,25,0
27,3,32,2
21,3,55,0
24,0,46,2
34,3,35,20
27,6,101,25
41,3,0,0
16,3,35,3
124,25,25,0
91,20,38,0
14,0,91,5
95,26,119,23
85,4,48,2
34,3,100,14
47,0,16,3
120,29,47,20
46,23,92,20
175,50,42,3
51,3,22,0
71,0,46,5
40,3,32,3
137,30,30,3
141,43,19,0
132,28,13,2
31,0,123,27
167,30,25,3
24,0,62,3
38,3,24,0
42,3,29,3
178,40,26,3
45,3,150,23
17,3,120,40
22,0,99,49
33,3,121,23
44,5,163,45
51,3,70,2
43,3,30,3
25,3,63,25
132,48,28,3
122,0,45,3
0,0,2,0
10,3,6,0
6,0,4,0
15,3,11,0
10,0,57,0
10,0,25,0
2,0,3,0
28,0,13,3
9,0,5,0
9,0,6,0
13,3,25,0
21,0,15,0
20,0,11,0
4,0,32,0
13,0,8,0
7,0,32,3
0,0,9,0
61,23,28,0
55,30,101,44
60,40,73,3
42,5,40,0
78,40,86,30
32,4,40,10
2,0,74,20
98,20,4,3
108,0,106,20
23,20,62,20
70,23,42,23
38,3,50,3
69,20,67,40
38,3,114,22
143,35,48,20
9,0,50,40
49,3,28,0
19,2,139,40
3,0,60,20
88,24,46,11
48,20,161,35
52,23,62,40
23,13,20,3
9,0,105,25
173,5,21,3
78,20,40,0
48,3,37,2
12,0,22,5
95,12,53,23
148,30,123,40
34,0,80,20
55,23,30,0
14,3,66,23
26,2,12,0
69,3,24,3
30,20,116,30
45,0,31,20
72,15,65,10
36,5,26,3
28,2,52,23
93,35,49,20
31,2,29,3
49,2,13,0
16,0,17,0
55,20,136,50
84,20,26,3
146,29,16,3
118,10,14,5
15,2,44,19
14,0,86,12
7,0,15,0
23,0,0,0
30,5,46,0
8,0,31,4
39,0,13,0
37,0,10,0
5,0,18,0
101,3,25,0
23,0,20,0
20,2,33,0
14,0,33,0
10,0,38,4
36,3,27,0
39,3,12,0
10,0,28,0
42,4,5,0
20,0,22,0
26,2,34,0
27,20,83,2
50,0,15,3
15,6,24,0
32,1,93,23
50,0,19,0
10,0,13,0
49,5,26,0
18,3,41,0
34,10,7,3
55,2,9,0
29,0,11,0
14,0,34,2
86,4,8,3
49,12,73,20
19,0,34,3
27,0,32,2
13,0,49,3
3,0,25,2
39,10,9,3
41,2,41,2
20,0,22,4
79,22,32,30
15,2,9,2
7,0,36,2
57,3,14,3
19,3,111,10
15,2,10,0
33,3,7,0
17,0,33,3
13,2,34,2
45,0,42,3
17,0,52,0
20,2,54,0
55,0,19,0
24,3,25,3
21,3,66,22
30,10,32,3
81,2,12,0
10,3,28,5
56,0,12,0
10,2,7,0
50,20,6,2
52,4,24,5
19,10,38,3
31,2,34,3
34,2,25,5
70,20,35,4
25,0,20,10
18,3,73,0
28,2,68,1
13,0,18,2
45,2,40,3
19,0,84,5
12,3,51,3
23,5,24,5
80,33,50,20
85,25,101,29
29,23,6,3
20,2,39,4
58,2,26,0
17,0,18,3
21,5,8,0
38,4,40,2
29,2,25,3
89,40,58,22
14,0,41,22
13,0,36,5
16,3,34,0
56,5,11,0
47,5,16,0
83,20,27,0
10,2,12,0
61,22,75,22
63,20,37,20
35,0,73,22
25,10,53,20
96,6,78,28
46,0,12,0
17,3,19,2
37,0,16,2
46,20,57,5
99,23,33,20
87,20,32,22
60,40,32,0
48,0,39,5
14,0,65,2
40,0,64,20
34,3,90,20
21,4,61,5
47,20,125,25
31,0,45,20
66,20,31,2
21,0,76,20
32,3,23,0
26,2,79,23
103,22,45,20
20,3,71,23
138,24,59,20
102,25,26,20
35,3,2,0
54,20,65,0
9,0,101,40
17,0,58,4
56,3,24,0
98,2,72,20
46,20,90,0
38,3,51,3
87,23,21,10
46,20,96,43
86,20,0,0
68,2,14,0
23,0,70,20
31,10,36,0
87,23,36,2
89,22,10,0
93,25,67,2
51,3,26,0
114,20,73,20
49,0,34,0
23,0,5,3
19,2,15,3
7,3,21,2
23,5,26,0
58,0,29,0
10,2,26,0
30,20,8,2
0,0,48,0
55,20,9,3
31,2,21,10
15,0,9,2
8,3,31,2
6,0,62,40
38,0,37,3
10,0,3,0
11,3,59,0
7,2,50,3
33,0,42,20
59,40,114,40
194,60,172,44
130,20,119,40
33,23,173,40
58,2,149,20
128,9,70,0
144,25,69,7
198,45,96,25
119,20,94,26
152,37,62,22
78,40,71,3
222,48,182,60
124,5,104,40
118,24,201,50
150,49,137,0
81,4,83,4
194,60,62,22
102,22,87,23
138,45,52,20
114,40,123,40
87,20,162,40
172,32,108,25
158,50,81,20
173,48,106,20
53,40,150,35
8,2,155,20
53,2,111,12
81,26,56,20
165,36,75,26
115,20,71,3
69,22,88,22
108,25,136,34
106,20,148,60
130,40,68,40
268,44,70,22
98,4,136,44
150,16,100,5
112,44,130,45
104,45,173,45
127,40,185,49
73,22,57,20
166,30,102,20
155,5,94,40
171,40,104,44
41,40,16,0
60,21,33,2
112,43,152,38
113,25,21,1
93,40,51,1
68,2,49,0
123,23,22,1
147,40,63,40
167,36,11,0
87,40,70,20
70,20,70,20
32,12,120,28
106,40,89,23
73,23,76,25
72,20,72,20
109,22,64,20
59,21,71,21
81,20,130,20
52,20,123,40
55,20,50,0
81,23,92,40
80,23,108,45
136,45,61,20
86,45,86,2
57,20,28,0
100,20,86,20
81,22,36,20
125,30,136,45
169,55,48,40
65,25,117,30
23,20,80,40
135,40,145,40
37,10,126,45
238,65,79,25
130,25,48,20
97,20,126,27
70,40,36,0
182,45,10,0
30,20,94,25
86,20,87,25
76,20,5,2
37,20,201,60
62,20,101,40
115,29,72,20
45,2,76,20
59,40,35,20
18,2,84,40
123,40,136,55
35,20,85,25
153,55,80,0
76,20,69,20
202,15,66,0
14,0,38,7
47,0,119,45
86,41,117,50
79,5,64,20
28,0,28,0
119,20,31,0
45,20,76,2
151,20,21,0
37,20,65,0
63,20,35,22
13,2,96,21
43,0,7,0
30,20,57,22
0,0,39,20
4,3,91,21
65,20,56,23
91,21,56,21
134,23,42,11
45,2,19,0
75,20,54,20
63,5,83,40
30,0,14,0
65,23,47,0
55,2,30,0
89,5,44,0
73,2,54,20
31,3,52,20
60,3,99,23
84,20,75,21
57,20,52,20
71,20,13,0
34,0,27,2
33,3,99,21
67,20,60,0
19,0,55,1
30,20,108,13
67,22,70,20
69,22,71,22
99,22,26,3
40,20,43,0
60,20,80,28
49,20,138,41
92,20,97,20
23,5,58,20
19,0,80,0
109,22,14,2
108,20,55,20
70,0,159,46
110,40,55,0
73,0,33,0
90,40,87,23
87,20,25,0
66,0,78,27
88,20,68,0
81,22,124,25
116,0,69,22
106,40,126,25
54,0,9,2
77,24,51,5
77,20,87,25
70,40,74,25
122,24,114,25
55,2,176,20
48,2,133,45
50,0,29,0
177,40,26,20
57,0,64,0
117,20,131,44
69,5,53,0
11,0,87,20
15,10,170,45
127,45,53,20
105,20,46,0
2,0,113,40
62,25,65,0
53,0,44,0
70,0,54,20
74,20,85,0
32,5,81,25
64,30,99,20
57,0,65,20
31,0,46,0
30,30,186,40
43,0,37,0
54,5,32,0
100,30,19,0
80,40,75,30
87,20,81,40
12,0,38,0
81,20,88,20
68,20,18,0
143,20,56,0
93,20,3,0
8,0,5,0
3,2,17,2
7,0,20,0
19,2,27,20
16,0,50,0
35,0,26,10
32,22,26,0
22,0,29,2
2,0,49,23
16,0,2,2
18,0,48,25
42,3,54,40
4,2,42,1
0,0,34,0
21,0,9,0
26,3,48,20
8,0,21,0
33,0,14,0
28,3,1,0
65,40,22,0
38,2,3,0
6,0,37,0
20,0,61,23
43,20,134,1
41,0,53,23
7,0,11,0
25,0,112,20
64,0,56,3
0,0,14,0
6,0,44,20
50,0,19,0
27,3,0,0
122,40,85,40
113,45,137,40
66,40,145,20
56,0,14,0
188,25,112,45
139,45,42,20
133,55,62,0
71,40,163,5
120,35,115,10
98,40,67,20
96,20,66,25
14,5,129,10
130,40,93,15
118,30,86,20
156,45,70,20
76,10,45,20
144,55,87,20
150,50,94,20
98,0,179,65
114,30,180,25
98,20,106,40
66,29,126,40
85,20,143,45
120,47,75,20
150,65,130,40
111,40,181,45
113,35,69,0
69,31,188,70
176,40,158,60
125,31,21,0
102,30,27,0
150,65,149,24
92,24,168,50
92,20,122,25
70,43,145,30
54,24,231,75
162,50,137,31
108,24,155,44
197,60,120,47
131,25,116,43
117,43,178,45
132,45,135,45
244,70,81,23
105,20,82,25
131,44,70,28
127,55,186,24
206,40,89,40
214,55,58,3
135,50,150,45
72,20,102,0
102,20,180,30
199,70,23,0
80,25,188,50
104,20,219,50
123,4,157,30
108,40,63,0
138,40,157,25
155,20,65,0
105,20,217,65
126,30,147,0
133,20,137,40
138,24,144,40
193,65,73,20
241,65,55,30
166,5,143,20
139,0,127,47
239,65,80,32
78,5,208,70
152,25,65,20
206,20,168,30
121,22,267,85
232,75,167,40
47,0,31,20
33,20,43,20
65,0,77,0
61,5,60,24
24,0,75,20
53,20,93,6
37,5,51,0
119,24,79,30
78,20,109,20
65,20,37,20
43,3,14,0
35,0,65,21
114,45,50,20
93,43,14,3
121,20,32,6
50,4,54,5
117,40,36,23
53,6,144,45
89,39,57,20
34,0,30,0
99,22,79,20
87,22,36,4
58,2,55,5
68,25,19,0
146,40,16,0
78,10,115,28
55,0,76,25
142,45,86,22
73,0,86,23
50,25,118,20
97,23,42,2
134,45,81,30
135,43,114,20
33,20,70,2
106,30,142,25
52,20,100,41
93,2,78,20
92,20,89,20
189,21,76,43
90,40,106,23
67,7,49,0
95,43,97,25
70,20,81,20
106,20,212,50
52,20,134,25
98,25,86,40
145,44,15,2
81,20,130,30
116,10,73,20
197,63,94,28
209,60,60,5
179,34,169,40
264,75,170,10
138,30,124,40
54,20,78,0
54,2,160,24
147,44,173,30
112,30,254,55
58,0,240,63
115,24,201,40
157,30,222,65
99,0,46,0
145,45,64,4
178,37,186,50
252,80,60,23
127,20,118,25
108,0,70,24
163,37,165,30
167,20,189,55
207,20,200,34
35,20,134,40
144,40,192,25
129,32,51,0
222,50,110,0
178,50,129,20
133,40,182,49
95,20,177,50
49,0,132,40
214,65,177,35
157,24,84,20
95,20,237,26
188,29,116,25
50,2,179,52
154,20,121,0
257,73,62,25
235,39,100,15
116,49,219,90
191,55,157,24
79,20,36,13
25,1,88,5
24,0,18,2
114,40,53,21
31,0,74,15
24,0,40,23
33,0,38,5
56,0,30,20
131,35,45,20
75,4,69,23
23,0,37,25
32,5,49,20
70,20,51,20
45,3,44,0
30,3,78,20
43,0,75,20
55,3,39,0
69,3,44,20
59,20,76,25
18,3,85,30
13,0,60,20
86,23,75,20
211,57,194,70
100,8,145,20
76,0,206,50
127,20,66,21
94,25,20,0
101,5,70,20
42,20,233,50
160,40,23,8
167,50,164,52
59,0,305,0
45,22,77,0
125,20,68,24
147,53,94,20
51,20,164,44
109,25,121,50
139,50,123,40
132,26,99,21
133,20,75,21
64,20,87,32
83,24,66,25
86,21,172,70
120,25,91,3
158,50,105,0
121,52,104,35
293,73,93,23
86,15,173,47
150,32,131,0
111,41,61,25
173,30,116,30
137,24,86,24
176,50,62,20
83,0,50,0
45,20,58,22
16,0,29,0
21,0,22,0
26,0,57,22
67,22,21,0
2,0,105,40
7,0,44,20
46,20,6,2
67,40,48,22
59,20,41,20
70,40,85,20
47,20,63,20
23,0,124,40
54,20,71,20
50,0,43,0
63,0,74,20
97,40,34,20
77,40,58,20
55,21,58,0
52,20,9,0
37,0,92,40
24,0,99,20
33,0,67,1
42,20,74,20
23,0,62,20
23,2,71,20
35,20,62,20
87,20,23,10
97,20,37,0
39,0,27,0
43,20,118,20
85,20,94,20
67,20,68,20
99,20,17,0
69,21,68,20
132,41,66,40
45,0,33,0
49,1,72,21
57,20,65,0
68,20,27,2
100,20,80,43
44,0,85,41
85,41,75,20
70,21,58,0
41,2,29,0
12,0,22,2
26,2,47,20
10,0,17,0
35,0,27,2
18,0,60,0
7,0,100,0
21,0,20,2
43,4,16,2
5,0,36,0
33,0,14,0
27,2,9,0
14,0,36,4
23,0,35,0
9,2,32,2
21,0,10,0
16,2,5,0
11,2,28,0
14,0,39,2
10,2,22,20
31,2,28,0
6,2,27,10
25,0,11,4
86,22,41,2
33,2,42,2
23,2,9,2
39,0,30,2
36,0,56,20
56,22,44,20
10,2,85,22
13,2,42,2
101,0,2,0
54,20,84,2
79,20,56,2
20,0,55,2
83,40,21,0
12,2,29,3
57,0,58,22
28,2,55,20
74,2,62,40
69,7,66,22
20,0,4,0
48,22,30,3
18,0,86,22
29,2,24,2
38,2,31,0
48,20,77,20
45,30,103,23
38,23,182,50
56,22,170,44
69,20,140,27
39,0,100,25
190,33,139,4
131,0,64,22
112,25,69,20
119,23,103,13
106,35,111,20
117,0,91,20
114,25,102,20
184,50,108,27
91,44,111,9
124,5,58,0
296,46,72,23
60,20,76,4
116,0,107,23
103,12,38,10
136,55,122,30
48,5,61,24
82,16,129,25
118,26,135,30
101,28,73,10
155,40,134,19
130,58,162,41
61,0,127,20
85,27,90,23
182,55,101,35
186,40,73,23
73,25,139,49
92,30,69,40
104,22,108,24
96,40,125,25
132,44,135,13
136,43,72,20
88,20,87,7
153,48,91,4
134,30,110,28
59,22,37,4
49,0,27,0
151,25,9,0
47,2,20,20
95,25,39,0
20,2,35,0
39,0,73,20
23,2,81,50
49,25,30,2
38,20,35,0
28,0,54,2
54,20,121,27
38,25,34,0
47,25,21,0
26,3,55,20
41,0,66,25
10,0,52,0
21,5,116,25
69,20,33,0
122,20,33,2
73,20,115,25
47,0,47,2
34,3,32,20
149,0,124,50
79,20,28,3
46,2,132,45
49,0,118,22
61,0,32,2
88,27,106,25
57,0,40,3
28,0,123,32
108,10,72,20
135,27,58,0
104,40,24,4
74,20,90,22
18,2,34,0
21,2,110,25
40,0,47,0
97,3,113,40
109,35,53,22
116,5,41,3
33,3,59,3
65,22,10,0
7,0,9,0
48,23,20,20
43,0,40,0
81,20,37,0
27,0,74,3
83,0,14,0
62,20,57,2
29,0,72,2
37,10,102,20
60,0,50,20
42,0,19,2
45,3,78,20
16,0,44,20
61,23,101,10
17,0,76,26
48,3,47,20
57,0,53,23
173,20,48,3
11,0,97,23
81,1,38,3
24,20,128,23
80,1,32,3
25,5,72,1
36,1,63,20
85,20,31,0
98,23,74,30
94,5,43,20
110,25,71,23
76,0,9,3
142,26,43,6
62,0,87,20
58,0,37,0
119,26,36,0
72,22,77,40
93,5,20,0
22,2,43,0
80,5,94,7
20,20,64,20
33,20,99,20
77,25,40,2
7,0,80,50
20,2,33,0
43,25,63,20
59,20,21,0
66,10,83,20
130,5,42,0
54,2,50,20
60,9,41,0
7,0,66,25
85,0,105,40
44,22,75,15
43,20,174,50
80,0,56,20
39,10,91,20
94,26,46,20
164,20,132,35
86,13,110,5
75,20,121,40
128,45,130,45
123,40,119,20
103,20,67,20
98,22,96,30
67,20,48,20
231,55,161,20
136,20,113,45
296,45,110,47
35,0,54,20
225,50,62,0
93,20,124,25
194,40,77,20
131,20,265,85
125,7,57,20
143,25,67,20
70,20,145,25
134,40,67,0
143,65,137,32
96,30,62,0
171,40,111,45
33,2,143,40
78,2,175,40
87,20,122,20
52,0,185,55
80,20,220,60
125,50,120,25
20,2,17,2
207,35,44,0
57,0,95,30
80,5,98,35
233,55,165,20
77,27,43,0
177,45,73,27
130,30,88,0
124,27,140,45
39,0,43,20
57,22,36,0
119,25,139,50
66,20,214,55
208,80,93,20
41,3,173,65
126,20,24,3
96,27,107,55
415,22,20,0
136,50,143,25
80,20,213,55
48,3,162,55
102,45,101,20
39,2,82,22
101,40,156,45
55,22,68,23
152,25,35,0
165,30,72,8
59,0,137,20
121,25,64,20
220,59,196,45
183,45,176,55
133,20,104,32
81,20,9,3
81,0,93,20
97,3,13,0
50,20,49,2
123,40,6,0
19,0,45,20
47,25,114,25
35,20,36,20
25,0,73,20
149,50,38,2
43,0,56,20
130,43,76,24
45,3,39,22
69,20,34,2
115,40,46,20
105,23,48,22
60,22,91,24
42,5,66,2
22,0,70,28
76,20,27,20
92,0,172,43
22,2,49,20
69,40,31,0
93,2,78,5
7,0,123,45
35,20,132,35
114,48,103,43
139,30,35,0
77,40,132,30
35,10,38,20
86,3,137,55
84,20,157,60
136,45,59,24
146,33,61,23
49,30,72,20
104,20,102,48
81,40,49,0
81,26,59,3
218,65,25,0
71,24,102,43
99,43,129,45
55,40,73,20
83,27,63,0
121,57,156,40
104,25,79,13
40,12,142,48
136,45,46,13
49,3,158,52
54,0,28,0
51,20,44,3
33,0,22,5
80,25,67,20
120,40,133,23
6,2,54,22
58,20,69,3
103,22,79,40
82,5,70,2
71,20,70,22
24,0,62,3
49,0,80,22
31,3,156,20
126,20,39,2
91,20,132,13
24,0,93,23
104,40,96,20
77,20,71,0
94,40,41,2
59,23,98,23
66,2,90,40
53,3,63,0
96,3,59,20
36,3,86,20
27,0,173,50
30,0,64,22
110,20,8,2
56,3,72,25
67,20,65,20
123,20,24,3
114,45,123,20
58,2,24,2
89,23,59,0
112,20,100,40
46,20,171,35
83,34,207,45
128,4,225,60
183,44,116,20
207,20,59,20
151,25,62,0
149,48,96,34
141,45,149,20
146,65,199,25
125,40,25,0
108,32,170,35
60,34,166,50
226,25,101,20
50,0,178,50
115,20,135,44
101,25,157,32
112,20,83,30
80,0,193,65
154,35,171,45
222,44,27,4
107,25,54,20
56,0,83,29
112,20,177,23
204,55,89,20
145,42,101,20
222,55,122,40
100,10,74,4
118,20,127,20
194,58,121,25
101,34,61,0
81,5,83,20
79,25,91,25
90,20,62,0
128,25,55,0
118,24,70,20
141,24,188,49
46,0,117,24
122,50,130,0
116,20,172,49
75,0,116,20
89,20,153,24
15,0,27,10
97,0,93,24
163,49,157,0
177,39,118,50
212,64,146,53
163,57,116,24
73,45,334,75
237,55,44,22
89,29,156,24
171,50,172,46
141,30,234,82
221,76,170,50
171,45,117,40
216,36,204,69
178,46,156,60
214,64,246,76
188,52,134,20
111,52,152,48
201,42,141,40
261,100,141,32
147,62,193,35
174,49,141,50
102,10,197,50
209,60,201,34
237,77,213,62
237,82,124,44
169,24,205,57
154,35,130,39
190,53,138,20
108,56,175,68
242,64,176,48
222,49,199,60
117,40,269,95
131,34,85,7
126,20,192,57
149,27,194,56
165,54,152,13
175,69,162,64
127,44,202,44
234,80,173,49
89,23,105,52
13,0,25,0
119,8,75,0
70,0,91,20
133,24,78,20
173,49,167,55
100,0,8,0
160,43,32,0
96,20,91,45
96,44,103,40
72,20,153,59
80,40,86,30
78,20,114,25
175,44,73,20
69,30,70,0
143,35,115,24
162,44,51,20
86,20,149,20
29,20,59,20
62,0,97,34
136,40,92,40
187,35,79,20
121,20,121,20
74,0,63,20
9,0,142,20
45,8,184,23
66,20,150,35
90,20,104,20
101,20,60,0
89,20,239,44
30,5,27,0
45,0,39,0
17,3,233,41
62,33,68,5
35,20,76,20
98,23,8,0
97,20,60,0
42,10,165,23
122,20,43,20
16,0,66,10
122,36,80,20
62,23,109,45
77,10,73,0
55,3,76,25
14,5,33,0
34,0,99,10
190,41,36,20
90,5,107,44
20,20,119,39
30,0,54,20
52,30,122,23
86,20,108,30
142,44,33,0
47,10,203,36
83,22,60,20
125,23,14,0
120,5,81,20
67,4,100,30
64,12,148,52
58,20,19,0
179,50,162,47
79,10,89,20
23,4,141,32
104,20,48,20
112,43,120,20
141,24,175,28
174,45,121,32
164,45,82,20
49,8,153,45
72,20,71,20
149,44,100,23
127,47,167,40
180,52,102,10
102,25,126,28
107,25,146,30
167,49,177,64
109,23,115,25
18,0,310,77
77,20,151,40
110,20,124,28
107,20,148,32
211,45,73,20
150,12,175,65
96,23,68,45
13,0,87,15
238,60,95,32
110,53,111,20
66,0,48,20
93,20,117,32
217,44,142,33
200,50,105,23
175,56,84,24
72,40,120,20
161,60,125,40
77,20,125,44
86,25,24,0
97,0,36,0
55,5,80,15
53,0,30,0
60,25,57,0
10,0,99,10
48,0,75,0
24,0,62,20
98,10,155,45
22,0,67,3
12,0,15,0
40,0,102,0
35,0,98,22
71,20,8,0
95,15,7,0
84,5,43,0
58,0,51,0
23,0,30,0
105,25,14,0
71,0,123,15
118,20,70,10
68,4,110,29
13,0,44,20
85,10,189,20
84,20,173,48
83,22,73,20
161,17,67,20
19,0,134,30
49,5,188,40
101,24,103,40
148,44,85,0
121,10,84,25
107,2,79,35
22,0,200,50
92,14,19,0
156,30,23,0
148,40,98,40
162,40,156,55
120,49,106,40
127,5,53,0
41,0,32,0
104,20,133,49
124,20,81,20
230,53,72,20
91,45,125,45
81,24,74,0
152,20,64,25
40,0,17,0
112,5,48,10
124,30,43,30
152,44,101,24
85,20,120,20
37,0,75,10
129,30,114,20
73,0,110,24
83,3,59,2
193,35,12,2
42,0,80,22
101,20,44,20
61,4,112,30
106,0,23,2
37,0,61,10
136,40,77,20
31,3,140,32
114,40,115,26
102,40,186,0
19,0,160,25
176,60,125,20
37,3,78,20
38,0,45,4
161,20,73,28
11,0,97,20
132,20,34,0
79,9,111,40
94,3,83,23
33,9,141,61
15,0,14,0
27,0,109,15
52,0,62,0
21,0,60,0
25,2,116,63
86,3,16,1
80,25,48,0
96,15,63,22
66,17,48,5
72,15,44,10
121,25,51,10
50,20,51,20
118,20,41,0
54,31,85,7
